dc:title,prism:publicationName,prism:coverDate,prism:volume,prism:issueIdentifier,prism:pageRange,prism:doi,subtype,subtypeDescription,citedby-count,eid,pubmed-id,openaccess,abstract,themes
Combined LFS and ConvLSTM to forecast marine heatwaves: a case study,Atmospheric and Oceanic Science Letters,2026-03-01,19,2,,10.1016/j.aosl.2025.100690,ar,Article,0,2-s2.0-105012745219,,1,"Marine heatwaves (MHWs) in the South China Sea (SCS) significantly impact marine ecosystems and socioeconomic development, yet accurately forecasting MHWs remains a challenge. This study developed an upper-ocean temperature forecasting model based on ConvLSTM for the northern SCS and, in conjunction with the ocean forecasting system LICOM Forecast System (LFS), constructed a hybrid Fusion model using Wasserstein-Distance optimization. The ability of these three models to forecast key MHW metrics with a 10-day lead was assessed during the summer of 2022 in the SCS. Overall, the Fusion model takes advantage of LFS and ConvLSTM, providing superior forecasts for both the duration and intensity of MHWs in the southern SCS. LFS (ConvLSTM) overestimates (underestimates) the duration of MHWs and all models exhibit limitations in forecasting the intensity of MHWs in part of the SCS. The Fusion model's superior forecast skill for MHWs may be attributable to its more realistic representation of the upper-ocean thermal structure with shallower mixed-layer depths during MHWs. This study highlights that combining the deep learning technique with a dynamical model can improve MHW forecasting and has certain physical interpretability. 摘要 海洋热浪 (MHW) 严重威胁中国南海生态与经济, 亟需提高MHW预测能力. 本研究基于海洋再分析资料, 利用ConvLSTM构建上层海温深度学习预报模型, 并与LICOM海洋环境预报系统 (LFS) 融合, 建立订正模型 (Fusion). 评估ConvLSTM, LFS和Fusion对2022年南海夏季MHW持续时间和平均强度的预报技巧表明: 1) Fusion技巧最优; 2) LFS系统性高估, ConvLSTM系统性低估MHW持续时间; 3) 三个模型对部分海域的MHW平均强度预报存在局限. Fusion较高的MHW预报技巧可能与更合理的上层温度垂直结构有关. 本研究表明, 融合深度学习与动力模式可有效改进南海MHW预报, 并具物理可解释性.",
Back-to-back triggering of tropical cyclones during extreme positive IOD event in the Arabian Sea,Climate Dynamics,2026-02-01,64,2,,10.1007/s00382-025-07993-1,ar,Article,0,2-s2.0-105026861705,,0,"Ocean-atmospheric interactions are known to be crucial for the prediction of genesis and intensification of tropical cyclones (TCs). The TCs are the most catastrophic natural disasters threatening livelihood and socioeconomy, which are abruptly altered by regional climate variability. The present study investigates the cascading impacts of an extreme positive Indian Ocean Dipole (PIOD) event of 2019 on the severity and frequency of TCs and marine heatwaves (MHWs) in the Arabian Sea. During the extreme PIOD phase, anomalous easterly winds enhanced SST zonal gradients in the tropical Indian Ocean, triggering a downwelling equatorial Kelvin wave, which was further intensified by the reflection of Rossby wave from the African coast, thereby contributing to increased MHWs and TC activity. This study highlights that the Arabian Sea in 2019 experienced an anomalously high SST, marking the first historical record by exceeding its dipole mode index value of 2.1 °C; subsequently attributed to high MHW frequency (9 events) and five TC occurrences. A prolonged occurrence of surface and subsurface MHWs is observed prior to the TCs. The vertical coupling between surface and subsurface MHWs regulates the thermal structure of the upper ocean and, in turn, modulates TC activity in the Arabian Sea. Furthermore, a bimodal pattern of subsurface MHWs with pronounced warm anomalies was observed during the pre-monsoon (March-May) and post-monsoon (October-December) periods, indicating two distinct phases of subsurface heat accumulation and persistence in the Arabian Sea. The decreased vertical wind shear and low-level jet are favorable for the prolonged sustenance of MHWs and TC activity during the onset of monsoon. The findings provide insights into the synergistic interplay of extreme PIOD event associated MHW, TCs, and their implications for regional climate variability during 2019.","4,5,10,13"
Marine Heatwaves Enable High-Latitude Maintenance of Super Typhoons: The Role of Deep Ocean Stratification and Cold-Wake Mitigation,Journal of Marine Science and Engineering,2026-01-01,14,2,,10.3390/jmse14020191,ar,Article,0,2-s2.0-105028580344,,1,"Tropical cyclones typically weaken rapidly during poleward propagation due to decreasing sea surface temperatures and increasing vertical wind shear. Super Typhoon Oscar (1995) deviated from this pattern by maintaining Category-5 intensity at an anomalously high latitude. This study investigates the oceanic mechanisms driving this resilience by integrating satellite SST data with atmospheric (ERA5) and oceanic (HYCOM) reanalysis products. Our analysis shows that the storm track intersected a persistent marine heatwave (MHW) characterized by a deep thermal anomaly extending to approximately 150 m. This elevated heat content formed a strong stratification barrier at the base of the mixed layer (~32 m) that prevented the typical entrainment of cold thermocline water. Instead, storm-induced turbulence mixed warm subsurface water upward to effectively mitigate the negative cold-wake feedback. This process sustained extreme upward enthalpy fluxes exceeding 210 W m−2 and generated a regime of thermodynamic compensation that enabled the storm to maintain its structure despite an unfavorable atmospheric environment with moderate-to-strong vertical wind shear (15–20 m s−1). These results indicate that the three-dimensional ocean structure acts as a more reliable predictor of typhoon intensity than SST alone in regions affected by MHWs. As MHWs deepen under climate warming, this cold-wake mitigation mechanism is likely to become a significant factor influencing future high-latitude cyclone hazards.","3,4,5"
Increasing bottom marine heatwaves pose a critical risk to Mediterranean benthic species,Cell Reports Sustainability,2026-01-01,,,,10.1016/j.crsus.2025.100610,ar,Article,0,2-s2.0-105028414224,,1,"Marine heatwaves (MHWs) are extreme ocean temperature events broadly affecting marine ecosystems. The Mediterranean Sea has faced severe impacts from increasing MHWs in recent decades. Utilizing daily projected subsurface temperatures, we assess the exposure of Mediterranean threatened benthic species to bottom MHWs (BMHWs). Our results report that over 90% of threatened benthic species’ habitats will experience 150–300 BMHW days annually throughout the 21st century, with 83% exposed to extreme BMHWs. Under near-present conditions, longer BMHW durations occur in deeper waters. By 2070–2099, BMHW durations are projected to increase, with extreme events affecting benthic species at all depths year-round. Notably, Cnidaria, Crustacea, and Echinodermata are projected to face high exposure, with substantial portions of their current and future distributions falling within the highest BMHW categories. Our projections align with historical mass mortality events, highlighting the need for targeted conservation strategies to mitigate BMHW impacts on Mediterranean benthic species.","3,7,11"
A Physics-Guided Hierarchical Transformer Framework for Sea Surface Temperature Forecasting and Marine Heatwave Detection,IEEE Geoscience and Remote Sensing Letters,2026-01-01,23,,,10.1109/LGRS.2025.3643727,ar,Article,0,2-s2.0-105024801867,,0,"The accurate forecasting of sea surface temperature (SST) and early detection of marine heatwaves (MHWs) are critical yet challenging due to the complex, nonlinear, and multiscale dynamics of the ocean-atmosphere system. To address this, we propose a novel physics-guided hierarchical transformer framework that integrates deep spatiotemporal learning with physical constraints. The architecture employs a U-shaped encoder-decoder with a temporal-spatial predictor (TSP) module. Crucially, it incorporates a physics-constrained branch grounded in the mixed-layer heat budget equation, enhancing physical consistency and interpretability. A data-driven residual compensation mechanism is further utilized to adaptively fuse physically derived predictions with dynamic corrections via a learnable weighting scheme. This dual-stream design enables robust multistep rolling forecasting, accurately capturing both gradual SST variations and abrupt MHW events. Extensive experiments on high-resolution datasets demonstrate that our model significantly outperforms the state-of-the-art baselines, including ConvLSTM, DeepONet, FNO, and hybrid models. These results highlight the framework's capacity to bridge physical oceanography with modern AI, offering a robust tool for operational forecasting and climate risk assessment.","2,12,15"
Decadal changes in California's temperate mesophotic reef invertebrate community through the 2014–2016 northeast Pacific marine heatwave,Marine Environmental Research,2026-01-01,213,,,10.1016/j.marenvres.2025.107644,ar,Article,0,2-s2.0-105020783290,41197372,1,"The 2014–2016 northeast Pacific marine heatwave (MHW) disrupted marine ecosystems in California, with well-documented impacts on kelp reef ecosystems, and deep reef fish assemblages. However, no studies have assessed the direct or indirect impacts on sessile benthic reef invertebrates inhabiting mesophotic rocky reefs (>30 m deep), despite their critical role in biodiversity and ecosystem function. Given that much of California's rocky reefs lie within mesophotic depths, understanding their responses to climate-driven disturbances is a high priority. Using remote operated vehicles surveys conducted from 2005 to 2021 across marine protected areas (MPAs) and habitat-matched reference sites, we quantified changes in sessile invertebrate abundance, both independently and in relation to urchin presence, during and after the MHW. Community responses varied across a five-degree latitudinal gradient (33.87°- 38.97°N), with no consistent differences attributable to MPA designation. Sponges and California hydrocorals increased regionally, while red and purple gorgonians, elephant ear tunicates, and sea whips declined during the MHW and remained suppressed five years later. Although surface warming reached mesophotic depths at some sites, temperatures remained within typical ranges, suggesting the MHW event may not be the primary driver of the observed changes. Instead, broader ecosystem perturbations likely facilitated red sea urchin expansion into mesophotic depths from 2015 onwards. Their presence was associated with declines in several species, representing a potential indirect pathway through which this climate disturbance affects mesophotic assemblages. These findings highlight the need for depth-resolved monitoring to assess changes in this understudied ecosystem and to identify mesophotic refugia at thermally stable sites.","7,11,14"
Subsurface Marine Heatwaves Intensity Projected to Decrease in the Caribbean Sea Under RCP8.5,Geophysical Research Letters,2025-12-16,52,23,,10.1029/2025GL117730,ar,Article,0,2-s2.0-105023189938,,1,"Marine heatwaves (MHWs)—extreme ocean temperature anomalies—are increasing in frequency and intensity globally, yet their vertical structure and drivers remain underexplored in the Caribbean Sea (CS), a region of critical ecological and socioeconomic importance. Using high resolution climate model simulations and reanalysis fields, we show that MHW intensity in the CS peaks in the subsurface, where vertical gradients of temperature are stronger, and that MHWs are associated with the passage of Rossby waves. Projections under the RCP8.5 scenario reveal that while the ocean continues to warm to the end of the century, subsurface MHW intensity weakens. This decline is associated with a weaker thermocline, reduced ocean currents and eddy kinetic energy, and less energetic Rossby waves. Reducing uncertainties in climate projections will be essential to improve our understanding of how marine heat extremes may evolve and affect Caribbean ecosystems.","3,4,5,10"
Vertical structure of subsurface marine heatwaves in a shallow nearshore upwelling system,Scientific Reports,2025-12-01,15,1,,10.1038/s41598-025-90565-4,ar,Article,5,2-s2.0-85218700246,39984585,1,"Marine heatwaves (MHWs) are increasing in frequency and intensity globally and are among the greatest threats to marine ecosystems. However, limited studies have characterized subsurface MHWs, particularly in shallow waters. We utilized nearly two decades of full water-column (~ 10 m) observations from a unique automated profiler in central California to characterize, for the first time, the vertical structure of MHWs in a shallow nearshore upwelling system. We found MHWs have similar average durations and intensities across all depths, but there were ~ 17% more bottom MHW days than surface MHW days. Nearly one third of bottom MHWs occurred independently of surface MHWs, indicating that satellites miss a significant fraction of events. MHWs showed distinct seasonality with more frequent and intense events during the fall/winter when weak stratification allowed for MHWs to occupy a larger portion of the water column and persist longer. During summer, strong stratification limited the vertical extent of MHWs, leading to surface- and bottom-trapped events with shorter durations and intensities. Additionally, MHW initiation and termination across depths was consistently linked to anomalously low and high coastal upwelling, respectively. This study highlights the need for expansion of subsurface monitoring of MHWs globally amid a warming planet.","3,4,13"
Gene content of seawater microbes is a strong predictor of water chemistry across the Great Barrier Reef,Microbiome,2025-12-01,13,1,,10.1186/s40168-024-01972-0,ar,Article,3,2-s2.0-85216048537,39819379,1,"Background: Seawater microbes (bacteria and archaea) play essential roles in coral reefs by facilitating nutrient cycling, energy transfer, and overall reef ecosystem functioning. However, environmental disturbances such as degraded water quality and marine heatwaves, can impact these vital functions as seawater microbial communities experience notable shifts in composition and function when exposed to stressors. This sensitivity highlights the potential of seawater microbes to be used as indicators of reef health. Microbial indicator analysis has centered around measuring the taxonomic composition of seawater microbial communities, but this can obscure heterogeneity of gene content between taxonomically similar microbes, and thus, microbial functional genes have been hypothesized to have more scope for predictive potential, though empirical validation for this hypothesis is still pending. Using a metagenomics study framework, we establish a functional baseline of seawater microbiomes across offshore Great Barrier Reef (GBR) sites to compare the diagnostic value between taxonomic and functional information in inferring continuous physico-chemical metrics in the surrounding reef. Results: Integrating gene-centric metagenomics analyses with 17 physico-chemical variables (temperature, salinity, and particulate and dissolved nutrients) across 48 reefs revealed that associations between microbial functions and environmental parameters were twice as stable compared to taxonomy-environment associations. Distinct seasonal variations in surface water chemistry were observed, with nutrient concentrations up to threefold higher during austral summer, explained by enhanced production of particulate organic matter (POM) by photoautotrophic picocyanobacteria, primarily Synechococcus. In contrast, nutrient levels were lower in winter, and POM production was also attributed to Prochlorococcus. Additionally, heterotrophic microbes (e.g., Rhodospirillaceae, Burkholderiaceae, Flavobacteriaceae, and Rhodobacteraceae) were enriched in reefs with elevated dissolved organic carbon (DOC) and phytoplankton-derived POM, encoding functional genes related to membrane transport, sugar utilization, and energy metabolism. These microbes likely contribute to the coral reef microbial loop by capturing and recycling nutrients derived from Synechococcus and Prochlorococcus, ultimately transferring nutrients from picocyanobacterial primary producers to higher trophic levels. Conclusion: This study reveals that functional information in reef-associated seawater microbes more robustly associates with physico-chemical variables than taxonomic data, highlighting the importance of incorporating microbial function in reef monitoring initiatives. Our integrative approach to mine for stable seawater microbial biomarkers can be expanded to include additional continuous metrics of reef health (e.g., benthic cover of corals and macroalgae, fish counts/biomass) and may be applicable to other large-scale reef metagenomics datasets beyond the GBR. D4ZFkyo-_x3xtsAViMg6HSVideo Abstract","7,8,11"
Analysis of the November 2023 to March 2024 Marine Heatwave in the Java Sea Using Satellite and Profiling Floats Data,Korean Journal of Remote Sensing,2025-12-01,41,6,1189-1205,10.7780/kjrs.2025.41.6.19,ar,Article,0,2-s2.0-105027539797,,1,"The impacts of ongoing global warming and climate change are increasingly evident, with marine heatwaves (MHWs) representing one of the most critical oceanic responses. MHWs are becoming a significant threat to marine ecosystems and coastal livelihoods, not only through direct impacts on fisheries but also by altering regional weather patterns and increasing the risk of extreme events. This study investigates the long-term characteristics and driving mechanisms of MHWs in the Java Sea, a shallow sea within the Indonesian archipelago, with a specific case study on the 2023-2024 event. Analysis of 42 years using the Operational Sea Surface Temperature and Ice Analysis (OSTIA) satellite data from 1982 to 2024 revealed 69 MHW events, with a significantly increasing trend in their annual frequency and cumulative days. The major MHW event of November 2023-March 2024 occurred under the combined influence of a strong El Niño and a positive Indian Ocean Dipole (IOD). These large-scale modes suppressed the regional monsoon, resulting in weakened surface winds and a significant net heat flux surplus into the ocean. Concurrently, active Madden Jullian Oscillation (MJO) during the MHW led to the formation of a barrier layer that acted as an efficient subsurface heat trap. Subsurface analysis using profiling float data confirmed that this warming was not a mere surface phenomenon, penetrating to depths of 40-70 meters and being exacerbated by the formation of this heat-trapping barrier layer. These findings highlight the complex interplay of multi-scale climate drivers in generating extreme oceanic events in the Indonesian seas.","2,3,4,5,10"
Strong impact of tropical cyclones on the genesis of subsurface marine heatwaves,Communications Earth and Environment,2025-12-01,6,1,,10.1038/s43247-025-02992-w,ar,Article,0,2-s2.0-105026215695,,1,"Subsurface marine heatwaves are newly recognized extreme ocean events with profound impacts on global marine ecosystems. Previous studies have linked their formation to downwelling favorable surface winds, warm ocean eddies, and planetary waves, yet whether other potential drivers of these heatwaves exist remains unclear. The tropical cyclones are well known to induce a pronounced warming in the subsurface. Here, we show that the induced warming can efficiently trigger subsurface marine heatwaves. It is shown from an ocean reanalysis that such warming reaches the heatwave threshold at least once along the tropical cyclone life cycle for 79.4% of the tropical cyclones. Tropical cyclone-induced heatwaves thus account for up to 40.0% of the heatwaves in cyclone-active regions. The area and intensity of tropical cyclone-induced heatwaves have increased over the past two decades, likely due to the steady warming of subsurface temperatures.","3,4,5"
Persistent Geographic Patterns of Coral Recruitment in Hawaiʻi,Oceans,2025-12-01,6,4,,10.3390/oceans6040080,ar,Article,0,2-s2.0-105026149594,,1,"Coral life cycle dynamics are poorly understood in most reefs, especially at the large geographic scales commensurate with ocean transport, genetic flow, and other synoptic scale processes. We present a spatially explicit, large-scale, and multi-temporal study of coral settlement along a 30 km long reef system in the Southwest portion of Hawaiʻi Island. Here, we focused on interannual variability in coral recruitment from 2021 to 2024, a period without a major marine heatwave. We used stratified random site selection to place 320 coral settlement tiles at 32 sites (10 tiles per site) at 10 ± 3 m water depth annually to monitor recruitment of the three most common coral genera found in the region (Montipora, Pocillopora, Porites). Site-level interannual variability in coral recruitment was high yet the overall geographic distribution of recruits was consistent through time. This occurred despite a decrease in benthic temperature and recruitment rates during the study period. Persistent geographic patterns in coral recruitment strengthen our understanding of mechanisms and conditions that drive reef resilience. They also strongly suggest a need to protect areas of high recruitment while studying drivers of low recruitment in contrasting habitats. This approach will further increase support of coral production in an era of climate- and coastal pollution-driven declines in coral reefs.","8,11"
Heatwaves Affect the Gonadal Maturation of the Sea Urchin Paracentrotus lividus,Journal of Marine Science and Engineering,2025-12-01,13,12,,10.3390/jmse13122293,ar,Article,0,2-s2.0-105025808154,,1,"Climate-induced ocean warming poses a major threat to marine invertebrate reproduction, including the sea urchin Paracentrotus lividus, a species of considerable ecological, economic, and scientific interest. Its gonads, highly valued as a culinary delicacy, support local fisheries and aquaculture industries, making reproductive health a critical factor for both conservation and commercial viability. The present study reported the effects of elevated seawater temperatures, mimicking marine heatwave (MHW) conditions, on gonadal maturation and fertilization success on P. lividus. Here, adult specimens at the mature stage of gametogenesis were exposed to control (18 °C) and elevated temperature regimes (24 °C) over a six-week period, and key reproductive metrics were assessed, including histological analysis. Morphological analysis showed very evident gonadal retraction, nearly devoid of germ cells, both for males and females, with a significant decrease in the gonadal index. In addition, histological analysis revealed consistent damage to the gonads, with a significantly increase in histopathological index in specimens kept at 24 °C. These findings reinforce the temperature sensitivity of P. lividus reproduction, suggesting that recurrent heatwaves could severely impair its reproductive output and population dynamics with potential cascading effects on benthic community structure in a long-term ocean warming predicted to intensify.","7,8,11"
Stunted canopy: Marine forests under the thermal effluent of a nuclear power plant,Journal of Phycology,2025-12-01,61,6,1884-1894,10.1111/jpy.70113,ar,Article,0,2-s2.0-105023682617,41328748,1,"It has been well established that warming beyond certain thresholds can negatively affect the growth of canopy-forming macroalgae. However, most studies evaluating these effects have been conducted under controlled laboratory conditions. Observational studies investigating the impact of extreme temperatures on growth rates have been rare and typically limited to events such as marine heatwaves or areas affected by thermal pollution. The decline in vertical growth could be detrimental to the development and recovery of macroalgal canopies, significantly impacting habitat complexity. This study examined spatiotemporal variations in thallus height and vertical growth rates of benthic Sargassum species near the Brazilian Nuclear Power Station (BNPS). Samples were collected from sites exposed and unexposed to the thermal effluent of the BNPS, across different periods. Throughout the sampling periods, sites exposed to the thermal effluent consistently exhibited lower vertical growth rates than unexposed sites. Reduced thallus height was also observed at impacted sites during the first sampling period, whereas in the second period, this stunted canopy was observed only at the site closest to the thermal effluent outfall. This decline in vertical growth could reduce habitat complexity, potentially altering the structure of shallow rocky macroalgal communities. Even acknowledging the limitations in establishing cause–effect relationships in in situ studies, these results can provide important insights into the potential effects of warming on shallow, rocky-bottom communities and may offer valuable guidance for managing and monitoring Sargassum populations in the face of thermal pollution and global climate change.","3,7,9"
Vertical structure of chlorophyll-a during marine heatwaves in the California Current Ecosystem,Communications Earth and Environment,2025-12-01,6,1,,10.1038/s43247-025-02835-8,ar,Article,0,2-s2.0-105022606701,,1,"In the past decades, the California Current Ecosystem has experienced intense marine heatwaves, which have induced significant disruptions to local phytoplankton communities. Here, using 30-year cruise observations, we identify a previously undocumented vertical structure in chlorophyll-a concentration response to marine heatwaves, characterized by reductions in the surface layer coupled with increases in the subsurface. By integrating observations and coupled physical-biogeochemical model products, we demonstrate that declines of surface chlorophyll-a are primarily attributed to suppressed nutrient upwelled to the upper ocean. Although surface irradiance increased modestly (+3.5%), light availability in the subsurface layer improved substantially (+21.7%) due to reduced phytoplankton shading at the surface. Concurrent with enhanced lateral nutrient transport, phytoplankton growth at depth was promoted during heatwave events. This study highlights the pivotal role of subsurface phytoplankton dynamics in shaping the vertical chlorophyll-a concentration structure and its variability under extreme events.","3,4,7"
Vertical transitions of marine heatwaves influenced by seasonally varying atmospheric forcing and coastal upwelling system,Communications Earth and Environment,2025-12-01,6,1,,10.1038/s43247-025-02853-6,ar,Article,0,2-s2.0-105022080977,,1,"Under ongoing global warming, global coastal upwelling systems are increasingly recognized as potential thermal refugia from marine heatwaves, owing to their ability to transport colder subsurface water to the surface. Here we hypothesized that the upwelling (downwelling) concurrent with marine heatwaves would restrict (deepen) their maximum depth. Mixed-layer heat budget analyses using satellite and reanalysis datasets revealed an intrinsic connection between the seasonally varying upwelling system and marine heatwaves over the Greater Bay Area of China. Notably, upwelling driven by local monsoons and coastal topography appears to limit the vertical extent of marine heatwaves, modulating transitions between surface and subsurface events. Our findings provide a distinct perspective on the role of coastal upwelling in shaping the vertical structure of marine heatwaves. While upwelling regions may still serve as thermal refugia under continued warming, their buffering effect is likely more pronounced for subsurface or bottom marine heatwaves than for surface events.","3,4,13"
Geographically-dependent coastal marine heatwaves: Insights from coastal seas around a semi-enclosed bay,Advances in Climate Change Research,2025-12-01,16,6,1191-1205,10.1016/j.accre.2025.09.012,ar,Article,0,2-s2.0-105021028597,,1,"Coastal seas connecting the open ocean and land are highly impacted by local terrestrial weather and climate systems. However, there is a lack of research focus on the distinct coastal geographical features, which may locally contribute to the spatiotemporal pattern and associated drivers of coastal marine heatwaves (MHWs). MHW metrics defined using the Climate Change Initiative Sea Surface Temperature (SST) dataset during 1981–2020, including event-averaged cumulative intensity, duration and frequency, show significant spatial correlations (|R| > 0.92) with each other at Shark Bay, Western Australia, which also have distinct high correlations (R > 0.73) with bathymetry. Mixed-layer heat budget analyses using the Bluelink ReANalysis (BRAN2020), analogues to the interpretation of results from a simplified atmospheric-forced experiment, further confirm the possibly nonnegligible contribution of geographical features to the warming and cooling effects caused by atmospheric and oceanic drivers during the onset and decline phase of major events. All major events illustrate a constrained contribution of the entrainment process over bay-entrance areas (<0.01 °C/d). Events in the out-bay (bathymetry > 25 m) and bay-entrance (bathymetry ≤ 25 m) areas experience different magnitudes of net cooling or net warming effects of horizontal advection and mixing processes. By evaluating the geographically separated MHWs over the last 40 years, it was found that MHWs over the shallow in-bay areas are typically frequent (approximately once per year) but less intense and short, while events in the deep out-bay areas are less frequent (approximately interannual) but more intense and prolonged when concurrent with anomalous ENSO-sensitive warm water advection. We suggested that a global assessment of these differences is necessary to identify qualified coastal seas associated with higher resilience to sudden and prolonged ocean warming.","2,4,10,11"
Octocoral dynamics over a decade on Florida’s coral reef,Scientific Reports,2025-12-01,15,1,,10.1038/s41598-025-21610-5,ar,Article,0,2-s2.0-105020355696,41152329,1,"In recent decades, studies have documented increased octocoral cover and density on western Atlantic reefs, suggesting their potential to thrive in areas once dominated by scleractinians. On Florida’s Coral Reef (FCR), octocorals are among the most abundant benthic taxa, and octocoral cover has demonstrated resilience, despite frequent acute disturbances that have decimated scleractinian populations. While octocoral cover is an important metric, particularly when assessing broad patterns, it overlooks key demographic processes, such as recruitment and survival, that underpin resilience. This study explored the spatiotemporal trends in arborescent octocorals across FCR using three metrics: percent cover, density, and the recruit density of target species. Using a long-term dataset across FCR from 2013 to 2023, generalized mixed-effects models revealed that temporal variations occurred predominantly at regional habitat scales. Octocoral cover declined slightly in most habitats from 2013 to 2023 (1.67% overall), but density increased overall by 33.7%, indicating a shift in the community composition due to several disturbances during the study period. Recruit density surged in the latter half of the study, leading to an increase in density in some habitats that surpassed pre-disturbance levels. Even though octocoral density was quickly restored by abundant recruitment after these disturbances, successive years of growth and survival were still needed to attain a percent cover equal to pre-disturbance values. Marine heatwaves in 2014 and 2015 had minimal impacts on octocoral cover or density, whereas Hurricane Irma (2017) caused significant region-wide declines in both metrics. The combined effects of Hurricane Ian (2022) and the onset of the 2023 marine heatwave likely drove significant declines in cover and density of octocorals in the Florida Keys and Dry Tortugas at the end of the study period. These findings suggest that some species of octocorals demonstrate a remarkable resilience, with populations recovering rapidly through recruitment following acute disturbances across FCR habitats. This multi-metric approach provides a comprehensive framework for understanding octocoral dynamics and their responses to environmental stressors on FCR.","7,8,9,11"
Marine heatwaves modulate food webs and carbon transport processes,Nature Communications,2025-12-01,16,1,,10.1038/s41467-025-63605-w,ar,Article,0,2-s2.0-105017931478,41053120,1,"Marine heatwave (MHW) impacts on ecosystem functions and services remain poorly constrained due to limited time-resolved datasets integrating physical, chemical, and biological parameters at relevant scales. Here we show that combining over a decade of autonomous Biogeochemical (BGC)-Argo float measurements with water-column plankton community profiles reveals the impacts of MHWs on particulate organic carbon (POC) production, transformation, and transport in the northeastern subarctic Pacific Ocean. POC concentrations are exceptionally high during the 2015 and 2019 MHWs, linked to detritus enrichment and shifts in plankton community structure. Instead of being rapidly exported to depth, particles <100 µm accumulate in mesopelagic waters, where slow remineralization over the year reduces deep particle flux and carbon sequestration potential. This enhancement is absent in the 2014 and 2020 MHWs, underscoring variability in ecosystem responses to extreme events. These findings highlight the need for sustained, multi-platform observations to assess and predict carbon-cycle responses to thermal extremes.","7,11"
Machine learning techniques for marine heatwave prediction: a comprehensive review,Intelligent Marine Technology and Systems,2025-12-01,3,1,,10.1007/s44295-025-00076-1,re,Review,1,2-s2.0-105017478267,,1,"Marine ecosystems and coastal economies are seriously threatened by marine heatwaves (MHWs), which are defined as extended periods of abnormally high sea surface temperatures (SSTs). Accurate and early MHW forecasting has become essential because climate change has increased the frequency and severity of such phenomena. In this review, we examine the application of traditional machine learning (ML) and deep learning (DL) methods for MHW detection and prediction. Specifically, we investigate the algorithms (neural networks, ensemble methods, and hybrid architectures) as well as the input variables, datasets, and evaluation metrics employed. Additionally, we review previous studies conducted on different ocean basins to highlight regional patterns and model transferability. Furthermore, we identify the emerging trends in DL, such as the use of explainable artificial intelligence and physics-guided learning for MHW prediction, and outline key challenges and limitations. Finally, we discuss future directions for improving the accuracy, generalization, and interpretability of MHW forecasting systems.","12,15"
Spatiotemporal patterns of marine heatwaves in the Southern Ocean and their role in air-sea interaction,Journal of Marine Systems,2025-12-01,252,,,10.1016/j.jmarsys.2025.104141,ar,Article,0,2-s2.0-105017430373,,0,"Marine heatwaves (MHWs) are extended periods of abnormally warm ocean conditions in which temperature exceeds the 90th percentile threshold limit. While prior studies have mainly focused on regional trends, the Southern Ocean, particularly around Antarctica, has been relatively understudied despite experiencing considerable warming in recent decades. This study investigates MHWs in the Southern Ocean from 1982 to 2022, highlighting significant spatial and temporal variations in their frequency, intensity, and days. MHWs were found to be more frequent (0.4 events per decade) and intense north of 65°S, especially during the summer, with a marked rise in occurrence after 2008, coinciding with anthropogenic climate change and increasing sea surface temperatures (SST). The study also identifies the influence of climate patterns such as El Niño and the Indian Ocean Dipole (IOD) on MHWs intensity and frequency, particularly in the Ross Sea during spring and autumn. We analyzed the atmospheric impacts of significant MHWs in 2013. The 2013 MHW event serves as a key example of extreme subsurface warming, where temperatures reached 6.2 °C at 120 m depth, significantly increasing the region's heat content. This highlights how MHWs can transmit heat vertically, impacting both surface and deep ocean layers. The findings emphasize the complex interactions between ocean dynamics, and atmospheric conditions in determining MHWs patterns in the Southern Ocean, offering crucial insights for predicting the region's future responses to climate change.","1,2,4,5,10,13"
Lifting the lid on Marine Heatwaves,Progress in Oceanography,2025-12-01,239,,,10.1016/j.pocean.2025.103539,ar,Article,2,2-s2.0-105016132998,,1,"Life is ubiquitous throughout the ocean, with species abundance and richness often greatest below the surface. As a result, ocean extremes throughout the water column may impact resident marine organisms and ecosystems. However, ocean extremes, such as marine heatwaves, have been commonly described based on surface observations. Given the importance of subsurface ocean processes, such as nutrient recycling, (de)oxygenation, and carbon transport, there has been an increasing focus on subsurface marine heatwaves (MHWs). Subsurface MHWs are prolonged warm ocean temperature extremes, and have a diversity of vertical structures linked with different driving mechanisms. Warming may be confined to the surface mixed layer; it may extend much deeper, potentially affecting the entire water column; it may appear only below the surface, with no surface signature, or it may be isolated near to or connected with the seafloor. Based on existing literature and a new analysis of subsurface MHW structure, we propose a comprehensive naming convention, differentiating between mixed layer, deep, thermocline, full depth, submerged and benthic marine heatwaves. Most surface-confined MHWs are associated with surface heat fluxes or shallow ocean advection or mixing. Conversely, many subsurface events are likely related to the vertical or horizontal displacement of temperature gradients/fronts, deep advection, and/or subduction of warm waters below the mixed layer. Different MHW vertical structures also have varying impacts on ocean biogeochemistry. However, due to the sparsity of physical, biogeochemical and biological observations, as well as the complexity of identifying and describing subsurface MHWs, there is limited understanding of the impact of subsurface MHW extremes. The nomenclature proposed in this paper seeks to provide a common language for understanding subsurface MHWs, thus enabling inter-disciplinary studies to quantify their impact.","3,4,7"
"Coral bleaching occurrence and its relation to marine heatwave events in the Southwestern waters of South Sulawesi, Indonesia, as part of the Coral Triangle region",Journal of Marine Systems,2025-12-01,252,,,10.1016/j.jmarsys.2025.104136,ar,Article,0,2-s2.0-105015993645,,0,"This study investigates the escalating threat of marine heatwaves (MHWs) to coral reef ecosystems in the southwestern waters of South Sulawesi, Indonesia. Based on four decades of data from 1982 to 2021, our analysis reveals a substantial increase in both the frequency and intensity of MHWs, with particularly severe events occurring in 2010, 2013, 2016, 2019, and 2020. The 2016 MHW was especially devastating, marked by extreme thermal stress and prolonged duration, reaching up to 215 days in the Lesser Sunda Islands. This event closely aligned with widespread Bleaching Alert Level 2 warnings in regions such as Lombok, indicating a high risk of coral mortality. The Coral Reef Health Index (CRHI) proved to be a valuable tool for reef assessment, showing strong positive correlations with coral cover (r = 0.83) and seagrass cover (r = 0.74), along with a strong negative correlation with rubble cover (r = −0.82). These results highlight the crucial role of reef structure and benthic composition in sustaining ecosystem health. In addition, the observed delay between peak MHW conditions and the occurrence of bleaching events emphasizes the need for real-time, high-resolution monitoring systems that integrate multiple observation methods. Our findings underscore the urgency of implementing comprehensive conservation strategies. These should include global actions to reduce ocean warming and targeted local efforts such as protecting reefs with high CRHI values, minimizing local stressors, and enhancing the effectiveness of marine protected areas. Future research should prioritize the integration of long-term field surveys with advanced remote sensing technologies and the inclusion of a wider range of oceanographic variables such as water quality and ocean acidification. Such approaches are essential for generating actionable data that support adaptive management and the sustained conservation of coral reef ecosystems.","8,9,11"
Marine heatwaves are shaping the vertical structure of phytoplankton in the global ocean,Communications Earth and Environment,2025-12-01,6,1,,10.1038/s43247-025-02718-y,ar,Article,1,2-s2.0-105014895854,,1,"Marine heatwaves, characterized by extremely high ocean temperatures, significantly impact marine ecosystems. To date, the vertical structure of phytoplankton responses to marine heatwaves remains poorly understood. Here we use 17 years of global profiles from Biogeochemical-Argo float data to show that marine heatwaves drive distinct phytoplankton responses at different depths, with subsurface signals sometimes stronger than surface ones. These responses are classified into intensified, weakened, and subsurface-reversed chlorophyll-a types, each showing distinct latitudinal patterns and driven by changes in light, temperature, and nutrient supply during marine heatwaves. Intensified responses dominate high latitudes, while weakened and subsurface-reversed responses are more common in mid-to-low latitudes. Marine heatwaves also promote the development of deep chlorophyll maxima and reshape subsurface chlorophyll-a distributions. Our findings highlight the critical role of vertical marine heatwaves in shaping phytoplankton dynamics and underscore the need for enhanced subsurface monitoring to better assess ecological and biogeochemical impacts under ocean warming.","3,7,13"
Reversal of Kuroshio-Oyashio Extension SST Anomalies Between Early- and Late-Autumn Is Primarily Driven by Atmospheric Variability,Journal of Geophysical Research Atmospheres,2025-11-16,130,21,,10.1029/2025JD045177,ar,Article,0,2-s2.0-105020585832,,1,"Mid-latitude Kuroshio-Oyashio extension sea surface temperature (SSTKOE) modulates climate extremes, affecting coastal and insular humans. However, unconcern about the subseasonal variability of SSTKOE substantially existed in previous studies. We first systematic exposed that the phase reversals of SSTKOE anomalies are an intrinsic and objective phenomenon, that is, the persistently warm SSTKOE anomalies in early-autumn turns to cool in late-autumn, and vice versa. This SSTKOE anomalies reversals, occurring in one-quarter of years, accompanied by subsurface thermal, gradients and marine heatwaves undergo great changes in early- and late-autumn. Utilizing observations and ocean model intercomparison project simulations, the impacts of atmospheric and oceanic variability were separated, and SSTKOE anomalies reversal was found to be mainly due to the atmospheric forcing. Specifically, the local anticyclonic circulation anomalies in early-autumn enhanced the sinking motion and shortwave radiation, thus heating the sea surface. In late-autumn, this region shifted to cyclonic circulation anomalies control, with enhanced cold ocean currents and increased cloudiness suppressing shortwave radiation, leading to SSTKOE reversal. The phase reversal of SSTKOE anomalies not only alters the ocean seasonality, but may also provide new predictors for mid- and low-latitude extreme climate prediction.","2,4,5,10"
Monitoring Long-Term Seafloor Water Temperature Changes Using Fiber Optic Sensing on Submarine Telecommunication Cables,Geophysical Research Letters,2025-11-16,52,21,,10.1029/2025GL119348,ar,Article,0,2-s2.0-105020451048,,1,"Monitoring of ocean temperatures is crucial for climate studies, ocean circulation modeling and assessing potential ecosystem impacts. However, obtaining observations from the subsurface ocean is difficult and costly. We present a 3-year time series of distributed fiber optic sensing (sensitive to temperature changes and strain) obtained at 3 to 6-month intervals, using a network of telecommunication cables in Guadeloupe (Lesser Antilles). We demonstrate that this technique can track seasonal and annual seafloor water temperature changes to within 0.1°C, in a well-mixed, shelf sea environment. We observe a marine heatwave, with a temperature increase of +1.5°C between 2022 and 2024 at the sea-floor, causing coral bleaching with 30% mortality. These trends are confirmed by satellite observations of the Sea Surface Temperature in the same location. This successful demonstration, in a shallow-water environment, opens the path forward for widespread use of submarine cables for long-term environmental monitoring of the seafloor.","3,7,8"
Impact of the 2023–2024 ENSO Event of the North Pacific Coral Reefs of Costa Rica,Diversity,2025-11-01,17,11,,10.3390/d17110791,ar,Article,0,2-s2.0-105023506657,,1,"Coral reefs are increasingly impacted by marine heatwaves and global warming, with the 2023–2024 El Niño–Southern Oscillation (ENSO) event causing unprecedented thermal stress across the Eastern Tropical Pacific. This study assessed the effects of this event on coral reefs in the Gulf of Papagayo, Costa Rica. Sea surface temperatures exceeded the bleaching threshold for seven months, reaching a record 10.2 Degree Heating Weeks—twice the levels recorded during the 1997–1998 ENSO. Benthic and fish community surveys revealed severe coral mortality, particularly in Pocillopora-dominated reefs, with some sites losing over 90% of live coral cover. Resilience varied across sites, likely influenced by factors such as local water circulation, coral genetic diversity, symbiont type, and heterotrophic capacity. Reefs with higher genetic diversity and thermally tolerant Durusdinium symbionts showed partial recovery. Seasonal upwelling appeared to buffer thermal stress in some areas, potentially acting as a natural climate refuge. Bleaching also impacted reef fish communities, with a notable decline in invertebrate-feeding species on degraded reefs. These findings highlight the interplay between prolonged thermal stress, coral biology, and local oceanographic processes in shaping reef resilience. Identifying and protecting such climate refugia will be critical for coral conservation under future climate change scenarios.","8,9,11"
Spatial–Temporal Characteristics and Trend Analysis of Marine Heatwaves in the East China Sea Based on Deep Learning,Water Switzerland,2025-11-01,17,21,,10.3390/w17213076,ar,Article,0,2-s2.0-105021402219,,1,"Marine heatwaves (MHWs) have been shown to exert a substantial influence on marine ecosystems and associated industries. Consequently, the development of accurate prediction models is imperative for mitigating ecological risks. This study concentrates on the East China Sea, employing sea surface temperature (SST) data from the OISST v2.1 dataset, which spans from 1982 to 2024, for the purpose of examining the spatial and temporal characteristics of six significant MHW indicators. The results reveal a clear annual increase in all six indicators. This study employed the deep learning-based SegRNN_ST model to forecast future MHW trends. It integrated a spatiotemporal attention mechanism and was optimized using mean absolute error (MAE) and mean squared error (MSE) as loss functions. And the coefficient of determination (R2) was utilized as a performance metric for predicting MHWs in the East China Sea. The findings indicate that the improved SegRNN_ST model increased the R2 by 8% compared to the original model, with MSE and MAE showing reductions of 20% and 15%, respectively. This study demonstrates fewer errors than SegRNN and enhanced accuracy in predicting MHWs. This study introduces a new method for predicting and providing early warnings of MHWs, improving the accuracy of forecasts for extreme marine weather events.","2,5,12"
Subsurface marine heatwaves: challenging to detect at the surface yet critically important,Journal of Oceanology and Limnology,2025-11-01,43,6,1685-1687,10.1007/s00343-025-5225-7,ed,Editorial,0,2-s2.0-105018489481,,1,,"3,4,13"
"Combined atmospheric and marine heatwaves exacerbate the impacts of a non-indigenous species, the Asian date mussel Arcuatula senhousia, on benthic ecosystem functioning",Marine Environmental Research,2025-11-01,212,,,10.1016/j.marenvres.2025.107560,ar,Article,0,2-s2.0-105017434716,,1,"Climate change is predicted to increase the frequency, severity, and duration of extreme climatic events such as heatwaves. Benthic organisms inhabiting intertidal flats are subjected to both marine and atmospheric heatwaves and can experience extreme temperature variations over relatively short periods of time. Non-indigenous species are generally capable to cope with extreme events more efficiently that native species. The Arcachon bay, a lagoon located along the French Atlantic coast is currently colonised by the invasive mussel, Arcuatula senhousia. In this study, we investigated how these two stressors (non-indigenous species colonisation and heatwaves) affect soft-bottom ecosystem functioning. We conducted two seasonal laboratory experiments to investigate the effects of combined marine and atmospheric heatwaves on the biogeochemical dynamics of sediments colonised by A. senhousia at different densities. More precisely, we assessed the community scale responses by measuring nutrients (NOx, NH4+, PO43−) and oxygen fluxes across the sediment-water interface. The results highlight that (1) heatwaves affect oxygen and nutrient exchanges across the sediment-water interface, with an increase of oxygen consumption and NH4+, PO43− fluxes, (2) the magnitude of these effects can be strongly enhanced by increasing densities of A. senhousia, and (3) a marked seasonal-dependence, with more effects during the spring experiment. These results emphasise that the interaction between the seasonality of heatwave occurrence, its intensity and the level of colonisation by non-indigenous ecosystem engineers likely shape their consequences for ecosystem functioning in tidal flats. Our results thus reinforce previous findings suggesting that climate change may profoundly exacerbate the effects of biological invasions.","7,9,11"
Valve gaping behavior of bivalves under compound marine heatwaves and acidification extremes,Marine Environmental Research,2025-11-01,212,,,10.1016/j.marenvres.2025.107557,ar,Article,0,2-s2.0-105015994842,40972211,0,"Rapid increases in atmospheric carbon dioxide have led to more frequent and severe extreme weather events, such as marine heatwaves (MHWs) and ocean acidity extremes (OAXs), which can devastate marine ecosystems and cause significant socioeconomic impacts. Infaunal bivalves are crucial for benthic-pelagic coupling in marine ecosystems, yet their responses to extreme weather events are poorly understood. In this study, we employed high-frequency, non-invasive valvometry to investigate how Manila clams (Ruditapes philippinarum) behave in response to MHWs and OAXs. Long-term, real-time monitoring showed that initial exposure to MHWs notably reduced valve-gaping activity, though these effects diminished with repeated exposure. OAXs alone significantly impacted the proportion of open valves, but when combined with MHWs, they had a more pronounced effect on individual valve-gaping activity. These results suggest that Manila clam behavior is sensitive to both MHWs and OAXs, particularly when occurring together, highlighting the potential for developing an early-warning system based on valvometry.","6,7,9"
Withstanding the heat: Resilience of free-living coralline algae to marine heatwaves,Marine Environmental Research,2025-11-01,212,,,10.1016/j.marenvres.2025.107538,ar,Article,0,2-s2.0-105015615428,40945102,1,"Marine heatwaves (MHWs) can severely impact benthic ecosystems, driving major ecological shifts. As they become longer, more frequent, and intense, MHWs are emerging as a dominant threat to marine biodiversity. Yet, their potential effects on coralline algal beds (CABs, including rhodolith beds), habitats of critical ecological importance, remain largely unknown. This study investigated the physiological responses of three rhodolith species (Lithothamnion cf. valens, Lithothamnion sp., Lithophyllum incrustans), which dominate the community of a Mediterranean CAB, to an experimentally simulated ecologically relevant scenario of two consecutive summer MHWs. Species responses in key physiological processes, photosynthesis, respiration, and calcification, were assessed before, during, and after the heatwave events. Overall, temperature increases had minor effects on photosynthesis and respiration, while calcification responses to MHWs were more pronounced and species-specific. Significant declines were observed in light calcification of L. incrustans during the first MHW, and in dark calcification of all three species, with L. incrustans and L. cf. valens responding during the first and second MHWs, respectively. Lithothamnion sp. exhibited some minor effects on light calcification and a significant shift toward carbonate dissolution in darkness during the first MHW, which reversed over time. Despite these effects, all species fully recovered by the end of the experiment, and the stronger impact of the first MHW suggests a potential priming effect that may enhance tolerance to subsequent heat events. These findings demonstrate rhodoliths’ overall capacity to withstand MHWs, while highlighting the role of species-specific responses in shaping the net carbonate balance of CABs under future climate scenarios.","7,8,11"
Unprecedented high-temperature triggers a rapid shift in ecological characteristics of phytoplankton succession in the southern coastal waters of Korea,Marine Environmental Research,2025-11-01,212,,,10.1016/j.marenvres.2025.107522,ar,Article,1,2-s2.0-105014822519,,1,"Marine heatwaves (MHWs) are increasing in frequency and intensity worldwide, significantly impacting marine ecosystems. However, studies on phytoplankton community changes in coastal waters under such conditions remain. In the summer of 2024, an extreme high-temperature event (>28 °C) occurred in the southern coastal waters of Korea, providing an opportunity to investigate phytoplankton community dynamics under thermal stress. Biweekly depth-specific monitoring at 5 m intervals during this period revealed that diatoms maintained high biomass in the mid-to-bottom layers, where temperatures were relatively lower and nutrient concentrations were higher. In contrast, phytoplankton biomass and photosynthetic efficiency declined in the surface layer, with this decline becoming more pronounced as the heatwave intensified. Furthermore, Margalefidinium polykrikoides, a species historically responsible for harmful algal blooms (HABs) in the southern coastal waters of Korea during summer, failed to survive in the surface layer and was observed only in low abundances at depths of 5–10 m. Meanwhile, Synechococcus exhibited a significant increase under high-temperature, low-salinity, and oligotrophic conditions. These findings suggest that climate change may alter HAB dynamics while also increasing the role of small phytoplankton in primary production. Following typhoon-induced water column mixing, phytoplankton biomass partially recovered, with diatoms playing a central role in this recovery. Recurrent marine heatwaves are likely to favor heat-tolerant species while reducing the abundance of large diatoms, which form the foundation of the coastal food web. Such structural changes could have cascading effects on the marine food web, ultimately impacting the stability of the marine ecosystem.","7,8,14"
Summertime bottom marine heatwaves in the East China Sea driven by oceanic circulation,Journal of Oceanology and Limnology,2025-11-01,43,6,1726-1738,10.1007/s00343-025-4218-x,ar,Article,2,2-s2.0-105004450033,,0,"Bottom marine heatwaves (BMHWs), i.e., anomalous ocean warming at the seafloor, can happen without concurrent surface marine heatwaves (SMHWs), which pose a serious threat to marine ecosystems and present a challenge to detect and study them adequately. This type of event is called independent BMHWs. This study examines the summertime BMHWs on the continental shelf of the East China Sea (ECS) using oceanic reanalysis data from 1993 to 2020. Our results show that summertime BMHWs in the ECS are generally more intense than SMHWs, with some BMHW events occurring without surface expression. Through heat budget analyses of the 2016 SMHW event and the 2019 BMHW event, we investigated the drivers of independent summertime BMHWs. It is indicated that the occurrences of bottom temperature anomalies in summer are predominantly attributed to oceanic horizontal advection. Specifically, the summertime BMHWs on the central ECS shelf are closely related to the strengthening of the inshore branch of the Taiwan Warm Current (TWC) and the weakening of the offshore TWC branch. These findings provide important insights into the underlying physical processes and diagnostic tools for monitoring and managing independent BMHWs in the ECS.","3,4,10"
Amplified warming and marine heatwaves in the North Sea under a warming climate and their impacts,Ocean Science,2025-10-20,21,5,2505-2525,10.5194/os-21-2505-2025,ar,Article,0,2-s2.0-105020087491,,1,"The northeast Atlantic and adjacent regions, such as the North Sea, are among the fastest-warming areas in the world. However, the role of climate change and internal variability in marine heatwaves (MHWs) in this region remains poorly understood. This study aims to quantify the relevant changes in sea surface temperature (SST) and MHWs in the North Sea, as well as to identify the leading patterns of interannual MHW variability over more than 4 decades (1982-2024). Our results indicated a new regime shift in the annual mean SST in the North Sea since 2013. Therefore, we examined the relationships between MHW trends and long-term sea surface warming trends to quantify the role of climate change in the intensification of MHWs. We found that the increase in MHWs is related to the significant decadal change in SST over the North Sea and we have revealed that large-scale climate modes, such as the Atlantic Multidecadal Oscillation and the East Atlantic Pattern, play a crucial role in this decadal change in SST. In particular, the SST trend has doubled in the post-2013 period (0.8 °C per decade), compared with the pre-2013 period (0.4 °C per decade), leading to longer and more frequent MHWs. The SST, MHW frequency, and MHW days increased significantly by 0.38 °C per decade, 1.04 events per decade, and 17.27 d per decade, respectively, over the entire study period. After removing the long-term sea surface warming trend before MHW detection, all MHW features exhibited insignificant trends, indicating that the long-term SST trend is the primary driver of the observed long-term MHW trend in the North Sea region, thereby confirming the crucial role of mean SST changes in MHWs in this region. Furthermore, we found that 80 % of the observed trend in MHW frequency is attributed to long-term warming, while the rest is attributed to internal variability. The SST record in May 2024, manifest by the longest (27 d) and most intense (2.2 °C) MHW event, is attributed to an anomalous anticyclonic atmospheric circulation over the Baltic Sea and southern Norway, which enhanced solar radiation over the North Sea. Finally, we also investigated how the chlorophyll a concentration responded to the MHW, revealing a decrease in the deep and cold-water regions of the northern North Sea and an increase in the shallow and warm-water areas of the southern North Sea.","5,7,10"
An Atlantic-wide assessment of marine heatwaves beyond the surface in an eddy-rich ocean model,Ocean Science,2025-10-17,21,5,2481-2504,10.5194/os-21-2481-2025,ar,Article,0,2-s2.0-105019926532,,1,"Periods of prolonged anomalously high temperatures in the ocean, known as marine heatwaves (MHWs), can have devastating effects on ecosystems. Although MHWs are extensively studied in the near-surface ocean, little is known about MHWs at depth. As continuous observations in space and time are very sparse away from the surface, basin-wide studies on MHWs at depth have to rely on models. This introduces additional challenges due to the long adjustment timescale of the deep ocean, resulting in long-Term drift following the model's initialization. This unrealistic model drift dominates the MHW statistics below approximately 100 m when a fixed baseline is used. As a result, MHW studies at depth require a long model spin-up or have to apply a detrended baseline removing temperature trends. Based on a comparison of two model configurations with eddy-permitting and eddy-rich horizontal resolution, we show that the representation of mesoscale dynamics leads to pronounced differences in the characteristics of MHWs, in particular along the boundaries and along pathways of highly variable currents. Although a high horizontal resolution of the model is important, MHW statistics can be calculated on a coarser grid, which largely decreases the amount of data that needs to be processed. Our results highlight the importance of horizontal and vertical heat transport within the ocean to sub-surface, but also near-surface, MHWs. By investigating the vertical coherence of MHWs in an example region-here, the Cabo Verde archipelago-we show that MHWs are coherent over layers of a few hundred to 1000 m thickness, independent of the baseline used. These ranges are closely related to the vertical structure of the temperature field.","3,4,13"
Not only summer matters: spring warming shapes the gorgonian condition when facing marine heatwaves,Mediterranean Marine Science,2025-10-15,26,4,804-814,10.12681/mms.41024,ar,Article,1,2-s2.0-105024953206,,1,"Accelerated spring warming is one of the less studied consequences of global change. This study aimed to evaluate the effects of an accelerated increase in seawater temperatures during spring on respiration and zooplankton capture rates, as well as the resulting nutritional condition of one of the main structural species of coastal Mediterranean benthic communities, the red gorgonian Paramuricea clavata. Fragments of red gorgonian colonies were maintained in aquaria under historical and accelerated spring temperature rises. While P. clavata was able to acclimate and maintain constant respiration rates during historical spring conditions, accelerated warming resulted in significantly higher respiration rates. Conversely, the zooplankton capture capacity was not affected. As a result, gorgonians were significantly depleted in organic matter and overall energy content after accelerated spring warming. These results highlight the crucial role of spring thermal conditions in shaping the health condition of P. clavata when facing high summer temperatures, and potential heatwaves.","3,7,11"
Predicting Marine Heatwaves in the South China Sea Using a 3D U-Net Model Based on Intraseasonal Oscillation Signals from Atmosphere-Ocean Data,Journal of Tropical Meteorology,2025-10-01,31,5,478-496,10.3724/j.1006-8775.2025.029,ar,Article,0,2-s2.0-105021885206,,0,"With the intensification of global warming, marine heatwaves (MHWs) have emerged as a significant extreme hazard, garnering widespread attention and creating a pressing need for accurate prediction. The development of artificial intelligence, particularly the application of deep learning to sea surface temperature (SST), has significantly improved the feasibility of predictions. This study utilizes SST and Outgoing Longwave Radiation (OLR) data to train a 3D U-Net model for predicting MHWs in the South China Sea (SCS) with lead times ranging from 1 to 7 days, based on the characteristics of intraseasonal weather processes. Analysis of MHWs occurrences from 1982 to 2023 reveals distinct seasonal patterns, with summer MHWs primarily concentrated in the northern and central SCS, and the highest temperature centers located in the Gulf of Tonkin and west of the Philippines. The 2023 MHW forecast results demonstrate that the 3D U-Net model achieves low error rates and high correlation coefficients with observational data. Incorporating OLR data enhances forecast accuracy compared to SST-only inputs, and training the model exclusively with summer data further improves prediction accuracy. These findings indicate that the proposed method can significantly enhance the accuracy of MHW forecasts.",12
Compound Marine Heatwaves and Acidity Extremes in the Southern Ocean,Global Biogeochemical Cycles,2025-10-01,39,10,,10.1029/2025GB008630,ar,Article,0,2-s2.0-105019352466,,1,"Compound extremes of temperature and acidity that extend over substantial fractions of the water column can be particularly damaging to marine organisms, as they experience not only additional stress by the potentially synergistic effects of these two stressors, but also a reduction in habitable vertical space. Here, we detect and analyze such column-compound extremes (CCX) in the Southern Ocean between 1980 and 2019, and characterize their duration, intensity, and spatial extent. To this end, we use daily output from a hindcast simulation of the Regional Ocean Modeling System (ROMS), coupled with the Biological Elemental Cycling (BEC) model. We first detect extremes in temperature and acidity ([(Formula presented.)]) within the top 300 m using a relative threshold of 95% and then identify CCX where conditions are extreme for both stressors for at least 50 m of the water column. When analyzed on a fixed baseline, positive trends in ocean warming and acidification caused CCX to last longer, intensify, and expand throughout the Southern Ocean. In the Antarctic zone, CCX expanded between 1980 and 2019 more than ten times in volume, lasted up to 120 days longer, and doubled in anomaly. Some of the largest and longest events occurred in Antarctic Marine Protected Areas (MPAs), covering more than 200,000 km2 and persisting for over 500 days. CCX in the Subantarctic and Northern zones quadrupled in volume and increased by more than 30% in anomaly. Across the Southern Ocean, the increasing occurrence of CCX exacerbates the risks to marine ecosystems from warming and acidification.","6,7,9"
Impacts of marine heatwaves on benthic estuarine populations,Climatic Change,2025-10-01,178,10,,10.1007/s10584-025-04022-2,ar,Article,0,2-s2.0-105018670629,,0,"Marine heatwaves (MHWs) are among the most severe consequences of climate change for marine ecosystems, particularly affecting tropical organisms that live near their upper thermal tolerance limits. The impacts of these Heating effects can vary over time, including immediate, delayed, and cumulative effects. Extreme heat events can trigger unprecedented ecosystem changes and biodiversity loss, underscoring the urgency of understanding how marine organisms respond. We aimed to quantify and classify MHWs in an estuarine complex in southern Brazil and to evaluate the effects of strong MHWs on the density of 24 benthic species over time. Seasonal density data from three rocky shores, collected between 2015 and 2022, were used to calculate the effect size of MHWs on each species during and after the events. Cumulative effects were assessed using linear regression between effect size during MHWs and the number of years since the onset of MHWs. We found an increase in the average intensity, duration, and frequency of MHWs from 1982 to 2023, with four strong events during the study period. No cumulative effects were detected. However, 67% of the species evaluated were affected by strong MHWs, with predominantly negative effects. Although physiological plasticity may have enabled population recovery following these events, delayed effects were observed, resulting in reduced species density in subsequent years. Despite signs of resilience on part of the community, both negative and positive responses among other organisms can compromise ecological functions and drive shifts in benthic community composition. Our findings emphasize the need for continuous monitoring and targeted management strategies to conserve estuarine benthic fauna in the face of the predicted increasing MHW frequency and intensity.","7,11,14"
Microbiome Composition in a Common Mediterranean Bryozoan Following an Unprecedented Marine Heatwave,Environmental Microbiology Reports,2025-10-01,17,5,,10.1111/1758-2229.70185,ar,Article,0,2-s2.0-105014879722,40905407,1,"Marine heatwaves are intensifying due to global warming and increasingly drive mass mortality events in shallow benthic ecosystems. Marine invertebrates host diverse microbial communities that contribute to their health and resilience, yet microbiome responses under thermal stress remain poorly characterised across most taxa. Here, we characterise the microbiome composition in colonies of the common Mediterranean bryozoan Myriapora truncata at two depths (13 and 17 m) following the extreme 2022 marine heatwave. Despite no visible necrosis, microbial communities at both depths exhibited shifts indicative of thermal stress, including the reduced presence of potential core microbial members. Colonies from the shallower, warmer depth showed higher alpha diversity and reduced abundance of key functional genera compared to deeper colonies, suggesting early dysbiosis. These results highlight that M. truncata—though visually unaffected—undergoes sublethal microbiome alterations under thermal stress. This study provides the first characterisation of a bryozoan microbiome after a marine heatwave and highlights the potential of host-associated microbial communities as early bioindicators of invertebrate stress in a warming ocean.","3,7,11"
Unraveling the roles of decreased Tibetan Plateau snow cover on summer prolonged marine heatwaves in the Yellow Sea‒Bohai Sea,Advances in Climate Change Research,2025-10-01,16,5,1008-1021,10.1016/j.accre.2025.07.004,ar,Article,2,2-s2.0-105012927550,,1,"The Yellow Sea–Bohai Sea (YSBS) region faces frequent summer marine heatwaves (MHWs), while the upstream Tibetan Plateau is rapidly warming and losing snow cover, yet the connection between these two trends remains unclear. This study, based on observational data and numerical models, reveals the underlying mechanisms between Tibetan Plateau snow cover (TPSC) and summer MHWs in the YSBS (MHWs_YSBS) during 1982–2020. The results indicate a significant positive correlation between the prolonged duration of summer MHWs_YSBS and diminished spring TPSC. The findings indicate that decreased spring TPSC exhibits considerable persistence and triggers a deep anomalous anticyclonic system over the Tibetan Plateau by influencing its thermal condition. This anticyclonic system develops and moves eastward from spring to summer, leading to an anomalous high-pressure system over the YSBS during summer. This system is accompanied by descending air and a decrease in cloud cover, which collectively create conducive conditions for the emergence of summer MHWs_YSBS. The reduced TPSC-induced anticyclonic system modulates westerly winds over the YSBS region, forming a double jet pattern that sustains and amplifies MHWs. Numerical modeling experiments and quantitative analysis further elucidate the mechanism by which reduced spring TPSC influences the persistence of summer MHWs_YSBS. This process is driven by the enhancement of atmospheric high-pressure systems extending from the Tibetan Plateau to the YSBS, with TPSC contributing over 50% to this effect. These findings deepen our understanding of the climatic impacts of the warming Tibetan Plateau and offer a new perspective for understanding the prolonged MHWs_YSBS.","4,5,10"
Depth- and season-resolved characteristics and drivers of marine heatwaves in the East Sea (Sea of Japan),Marine Environmental Research,2025-10-01,211,,,10.1016/j.marenvres.2025.107418,ar,Article,0,2-s2.0-105012309090,40769117,0,"Marine heatwaves (MHWs)—events of anomalously high ocean temperatures—are intensifying globally, yet most studies have focused on summer surface events, overlooking their vertical structure and seasonal variability. Here, we present a depth- and season-resolved assessment of MHWs in the East Sea (Sea of Japan) using in-situ observations (2000–2016) alongside multi-decadal reanalysis products (1982–2021). The results reveal pronounced vertical asynchrony: MHWs frequently occur in either the upper (5 m) or lower (60 m) layers, but rarely in both simultaneously. Unlike summer upper-layer MHWs driven by high air temperatures and strong stratification, winter lower-layer MHWs occur when strong winds deepen the mixed layer and push warm surface water downward. In addition, summer MHWs in the lower layer are strongly associated with the northward intrusion of the East Korea Warm Current (EKWC), with interannual variations in its path and intensity modulating subsurface temperature extremes. Long-term trends show that the frequency, duration, and intensity of surface MHWs around the Korean Peninsula have all increased since 1982, with the steepest trends occurring in the East Sea, particularly after 2017. These findings underscore the importance of considering both vertical and seasonal dynamics in MHW assessments and highlight the combined roles of stratification, wind-driven mixing, and warm-current advection in generating thermal extremes in marginal seas.","3,4,5,10"
Global Diversity of Marine Heatwave Evolutions,Geophysical Research Letters,2025-09-28,52,18,,10.1029/2025GL117516,ar,Article,0,2-s2.0-105016625130,,1,"Marine heatwaves (MHWs)—discrete and prolonged warm ocean temperature extremes—can cause substantial ecological and socioeconomic impacts, and have been widely investigated based on satellite sea surface temperature observations. However, most studies emphasize lifespan-averaged metrics or separately as onset and decay phases, without taking account of their complete temporal evolution. Here, we present a comprehensive analysis of MHW diversity based on temporal evolutions, classifying global events into six types with distinct patterns in evolution, spatial distribution, and temporal variability. Notably, bimodal MHWs, which are strongly linked to El Niño events, show the largest area growth rate when compared to other types, such as the canonical type, which features a single peak and balanced growth and decay phases. Furthermore, subsurface analysis reveals a strong correlation between subsurface structure and surface evolution. Finally, using a classification approach, we quantify MHW type predictability. We find that two types demonstrate high early classification skill at the initial time-step, indicating strong early stage predictability.","1,2,4,10,12"
Bleaching Impacts on the Last Remaining Acropora-dominated Reefs in the United Arab Emirates,Diversity,2025-09-01,17,9,,10.3390/d17090610,ar,Article,1,2-s2.0-105017431248,,1,"Coral reefs in Arabian Gulf and Gulf of Oman waters of the United Arab Emirates (UAE) have historically been dominated by Acropora corals. By early 2021, however, extensive Acropora cover remained at only two UAE locations: the fringing reefs of Sir Bu Nair Island (SBN) (Arabian Gulf) and Khor Fakkan (KF) (Gulf of Oman). A summer 2021 marine heatwave impacted these last Acropora refugia and caused the first mass bleaching event on the UAE’s Gulf of Oman coast. Benthic surveys were conducted before, during and eight months after this event. Bleaching severity was high, with 41% of hard corals bleached in KF and 93% in SBN. Total live coral cover declined from 68% to 25% at KF and from 36% to 9% in SBN during bleaching. Acropora cover declined from 23% to 2% in KF and from 19% to 0.02% in SBN during bleaching. There was limited recovery eight months after bleaching. Community composition shifted away from Acropora toward heat-tolerant taxa, particularly Porites and Dipsastraea, with increased homogenization of coral assemblages. These last Acropora refugia could have served as valuable sources of larvae to support coral recovery elsewhere in UAE waters, highlighting the importance of conservation and restoration efforts.","7,8"
Persistent kelp forests during a massive decline reveal the importance of land–sea connectivity,Ecology,2025-09-01,106,9,,10.1002/ecy.70212,ar,Article,1,2-s2.0-105016493582,40967248,1,"A fundamental goal in ecology is to understand the drivers of stability in natural ecosystems in the face of disturbances. However, this is challenging when biotic and abiotic stressors operate simultaneously across multiple spatial scales. Such is the case for bull kelp forests (Nereocystis luetkeana) in northern California, where losses of predators combined with marine heatwaves have led to shifts from kelp forest to sea urchin barren states. However, despite the >90% loss of bull kelp forests since 2014, some patches remain. Here, we investigate the bull kelp community assemblage in these remnant patches as well as the drivers of bull kelp forest resistance. We used a combination of in situ field surveys (years 2020–2022), remote sensing data (years 2016–2022), and a laboratory grazing experiment with urchins (Strongylocentrotus purpuratus). We found that, in addition to the two dominant states (kelp forest vs. urchin barren), there is a third community state dominated by understory canopy-forming macroalgae that stays subsurface. Moreover, bull kelp abundance and cover were positively associated with freshwater flow and proximity to freshwater sources, and bull kelp persistence was positively associated with sand cover, all of which seem to diminish sea urchin abundance and the negative effects of sea urchin herbivory on bull kelp. This was also shown in the laboratory experiment where sea urchin herbivory rates on bull kelp decreased with decreasing salinity. Overall, these results suggest that freshwater influence in shallow coastal environments could prevent loss of bull kelp and show that land–sea connections should be considered for species-specific management and conservation actions.","7,9,11"
Differences in subsurface marine heatwave characteristics at two tropical South West Indian Ocean islands: influence of the south equatorial countercurrent and eddy activity,Climate Dynamics,2025-09-01,63,9,,10.1007/s00382-025-07862-x,ar,Article,0,2-s2.0-105016478381,,1,"Prolonged marine heatwaves (MHWs) around small island developing states can lead to severe ecological and socio-economic consequences. This study aims at characterizing subsurface MHWs and their potential drivers around the Seychelles and Comoros, rich in biodiversity and prominent to tropical cyclone intensification. Both regions show intensified MHWs in the thermocline, but with a higher intensity and duration in Seychelles. About 84% of subsurface MHWs in Comoros are independent of surface events, suggesting the importance of ocean dynamics whereas in Seychelles, this figure is only 57% due to a shallower thermocline which is more sensitive to atmospheric forcing. Favourable dynamics for subsurface MHWs and sea surface height (SSH) extremes in Comoros tending to occur in May–June include strengthening of the North East Madagascar Current, and prevailing downwelling winds, which deepen the thermocline. Subsurface MHWs and SSH extremes in Seychelles tend to be strongest in February–March but longest-lasting in November–December. In March, intense subsurface MHWs occur due to a relaxation of the winds and downwelling winds. In November–December, long-lasting subsurface MHWs seem linked to the intrusion of the South Equatorial Counter Current, mesoscale activity and downwelling Rossby waves. During the Indian Ocean Dipole events of 1997/98 and 2019/20, long-lived MHW intensities in Seychelles reached 9 °C. Long-lived subsurface MHWs have a higher SSH, and ocean heat content related to a deepening of the thermocline, but lower eddy kinetic energy, characterized by slow-moving and low amplitude anticyclonic eddies. These findings provide insights into the nature of short-lived and long-lived subsurface MHWs, necessary for understanding and mitigating their impacts.","3,4,10"
Future Summertime Marine Heatwaves in the Indian Ocean in Response to Enhanced Variability of the Western North Pacific Subtropical High Under Warming Climate,Journal of Geophysical Research Oceans,2025-09-01,130,9,,10.1029/2025JC022626,ar,Article,0,2-s2.0-105015223469,,0,"Marine heatwaves (MHWs) pose significant threats to marine ecosystems and associated services, necessitating a deeper understanding of their driving mechanism. This study examines how the intensification of the Western North Pacific Subtropical High (WNPSH) influences future summer MHW occurrences in the Indian Ocean through complex ocean-atmosphere coupling. Over two thirds of CMIP6 models project more frequent an intense strong WNPSH years by the end of the 21st century, resulting in prolonged and extreme summer MHWs in the future. Westward extension of stronger WNPSH generates pronounced anomalous anticyclonic circulation, producing easterly winds that extend into the north and equatorial Indian Ocean and oppose climatological monsoon winds. While these anomalous easterlies suppress key cooling mechanisms, such as wind driven evaporative cooling and upwelling, the westward propagating downwelling Rossby waves dynamically precondition the warming in the western Indian Ocean by deepening the thermocline. This coupled system creates sustained surface and subsurface warming extending from preceding seasons into summer. Regional differences emerge in future summer MHWs through cloud-sea surface temperature (SST) feedback mechanisms. The central and northeastern Indian Ocean experiences more extreme MHWs due to reduced cloud cover, enhanced solar radiation exposure, and suppressed evaporative cooling through positive low cloud-SST feedback. Conversely, the western Indian Ocean exhibits enhanced convection and cloud formation, moderating extreme warming through negative SST-cloud feedback, exposing the region only to strong-moderate MHWs. These findings highlight the critical role of multiseasonal, coupled ocean-atmospheric interactions in shaping future summer MHW patterns, emphasizing the enhanced vulnerability of marine ecosystems.","4,5,10"
ENSO Influences Subsurface Marine Heatwave Occurrence in the Kuroshio Extension,Journal of Geophysical Research Oceans,2025-09-01,130,9,,10.1029/2025JC022899,ar,Article,0,2-s2.0-105015207707,,1,"Extreme ocean temperature events, also known as marine heatwaves (MHWs), can have devastating consequences for ecosystems, communities, and economies. However, the ability to understand and predict MHWs beneath the sea surface is limited by a scarcity of subsurface observations. Here, we combined in situ temperature observations from a High-Resolution eXpendable BathyThermograph (HR-XBT) transect in the northwest Pacific Ocean with satellite observations to produce a multidecadal (1993–2022) subsurface temperature time series with 10-day temporal resolution. This novel time series was used to examine MHWs between the surface and 800-m deep in the Kuroshio-Kuroshio Extension region east of Japan. The length of this 30-year time series also permitted exploration of long-term trends and interannual variability in subsurface temperature. Variability in the Kuroshio-Kuroshio Extension system is found to exert a strong control on the occurrence of MHWs along the transect. Throughout the upper 800-m of the water column, Kuroshio warming drove a significant increase in Kuroshio MHW days per year. Notably, the largest mean MHW event intensities were observed in the subsurface at every location along the transect rather than at the sea surface. Strengthening of the Kuroshio Extension and its southern recirculation gyre during El Niño drove a significant increase in subsurface MHWs where the intensified current system intersected the transect. In contrast, surface MHW occurrence along the transect was not influenced by the El Niño-Southern Oscillation (ENSO). Clearly, relying only on sea surface temperature observations does not provide the full picture of MHWs in this highly dynamic region.","3,4,10"
Assessing ocean reanalysis accuracy for marine extremes in the Indian ocean using in-situ observations,Climate Dynamics,2025-09-01,63,9,,10.1007/s00382-025-07780-y,ar,Article,1,2-s2.0-105014802393,,0,"This study presents the first intercomparison of multiple high resolution ocean reanalysis products which include three global eddy permitting reanalysis (CGLORS, GLORYS, ORAS5) and one eddy resolving reanalysis (GLORYS12v) in the Indian Ocean. Satellite based validation revealed systematic biases in the surface temperature and salinity, linked to the discrepancies in air sea heat flux parametrization and freshwater inputs. All reanalysis overestimated (underestimated) the marine heatwave (MHW) durations (mean intensities) at major locations. Eddy kinetic energy analyses reveal that only the eddy resolving product aligned well with the satellite altimetry, underscoring the necessity of resolving mesoscale processes. Although all products capture the seasonal patterns of mixed layer depth and thermocline variability at the buoy location, an overestimation is seen in the reanalyses. Overall GLORYS12v, an eddy resolving reanalysis product performed well among other products in representing the marine heatwaves, eddy energetics and variabilities of mixed layer and thermocline depth in the North Indian Ocean. This study exposes critical gaps in current reanalyses, including overshooting of MHW lifecycles, underestimation of eddy energetics and misrepresentation of subsurface thermohaline structures. The findings emphasize the importance of improving the sub gridscale parametrizations, enhanced eddy resolving capabilities and targeted assimilation of regional observational networks.","1,2,12,13,15"
Environmental effects on cephalopod community structure and distribution on the eastern Bering Sea upper continental slope,Marine Environmental Research,2025-09-01,210,,,10.1016/j.marenvres.2025.107353,ar,Article,2,2-s2.0-105009979820,40652571,0,"The eastern Bering Sea upper continental slope (EBSS) is highly productive and abundant in fishery resources, and it is also a key sensitive area to climate change. Cephalopods are widely distributed in this region, but there is still a significant lack of research on their species in EBSS, especially in terms of the impact of climate driven changes in the marine environment on their spatiotemporal distribution. As a key component of the marine food web and a valuable fisheries resource, cephalopods are highly sensitive to environmental changes. Utilizing survey data from the Alaska Fisheries Science Center (AFSC), we investigated the community structure and spatial and temporal distributions of three cephalopod species on the EBSS, and the relationship between catch-per-unit-effort (CPUE) and depth, sea bottom temperature (SBT), and sea surface temperature (SST) using a generalized additive model (GAM). Furthermore, a habitat suitability index (HSI) model was used to evaluate the effects of regional environmental variations on the habitat distribution of dominant cephalopod species during marine heatwaves (MHWs). The results revealed a diverse cephalopod community on the EBSS comprising 20 species (3 orders, 9 families, and 15 genera) including 12 species of Teuthoidea, 7 species of Octopoda, and 1 species of Sepioidea. Depth had the greatest influence on the three dominant species (Berryteuthis magister, Enteroctopus dofleini, and Opisthoteuthis californiana), followed by SBT and SST. MHWs contributed to marine environmental changes, which, in turn, affected the CPUE of the dominant cephalopod species. Compared to the 2010 MHW, the anomalous warming of the seawater during 2016 caused a reduction in the suitable habitat distribution for B. magister, while increasing suitable habitats for E. dofleini and O. californiana, and thus, increasing cephalopod abundance.","7,9,10,14"
OCLE: An updated of the European high-resolution database for assessing marine ecological systems under present conditions and climate change scenarios,Progress in Oceanography,2025-09-01,237,,,10.1016/j.pocean.2025.103533,ar,Article,1,2-s2.0-105009909044,,1,"Understanding the impacts of climate change on coastal marine species requires high- resolution environmental datasets that integrate physical, chemical, and biological variables. However, existing databases often lack key environmental parameters necessary for accurately assessing species distribution. The OCLE database (https://ocle.ihcantabria.com/), originally introduced in 2018, has now been significantly updated and expanded to address these limitations and meet current research needs in European littoral ecosystems. This new version of OCLE includes a wide range of 16 environmental variables: wave height, wind speed, currents, bottom current speed, sea level, tidal range, bottom shear stress, sea and air temperature and salinity, alongside physicochemical parameters like light, nutrients, pH, turbidity, and extreme event metrics such as marine heatwaves and cold spells. These data are provided at fine-scale spatial resolution (0.05°, approximately 5 km from the coastline up to 20 km offshore; and 0.1°, approximately 10 km beyond this distance to 70 Km) and temporal resolution (yearly from 2000 to 2023), ensuring an accurate representation of local and regional oceanographic processes. In addition, the database incorporates biological records of 22 macroalgae taxa, enhancing its applicability in species distribution models. To support climate impact assessments, OCLE integrates projections from the latest IPCC AR6 scenarios (SSP2-4.5 and SSP5-8.5) for the horizon years 2050 and 2100, allowing researchers to explore potential future shifts in marine ecosystems. By offering freely accessible, spatially homogeneous, and high-resolution environmental data, OCLE represents a major advancement for ecological research, conservation planning, and climate change adaptation strategies. Its integration into ecological forecasting tools provides a valuable resource for assessing the effects of changing environmental conditions on European coastal biodiversity.","5,7,14,15"
"Monitoring coral reefs by remote sensing techniques and acoustic data as a ground truth reference in Hurghada, Red Sea, Egypt",Egyptian Journal of Aquatic Research,2025-09-01,51,3,352-359,10.1016/j.ejar.2025.05.008,ar,Article,1,2-s2.0-105006630725,,1,"The Red Sea hosts unique and ecologically significant habitats, particularly coral reefs, which are increasingly threatened by climate-induced bleaching events. To monitor these impacts, Sentinel-2 satellite imagery, with a spatial resolution of 10 m, was utilized for the detection of coral bleaching. Three analytical techniques, supported by advanced image enhancement processes, were employed to evaluate coral reef conditions, with validation from acoustic measurements and in situ observations. First, Empirical Bathymetry (EB) was applied to estimate water depths and was validated against Echo Sounder (ES) bathymetric data. Second, Depth-Invariant Indices (DII) generate benthic habitat maps, cross-validated using Side-Scan Sonar (SSS) backscatter data. Third, the Pseudo-Invariant Features (PIF) technique enabled the assessment of coral bleaching, with confirmation provided through high-resolution imagery captured by a Remotely Operated Vehicle (ROV). The results yielded bathymetric models, habitat maps, and identification of bleaching events following a recorded marine heatwave. A key finding satellite-based remote sensing offers cost-effective alternative to Marine Geophysical Surveys (MGS) for environmental monitoring at scale. This study contributed to the development database to support long-term marine ecosystem monitoring. This research advances progress toward Sustainable Development Goal (SDG) 13: Climate Action, by laying the foundation for an early warning system for coral reef bleaching.","8,9,10"
Surface and Subsurface Biogeochemical Impacts of the 2019 Northeast Pacific Marine Heatwave,Geophysical Research Letters,2025-08-28,52,16,,10.1029/2025GL115230,ar,Article,0,2-s2.0-105013682654,,1,"Following the highly impactful 2013–2016 Marine Heatwave (MHW), another MHW occurred in the Northeast Pacific during summer 2019. While the physical drivers of this event are well described, its biogeochemical impacts remain poorly understood. We use Ocetrac, a Python package that tracks spatiotemporal extreme events, to identify physical and biogeochemical anomalies associated with the 2019 MHW within two observation-based products, GOBAI-O2 and MOBO-DIC, and model output from the Community Earth System Model Forced Ocean Sea Ice Reconstruction (FOSI). Our findings reveal that warm temperature anomalies associated with the MHW negatively correlate with dissolved inorganic carbon (DIC) and dissolved oxygen (DO). Model reconstruction suggests that DIC anomalies were driven by air-sea flux and biological processes, while anomalies in DO are linked to air-sea flux and circulation. These results underscore the utility of new observational products and models for assessing the biogeochemical consequences of MHWs.","2,4,7,12"
Subsurface manifestation of marine heat waves in the southwestern Indian Ocean,Ocean Science,2025-08-05,21,4,1695-1708,10.5194/os-21-1695-2025,ar,Article,1,2-s2.0-105012985657,,1,"Marine heat waves (MHWs) are extreme events of prolonged, anomalously warm ocean temperatures. Globally, marine heat waves are increasing in frequency and intensity and are responsible for long-term impacts on marine ecosystems, which have devastating socio-economic consequences. A key gap in our understanding of MHWs is how they manifest in the subsurface. This paper uses satellite sea surface temperature (SST) data and in situ subsurface temperature observations from expendable bathythermographs (XBTs) to investigate the anomalous water temperature characteristics associated with surface-identified MHWs in the southwestern Indian Ocean (SWIO) and how they progress through the water column. We find that (1) regions of high eddy activity in the Mozambique Channel and southeast of Madagascar, where eddy kinetic energy is high and SST variability is low, are primarily characterised by the occurrence of abrupt and intense MHWs and that (2) the frequency, duration and intensity of these events are largely associated with mesoscale activity. In these eddy corridors, surface-detected MHW case studies demonstrate a strong, deep-reaching subsurface temperature anomaly signal with a maximum intensity below the surface. The majority of these MHWs are associated with anticyclonic eddies, which provide a possible mechanism for the deep extent of the surface MHWs. Improving our understanding of the interaction between mesoscale features and subsurface MHW characteristics will benefit the prediction of MHWs and management of the regions’ biodiversity.","3,4,10,12"
Marine heatwaves imperil emblematic reef fishes by altering the energetic landscape of coral reefs,Journal of Animal Ecology,2025-08-01,94,8,1553-1568,10.1111/1365-2656.14238,ar,Article,3,2-s2.0-85215668989,39844581,0,"Marine heatwaves are increasingly common due to human-induced climate change. Under prolonged thermal stress on coral reefs, corals can undergo bleaching, leading to mass coral mortality and large-scale changes in benthic community composition. While coral mortality has clear, negative impacts on the body condition and populations of coral-dependent fish species, the mechanisms that drive these changes remain poorly resolved. Specifically, little is known about the effects of coral bleaching on (1) the nutritional quality of corals, (2) nutrient acquisition in coral-feeding butterflyfishes and (3) fish dietary selectivity and potential supplementary consumption of non-coral prey. Here, we evaluate the response of obligate coral-feeding butterflyfishes to a mass coral bleaching event in French Polynesia, which resulted in high coral mortality and a 50% decline in obligate corallivore density. We examine benthic and butterflyfish community composition over two decades, including a mass bleaching event in 2019 and multiple prior disturbances. We couple these data with surveys of butterflyfish feeding selectivity, high-resolution molecular assays of gut contents and nutrient acquisition before, during and after the bleaching event. Contrary to previous studies, obligate corallivores did not strongly alter their feeding preferences for different coral genera in response to bleaching. They did not increase their consumption of non-corals in response to coral mortality, and hard corals continued to dominate their diets (>90%). Instead, butterflyfishes targeted partially bleached corals that were likely releasing nutrient-rich mucus, and they avoided fully bleached and dead corals that were likely nutrient-depleted. Moreover, after bleaching, butterflyfishes exhibit reduced nitrogen assimilation, indicating that coral stress may adversely impact butterflyfish nutrient acquisition. Coupled with the increasing frequency of recurrent bleaching events, severe, long-term nutritional impacts of coral bleaching on butterflyfish populations may jeopardize the persistence of coral-feeding fishes in the future.","7,8,14"
Food web trophic control modulates tropical Atlantic reef ecosystems response to marine heat wave intensity and duration,Journal of Animal Ecology,2025-08-01,94,8,1492-1506,10.1111/1365-2656.14107,ar,Article,7,2-s2.0-85194399483,38790092,1,"Marine heatwaves (MHWs) are episodes of anomalous warming in the ocean that can last from a few days to years. MHWs have different characteristics in terms of intensity, duration and frequency and generate thermal stress in marine ecosystems. In reef ecosystems, they are one of the main causes of the decreased presence and abundance of corals, invertebrates and fish. The deleterious capacity of thermal stress often depends on biotic factors, such as the trophic control of predators on prey. Despite the evidence of thermal stress and biotic factors affecting individual species, the combined effects of both stressors on entire reef ecosystems are much less studied. Here, using a food web modelling approach, we estimated the rate of change in species' biomass due to different MHW characteristics. Specifically, we modelled the mechanistic link between species' consumption rate and seawater temperature (thermal stressor), simulating species' biomass dynamics for different MHW characteristics under different trophic control assumptions (top-down, mixed trophic control and bottom-up). We find that total reef ecosystem biomass declined by 10% ± 5% under MHWs with severe intensity and a top-down control assumption. The bottom-up control assumption moderates the total ecosystem biomass reduction by 5% ± 5%. Irrespective of the MHW characteristics and the trophic control assumption, the most substantial biomass changes occur among top, mesopredators and corals (5% to 20% ± 10%). We show that reef ecosystems where predators exert top-down control on prey are prone to suffer species abundance declines under strong MHW events. We identify food web trophic control as a crucial driver that modulates the impacts of MHWs. Overall, our results provide a unified understanding of the interplay between abiotic stressors and biotic factors in reef ecosystems under extreme thermal events, offering insights into present baselines and future ecological states for reef ecosystems.","7,8,11"
Foraging ecology of swordfish in the California Current Large Marine Ecosystem during an ecosystem regime shift,ICES Journal of Marine Science,2025-08-01,82,8,,10.1093/icesjms/fsaf139,ar,Article,1,2-s2.0-105013303349,,1,"Marine heatwaves are periods of anomalously warm ocean temperatures that can substantially impact marine ecosystems. These events can lead to changes in trophic interactions, food webs, and ecosystem structure, even after they have subsided. In this study, we described changes in swordfish (Xiphias gladius) foraging ecology in the California Current Large Marine Ecosystem (CCLME) over a period of rapid oceanographic and ecosystem change. We used 17 years of data (2007–23) to examine how swordfish diet composition varied through time in the CCLME before, during, and after the severe marine heatwave of 2014–16. Stomachs were collected by fishery observers aboard commercial vessels using drift gillnet and deep-set buoy gear. Prey were identified to the lowest taxonomic level possible and diet composition was analysed using univariate and multivariate methods. Our results showed a shift in diets occurred from cephalopods to epipelagic teleosts in 2014–16. While jumbo squid (Dosidicus gigas) was the most important prey during the early years of the study, Pacific hake (Merluccius productus) and northern anchovy (Engraulis mordax) dominated the diets in more recent years. The diet shifted towards teleosts in 2014–16 coincided with warm sea surface temperature anomalies, stronger stratification and shallower isothermal layer depths, negative North Pacific Gyre Oscillation, and higher anchovy biomass in the study region. Overall, swordfish diets appeared to integrate prey availability, environmental forcing, and spatiotemporal patterns in the CCLME. Our results showed that swordfish are generalist and opportunistic predators that have many characteristics of useful ‘ecosystem sentinels’ such as conspicuousness, sensitivity to ecosystem processes, and timely response to ecosystem shifts. Our findings can inform ongoing ecosystem monitoring efforts in the CCLME, as well as the development of ecosystem models. We also provide a unique perspective on how marine heatwaves may impact trophic connections and marine ecosystems.","7,9,10"
Improved Pacific Decadal Oscillation Prediction by an Optimizing Model Combined Bidirectional Long Short-Term Memory and Multiple Modal Decomposition,Remote Sensing,2025-08-01,17,15,,10.3390/rs17152537,ar,Article,1,2-s2.0-105013098830,,1,"The Pacific Decadal Oscillation (PDO), as the dominant mode of decadal sea surface temperature variability in the North Pacific, exhibits both interannual and decadal fluctuations that significantly influence global climate. The complexity associated with PDO changes poses challenges for accurate predictions. This study develops a BiLSTM-WOA-MMD (BWM) model, which integrates a bidirectional long short-term memory network with a whale optimization algorithm (WOA) and multiple modal decomposition (MMD), to forecast PDO at both interannual and decadal time scales. The model successfully predicts monthly/annual average PDO index of up to 15 months/5 years in advance, achieving a correlation coefficient of 0.56/0.55. By utilizing the WOA to effectively optimize hyperparameters, the model enhances the PDO prediction skill compared to existing deep learning PDO prediction models, improving the correlation coefficient from 0.47 to 0.68 at a 6-month lead time. The combination of MMD and WOA further minimizes prediction errors and extends the forecasting effective time to 15 months by capturing essential modes. The BWM model can be employed for future PDO prediction and the predicted PDO will remain in its cool phase in the next year both using the PDO index from NECI and derived from near-time satellite data. This proposed model offers an effective way to advance the prediction skill of climate variability on multiple time scales by utilizing all kinds of data available including satellite data, and provides a large-scale background to monitor marine heatwaves.",12
Unveiling summer marine heatwave onset mechanisms in the South China sea using an explainable deep learning method,Climate Dynamics,2025-08-01,63,8,,10.1007/s00382-025-07817-2,ar,Article,1,2-s2.0-105012897231,,0,"Marine heatwaves (MHWs) are extreme ocean warming events that profoundly impact marine ecosystems, yet the relative contributions of atmospheric and oceanic drivers before MHW onset in the South China Sea (SCS) remain unclear. To address this, we divided the SCS into five subregions and applied long short-term memory (LSTM) models integrated with the expected gradients method to assess the changing contributions of six key drivers leading to MHW events. Our results show that mixed layer depth is the dominant contributor on the day before MHW onset, reflecting its key role in modulating the ocean’s thermal structure. In contrast, the influence of 10-meter wind fields shows greater spatiotemporal fluctuations compared to that of downward solar shortwave radiation and surface geostrophic currents. Clustering analysis identified five distinct contribution patterns, highlighting pronounced regional differences in MHW-driving mechanisms. The effective contribution windows of each factor are shaped by wind field characteristics, mixed layer dynamics, and local topography. In open-sea regions, zonal winds exert an earlier and more sustained influence, highlighting their role in facilitating horizontal heat transport. Conversely, their impact in nearshore areas is more delayed and short-lived, likely due to modulation by complex coastal topography that affects local circulation and vertical mixing. Meanwhile, shallower mixed layers in these coastal regions tend to exhibit more prolonged contributions, as they respond more rapidly to surface heat fluxes. Additionally, meridional wind plays a crucial role across all regions from 30 to 5 days before MHW onset, marking a key window for MHW prediction. This study demonstrates the effectiveness of interpretable deep learning in uncovering MHW onset mechanisms and provides a foundation for developing region-specific predictive models for the SCS.","4,12"
Novel contributions to marine heatwave ecology: Identifying and addressing knowledge gaps in ecological impacts,Journal of Animal Ecology,2025-08-01,94,8,1481-1491,10.1111/1365-2656.70084,ed,Editorial,0,2-s2.0-105012593016,40765116,1,"As the climate crisis unfolds, marine heatwaves (MHWs), defined as discrete periods of anomalously high seawater temperatures, are emerging as one of the most pervasive threats to marine biodiversity worldwide. From coastal shallow waters to the deep sea, increasingly frequent and intense MHWs are reshaping ocean life at all levels of ecological organisation, undermining ecosystem resilience and compromising the provision of essential ecosystem services to human societies. This growing environmental challenge has rendered a new scientific discipline—marine heatwave ecology—which aims to advance our understanding, forecasting capacity and mitigation of MHW impacts on ecological systems. These priorities are central to marine science and conservation. Yet, despite increasing scientific attention, many critical research questions remain unresolved. In this cross-journal Special Feature, published across the Journal of Animal Ecology, Journal of Ecology and Functional Ecology, we present a collection of 13 studies that address some of the most pressing knowledge gaps in MHW ecology. These studies were conducted across diverse ocean basins and encompass a wide range of marine taxa, such as corals, macroalgae, seagrasses, molluscs, fish and plankton, among others. They span multiple levels of ecological organisation, from individual organisms to entire ecosystems, and employ a variety of methodologies and approaches. Collectively, the contributions to this special feature demonstrate how MHWs erode ecosystem resilience, reveal previously hidden biological and ecological impacts and show that vulnerability not only depends on thermal tolerance but also on environmental context. The studies also explore how MHW effects cascade up and down across levels of ecological organisation and reinforce the importance of applying ecological frameworks to better categorise and understand MHW dynamics. Finally, we have identified remaining knowledge gaps to guide future research, essential to further develop the MHW ecology field and to inform more effective conservation and management strategies. This will be especially urgent in the context of a rapidly warming ocean, where strong and recurrent MHWs are becoming the new normal.","7,11,14"
On the interconnection of marine heatwaves and the extremely severe cyclonic storms Mocha and Biparjoy in the Northern Indian Ocean,Natural Hazards,2025-08-01,121,15,18205-18225,10.1007/s11069-025-07513-8,ar,Article,1,2-s2.0-105011068433,,0,"This study examines the two successive Marine Heatwave (MHW) events and their influence on the formation of two Extremely Severe Cyclonic Storms (ESCSs) in the Northern Indian Ocean (NIO). Strong MHWs were observed in the central and northern Bay of Bengal (BoB) before the genesis of the ESCS Mocha (09–15th May 2023). It was observed that the ESCS Mocha intensified rapidly upon encountering strong MHWs (mean intensity of ≈1.25 ∘C) along its trajectory. During the intensification phase of Mocha in the BoB, an anti-cyclonic circulation formed over the Arabian Sea (AS). This anti-cyclonic circulation strengthened in the presence of Mocha and persisted for some time even after Mocha made landfall, following which it gradually dissipated. Our study suggests that this anti-cyclonic circulation caused atmospheric subsidence, as evident from reduced cloud cover and high outgoing longwave radiation. Due to the reduced cloud cover, increased net shortwave radiation at the ocean surface was noted, which resulted in positive net heat flux, leading to the warming of the AS. This sustained warming was further reinforced by the presence of low-salinity plumes, which inhibited vertical mixing, as evident from shallower mixed layer depths. The combined effect of these processes led to the formation and gradual intensification of surface and subsurface MHWs, causing the Tropical Cyclone Heat Potential (TCHP) to increase over the same region. These strong MHWs and increased TCHP created a conducive environment for the cyclogenesis of the ESCS Biparjoy (06–19th June 2023) in the AS, which came shortly after Mocha. These findings underscore the need to assess the broader socio-economic and ecological impacts of interconnected natural hazards, especially in vulnerable coastal regions.","4,5,9,10"
More intense and prolonged bottom marine cold-spells than surface: evidence from the continental shelf of China,Environmental Research Letters,2025-08-01,20,8,,10.1088/1748-9326/ade81b,ar,Article,1,2-s2.0-105009847494,,1,"Marine cold-spells (MCSs), the cold ocean temperature extremes as the counterpart to marine heatwaves (MHWs), may have brutal impacts on marine ecosystems and fisheries. However, recent MCS-related researches mainly focused on the ocean surface, while the character of bottom MCSs (BMCSs) remains unclear. Here, we provide an analogous assessment of BMCSs and surface MCSs (SMCSs) over the continental shelf of China based on a 1/12° ocean reanalysis dataset during period of 1993-2023. We found that the duration and cumulative intensity of BMCSs can be longer and more intense than SMCSs, up to 20 d and ‒20 °C days, respectively. The mean and cumulative intensities of BMCSs and SMCSs increased in most regions, reaching 0.2 °C-0.4 °C/10a and 20 °C-40 °C days/10a, respectively. In contrast, there are no clear trends in the area-averaged time series of BMCS/SMCS metrics over the period 1993-2023. In terms of category and seasonal variations, BMCS generally has longer days than SMCS in the Moderate and Strong categories, persists longer than SMCS in summer and autumn (ranging from 2-6 d), and is more intense than SMCS in autumn and winter (ranging from 1 °C-2 °C). There are clear differences in category and seasonal changes between BMCS and SMCS. Furthermore, annual BMCS days are positively correlated with bottom depth, while mean intensity is negatively correlated. In addition, BMCS and SMCS often co-occur over shallow areas where the mixed layer depth can extend to the bottom.","3,7"
Drivers of kelp forest refugia during successive disturbance events,Journal of Ecology,2025-08-01,113,8,2013-2029,10.1111/1365-2745.70072,ar,Article,0,2-s2.0-105008199102,,1,"Increased ocean temperatures have led to large-scale declines in many ecologically important species, including kelp forests. Spatial heterogeneity across seascapes could protect kelp individuals and small populations from thermal stress and nutrient limitation. Habitat features within upwelling regions may facilitate the transport of deep, cold water into shallow systems, but little is known about the spatiotemporal occurrence or stability of these climate refugia. Kelp in climate refugia may, however, also experience other stressors, such as overgrazing by kelp herbivores, reducing their effectiveness. Here, we use high-resolution kelp canopy maps generated from CubeSat constellation data to characterize kelp persistence in northern California following a dramatic decline in kelp abundance due to increased temperature and nutrient limitation during a severe marine heatwave and continued intense grazing pressure by purple sea urchins. Kelp persistence was associated with local areas of relatively cool water temperature and seascape features such as shallow depths and low-complexity bathymetry, which may have provided refuge from overgrazing. However, a very small percentage of kelp forests in the region exhibited high persistence, with many forests present in only one or two of the 9 years studied. Most kelp patches were not spatially stable over time. Initially, kelp presence aligned with climate refugia, but as overgrazing emerged as the dominant driver of kelp distributions post-2019, kelp shifted to areas that offered protection from grazing pressure. Synthesis. Cooler areas with localized upwelling acted as climate refugia during the increased ocean temperatures from the 2014–2016 marine heatwave, supporting nutrient-rich environments and mitigating heat stress for kelp forests. However, these temperature refugia often did not spatially overlap with areas providing protection from grazing pressure, leaving kelp forests vulnerable to future warming even within temperature refugia if grazing pressure remains high.","3,7,11"
Recovery mode: Marine protected areas enhance climate resilience of invertebrate species to marine heatwaves,Functional Ecology,2025-08-01,39,8,1879-1893,10.1111/1365-2435.70060,ar,Article,2,2-s2.0-105006613104,,1,"Marine protected areas (MPAs) can promote population recovery from climate change impacts by reducing local stressors like fishing. However, with extreme climatic events such as marine heatwaves (MHWs) increasing in frequency and duration, it remains unclear whether MPAs enhance resistance to and recovery from these acute perturbations and how resilience varies across species and ecological traits (e.g. sedentary vs. mobile species). We used 15 years (2007–2021) of kelp forest monitoring data in Isla Natividad, Mexico, to assess the impact, resistance and recovery of the 2014–2016 MHWs on the fish and invertebrate communities inside and outside two fully protected marine reserves. The 2014–2016 MHWs, the most intense and persistent observed in Isla Natividad that coincided with the loss of giant kelp forest, impacted invertebrates but not fish biomass. Marine reserves conferred resistance to the MHWs for the invertebrate communities and wavy turban snails (Megastraea spp.) (J. H. McLean, 1970), as the impact was less severe than in the reference sites. In addition, reserves enhanced the recovery of some species after the MHWs. Inside marine reserves, abalone (Haliotis spp.) (Linnaeus, 1758) and wavy turban snail (benthic sedentary invertebrates) recovered to pre-heatwave biomass after 2 years, and spiny lobster (Panulirus interruptus) (Randall, 1840) (benthic mobile invertebrate) after 4 years. Outside the reserves, abalone recovered after 3 years, while the other two species never recovered. The warty sea cucumber (Apostichopus parvimensis) (H. L. Clark, 1913) population collapsed after the MHWs and never recovered inside or outside the reserve. Remarkably, abalone biomass had an outstanding and sustained recovery inside reserves, with a fourfold increase in biomass after the MHWs, which was nearly three times higher than the recovery reported outside the reserve. No other species had a sustained recovery after the MHWs, neither inside nor outside the reserve. Our analysis of long-term monitoring data shows that marine reserves cannot fully prevent adverse impacts from extreme climatic events but can enhance species resistance to and recovery from these events. However, benefits conferred by small marine reserves are species-specific and may be limited to species with limited dispersal and localized population dynamics.","7,11"
Calcium carbonate production by the massive coral Mussismilia hispida in subtropical reefs of the Southwestern Atlantic,Marine Environmental Research,2025-08-01,209,,,10.1016/j.marenvres.2025.107218,ar,Article,1,2-s2.0-105004872726,40373644,0,"Corals, as primary calcifiers, play a vital role in synthesizing calcium carbonate (CaCO3) to build their skeletons, contributing to the formation of complex benthic habitats that support high biodiversity and marine productivity. However, coral habitats have dramatically declined worldwide due to ocean warming and acidification. Interestingly, the subtropical Southwestern Atlantic (SWA) has emerged as a potential refuge, where corals like Mussismilia hispida exhibit resilience to thermal anomalies. In this study, we estimate CaCO3 production by M. hispida in subtropical SWA reefs, revealing an average growth rate of 4.3 ± 1 mm/year and a CaCO3 production rate of 1.31 ± 0.3 kg. m−2. year−1. These values are comparable to tropical reef systems, suggesting that M. hispida contributes significantly to carbonate production, even in higher latitude environments. Moreover, despite experiencing one of the most intense thermal anomalies recorded, colony abundance (i.e., ind. m−2) and carbonate production remained stable, emphasizing the potential of the region as a climate refuge. While many tropical reefs act as net CO2 sources due to the release of CO2 during calcification, SWA subtropical reefs present lower coverage of corals. They are dominated by algae and other primary producers, acting as an important potential carbon sink through photosynthesis and long-term storage of carbon over centuries as mineralized CaCO3. Thus, we provide evidence that M. hispida, by producing ∼170 tons. year−1 of CaCO3 in the subtropical reefs of the Alcatrazes Archipelago, acts as a key player in carbon sequestration and CaCO3 production in higher latitude SWA areas.","8,11"
Marine heatwaves amplify benthic community metabolism and solute flux in a seafloor heating experiment,Functional Ecology,2025-08-01,39,8,1856-1868,10.1111/1365-2435.70028,ar,Article,1,2-s2.0-105000963364,,1,"The magnitude and frequency of marine heatwaves are increasing and predicted to intensify, but our ability to understand the real-world effects on vital benthic ecosystems is lagging behind. Prior insights into the impacts of marine heatwaves are often derived from observational or laboratory studies. Observational studies may not fully disentangle the complexities of potential compound events and typically focus on severe, often lethal marine heatwaves. Laboratory studies, on the contrary, while valuable for understanding specific mechanisms, often use artificial setups and can introduce unnatural disturbances that do not reflect real-world scenarios. To investigate sublethal temperature effects of marine heatwaves in a natural benthic habitat, we developed a novel approach for inducing elevated water temperatures in situ over several days. The system utilizes domestic underfloor heating technology combined with custom-made benthic chambers. We placed 10 chambers for 15 days in a bare-sediment habitat at 2.5 m depth and heated five chambers to 5°C above ambient water temperatures in summer for 6 days, followed by a period of 7 days at ambient temperatures. Incubations during day and night were performed during the experiment to assess changes in ecosystem functioning (solute fluxes) and sediment cores were collected at the end of the experiment to assess the effects of a realistic marine heatwave on benthic community structure. The results indicate that while the benthic community structure remained similar between the treatments, except for a size shift of Marenzelleria spp. towards smaller individuals in the heated treatment, elevated temperatures caused a significant increase in community respiration and amplified the magnitude of either efflux or influx of nutrients (NH4+-N, PO43−-P and Si). Primary production during daytime incubations remained mostly unaffected by the heatwave treatment, contributing to the concept of heterotrophy being more influenced by increased temperatures than autotrophy. This study confirms the suitability of the novel system for examining the impact of temperature on benthic habitats in situ and demonstrates its potential for the investigation of complex habitats and communities, which are essential for our understanding of the ecosystem-level effects of climate change. Read the free Plain Language Summary for this article on the Journal blog.","3,7,11"
Extreme sensitivity of the northeastern Gulf of Lion (western Mediterranean) to subsurface heatwaves: Physical processes and insights into effects on gorgonian populations in the summer of 2022,Ocean Science,2025-07-24,21,4,1487-1503,10.5194/os-21-1487-2025,ar,Article,0,2-s2.0-105017314086,,1,"In the summer of 2022, atmospheric conditions characterized by persistent anticyclonic anomalies caused an extreme marine heatwave in the western Mediterranean Sea. Time series of temperature profiles at various points along the northeastern coast of the Gulf of Lion (NW Mediterranean Sea) showed exceptional temperatures down to depths of 30 m, which led to massive mortality of benthic species. A hydrodynamic numerical simulation was used to analyze the physical processes responsible for this subsurface heatwave in a region where the climatology in summer is characterized by northerly winds inducing upwelling alternating with low winds. Firstly, the recurrence of heatwaves limited to the surface was demonstrated, triggered when upwelling stopped and warm water from the Northern Current intruded onto the shelf. More importantly, in August and early September 2022, two episodes of southerly and easterly winds of 8 to 10 m s-1 occurred. The oceanic response to these winds was an alongshore cyclonic current advecting warm water onto the shelf and a downwelling of this warm water to depths of the order of 30 to 40 m. A large part of the Gulf of Lion coast was warmed by these events. However, the northeastern part of the shelf, on either side of the city of Marseille, was by far the area most affected at depth due to the combination of the proximity of the warm surface waters of the Ligurian coast advected by wind-induced currents and the local acceleration of the wind by the continental topography, which intensifies the downwelling of these surface waters. These events are rare in summer, but their impact on the rich benthic ecosystems that characterize the region is dramatic and will only increase with the warming trend in surface waters, which is already close to 1 °C, as seen over the last decade. Copyright:","3,4,7,11"
Temporal change in the abundance and size distribution patterns of temperate deep reef sessile communities under multiple climate disturbances,Estuarine Coastal and Shelf Science,2025-07-15,318,,,10.1016/j.ecss.2025.109224,ar,Article,2,2-s2.0-85219533963,,1,"Climate change poses significant challenges to sessile benthic shallow reef communities, with increased frequency and intensity of marine heatwaves and storms exacerbating these threats. Marine imagery from autonomous underwater vehicles has recently shown that mesophotic reefs (30–150 m) are also vulnerable to climate-induced changes. However, the absence of historical monitoring in these previously inaccessible systems hinders our ability to detect or interpret changes and their underlying drivers. To better understand the variability, we assessed temporal changes over a six-year period in the abundance and size-frequency distribution of mesophotic sessile benthic reef invertebrates in southern Tasmania, a region that is exposed to some of the world's highest wave energy and accelerated warming rates. Our cutting-edge use of artificial intelligence-assisted methods for size estimation from marine imagery indicates a significant increase in the abundance and size of cup-like sponges and bramble octocorals, which is contrasted by a marked decline in the population of locally abundant soft arborescent octocorals, particularly small individuals. Despite an increase in mean size and apparent stability, the absence of significant recruitment for most morphospecies may mask underlying vulnerabilities. While causation cannot be attributed here, this region frequently experiences large storms capable of affecting the seabed at depths of 140 m. The trends observed align with expectations of how these communities may respond under such conditions. The importance of continued monitoring, alongside robust physical data collection, cannot be overstated if we are to better understand population dynamics and drivers of change in these mesophotic reef communities.","3,7,11"
"Marine heatwaves effects on quantity, composition, and turnover of sedimentary organic matter in a Mediterranean coastal lagoon: A benthocosm study",Estuarine Coastal and Shelf Science,2025-07-15,318,,,10.1016/j.ecss.2025.109252,ar,Article,0,2-s2.0-105000303744,,1,"Marine heatwaves (MHWs), caused by climate change, are becoming increasingly frequent and more intense, impacting benthic marine ecosystems. Nonetheless, knowledge about MHWs effects on the sediment biogeochemistry of coastal lagoons are almost unknown. We show that MHWs of different intensity (+4, +8 °C) simulated in benthocosm altered quantity, biochemical composition and nutritional quality of sedimentary organic matter obtained from a Mediterranean coastal lagoon. Sedimentary contents of carbohydrates, chlorophyll-a, and total phytopigments and biopolymeric C decreased significantly (by ca. −25, −37, −34, −15 %, respectively) already at +4 °C; at +8 °C those changes were accentuated for almost all variables (by −34, −48, −50, −14 %, respectively), including lipids (by −16 %), ultimately causing a drop in the nutritional quality of food for the benthos. This was plausibly the result of interacting (possibly synergistic) factors including the decay of labile molecules exposed to warmer conditions, an increased consumption due to the stimulation of heterotrophic activity by warmer temperatures, and an increased degradation (up to 31 % at +4 °C) due to the stimulation of extracellular enzymes. We can anticipate that more frequent, intense and long-lasting MHWs will influence at large sedimentary biogeochemistry in coastal lagoons and their ability to store blue C. However, since our experiments did not control for other factors possibly interacting at the microscale (e.g. microbial communities’ responses to warming and hypoxia), we foster the need of further studies to disentangle the effects of MHWs from those of other climatic stressors.","3,7,11"
‘The fish that stop’: drivers of historical decline for Pacific cod and implications for modern management in an era of rapidly changing climate,Philosophical Transactions of the Royal Society B Biological Sciences,2025-07-10,380,1930,,10.1098/rstb.2024.0278,ar,Article,2,2-s2.0-105010704349,40635437,1,"In the Gulf of Alaska, a series of marine heat waves depleted Pacific cod (Gadus macrocephalus) biomass to the lowest abundance ever recorded and led to the fishery’s closure in 2020. Although the fishery has been productive for decades, this collapse may have historical precedents. Traditional knowledge holders refer to cod as ‘the fish that stop’, and there is a suggested period of decline in the 1930s. Here we conduct a catch reconstruction of the early commercial fishery (1864–1950), confirming a rapid catch decline in the 1920s and 1930s. Next, we evaluate evidence for possible drivers. We document changes to demand and technology that contributed to declining catch. However, we also find both qualitative and quantitative evidence of depletion, suggesting catch declines were not driven entirely by social factors. Overfishing may have contributed to localized catch declines as evidenced by declining catch rates in heavily fished localities. We also find evidence for climate as a driver of regional decline, with the period of catch decline characterized by up to 2°C higher temperatures as compared to the earlier period of high fisheries production. Our analysis underscores the importance of understanding long-term drivers of fisheries productivity and the value of linking fisheries and climate histories. This article is part of the theme issue ‘Shifting seas: understanding deep-time human impacts on marine ecosystems’.","5,9,10"
Local Environmental Filtering and Frequency of Marine Heatwaves Influence Decadal Trends in Coral Composition,Diversity and Distributions,2025-07-01,31,7,,10.1111/ddi.70043,ar,Article,2,2-s2.0-105011064799,,1,"Aim: We explored how repeated marine heatwaves and the local environment (wave exposure and depth) influenced responses of coral assemblages to bleaching events. Location: Lakshadweep Archipelago, Northern Indian Ocean. Time Period: 1998 to 2022. Major Taxa Studied: Scleractinian corals. Methods: We collected coral genera data using photoquadrat methods across deep and shallow reefs, subjected to three major bleaching events. We tracked coral mortality and recovery rates from these events to determine if they were influenced by wave exposure and depth. We then used regression models to explore how temporal trends of 29 common genera were influenced by wave exposure, depth, past bleaching events and recovery time. Finally, we used hierarchical clustering to group genera with similar responses. Results: Over 24 years, coral cover declined from 37.24% to 19.6%, reflecting a roughly 50% reduction from the 1998 baseline. This decline was explained by reduced recovery rates after each bleaching event, despite coral mortality (both absolute and proportional) decreasing with successive events. Recovery rates dramatically increased after 6 years, suggesting a critical period of bleaching-free years needed for reefs to recover. We observed contrasting responses of coral genera which clustered in six groups representing distinct assemblage-wide patterns in distribution (depth and wave exposure) and bleaching responses. Genera with different life histories clustered together, highlighting the importance of local environments in determining the survival and recovery of corals across taxa. Main Conclusion: Resistance to bleaching events and recovery potential of coral reefs in the Lakshadweep Archipelago is mediated by environmental filtering of coral composition by wave exposure and depth. Our results provide a predictive framework based on coral clusters that could inform resilience planning. Coral fate, however, will be determined by the return time of bleaching events, underscoring that urgent climate action is critical to secure the ecological integrity of tropical reefs.","8,11"
Univariate deep learning framework for short-term SST forecasting at high spatio-temporal scales,Environmental Research Communications,2025-07-01,7,7,,10.1088/2515-7620/ade7d6,ar,Article,0,2-s2.0-105009990138,,1,"We present a univariate hybrid machine learning framework to predict daily high resolution Sea Surface Temperature (SST) near the Gulf of Kutch region at a resolution of ∼5.5 km. The hybrid model integrates Intrinsic Mode Functions (IMF) derived from variational mode decomposition with a Long Short-Term Memory (LSTM) network to augment predictive skill. The predicted SST demonstrates impressive performance up to lead times of 7 days. Using statistical metrics like Kullback-Leibler divergence and mutual information, we show that the SST predicted from the hybrid model with a lead time of 3 days decisively outperforms the high-resolution GLORYS SST reanalysis let alone forecast skills of a data-assimilated dynamical model. Using conditional probability, we show that the SST forecasts from the hybrid model are quite reliable over the entire range of SST observations in the study domain. In contrast, the reliability of GLORYS falters in the lower range of SST observations. Also, the hybrid model excels in capturing fine-scale SST features, such as SST fronts, and detecting Marine Heatwaves (MHWs) up to 3 days in advance. These capabilities hold significant applications for Potential Fishing Zone identification and coral bleaching alerts. The hybrid model framework is also adept at forecasting location specific high frequency (3 hourly) SST with a lead time of a day.","2,8,12"
The Emergence of Near-Permanent Marine Heatwave State in the Tropical Indian Ocean During 2023–2024,International Journal of Climatology,2025-07-01,45,9,,10.1002/joc.70014,ar,Article,1,2-s2.0-105009234060,,0,"In 2023/24, global mean surface temperatures exceeded 1.5°C above pre-industrial levels, and the Tropical Indian Ocean (TIO) experienced a record-breaking basin mean anomalous warming of 0.88°C. This unprecedented warming in the TIO is linked to the severe and long-lasting marine heatwave (MHW) events ever recorded in the region, reconciling with the ongoing long-term warming and internal climate variabilities. The MHW events of 2023/24 were primarily centred in the Arabian Sea (AS) and southwestern TIO regions, with mean intensities of 0.73°C and 0.89°C, respectively. The prolonged MHW event developed in the AS region in August 2023 and in the southwestern TIO in July 2023 due to increased oceanic heat gain associated with increased insolation and reduced latent heat loss. The MHW event in the AS was sustained throughout the remainder of the year and the following year by subsurface warming due to the convergence of surface winds in the AS and suppressed cooling by vertical processes. In the southwestern TIO, the event intensified and lasted till December 2024, driven by thermocline warming induced by downwelling Rossby waves, triggered by intensified easterlies associated with an anomalously westward extended cold tongue in the equatorial Indian Ocean, linked to the co-occurrence of strong El Niño and extreme equatorial positive Indian Ocean Dipole (PIOD) events. The extreme warming of the TIO during 2023/24 underscores the ongoing impact of climate change on global ocean surface warming.","5,10"
Subsurface Heatwaves and Cold Spells in the South China Sea Regulated by ENSO: Role of the South China Sea Throughflow,Geophysical Research Letters,2025-06-28,52,12,,10.1029/2025GL114692,ar,Article,1,2-s2.0-105008437449,,1,"Reanalysis data reveals that the South China Sea (SCS) experiences intensified subsurface marine heatwaves (MHWs) and marine cold spells (MCSs) near the thermocline. On the interannual scale, surface and subsurface events demonstrate an opposite correlation with ENSO, primarily due to distinct drivers at different depths. During the developing phase of El Niño, the Luzon Strait transport, indicative of the SCS throughflow (SCSTF), increases and necessitates stronger upwelling for mass balance. This upwelling, acting on large subsurface vertical temperature gradients, induces significant subsurface cooling and the occurrence of MCSs. As El Niño matures, excessive atmospheric heat flux warms the surface layer, triggering surface MHWs. This heat is then transported downward mainly by vertical turbulent mixing, diminishing subsurface cooling, and terminating subsurface MCSs. The scenario reverses during La Niña events. The SCSTF serves as a vital oceanic pathway, transmitting ENSO signals into the SCS and profoundly modulating subsurface MHWs and MCSs.","3,4,10"
AdriE: a high-resolution ocean model ensemble for the Adriatic Sea under severe climate change conditions,Ocean Science,2025-06-16,21,3,1003-1031,10.5194/os-21-1003-2025,ar,Article,2,2-s2.0-105008290907,,1,"The Adriatic Sea (eastern Mediterranean Basin) is traditionally considered a natural laboratory for studying a number of oceanographic processes of global interest, including coastal dynamics, dense water formation, and thermohaline circulation. More recently, the intensification of the effects of climate change and the increasing awareness of its possible consequences on the natural and socio-economic assets of the Adriatic Basin have opened new research questions and reframed most of the existing ones into a multi-decadal timescale. In this perspective, a description of the possible evolution of the physical oceanographic processes is one of the key requirements for addressing the multi-disciplinary challenges set by climate change, but up to now it has not been possible to combine, for this basin, a sufficiently high resolution in the process description with an estimate of the uncertainty associated with the predictions. This work presents an ensemble modelling approach (AdriE - Adriatic Sea Ensemble) for the kilometre-scale description of hydrodynamics in the Adriatic Sea in an end-of-century time frame. Addressing 3D circulation and thermohaline dynamics within the Regional Ocean Modelling System (ROMS), the ensemble consists of six climate runs encompassing the period from 1987 to 2100 in a severe RCP8.5 scenario forced by the SMHI-RCA4 regional climate model, driven by as many different CMIP5 general climate models made available within the EURO-CORDEX initiative. The climate ensemble is flanked by a dedicated evaluation run for the 1987-2010 period, in which SMHI-RCA4 has been driven by reanalysis fields approximating the best available boundary conditions, thus isolating the intrinsic sources of uncertainty in the RCA4-ROMS modelling chain. In order to allow a direct comparison, the assessment of the model skills in the evaluation run borrows, as far as possible, data and approaches used for the evaluation of a recent kilometre-scale, multi-decadal modelling effort for this region. The model performances are mostly aligned with the state-of-the-art reference. In particular, good results in describing the main features of marine heatwaves and cold spells, such as timing, intensity, and interannual variability, indicate that the AdriE ensemble can effectively be used for studies on the occurrence and effects of thermal extremes in the basin. Future projections suggest an increase in temperature and salinity at upper and intermediate depths, resulting in an overall decrease in water density and possibly in deep ventilation rates. Projected variations are stronger in summer and autumn, and in these seasons the ensemble range is larger than the spatial variability of the quantities and occasionally comparable with the intensity of the climate signal, highlighting the importance of an ensemble approach to treat the climate variability at this timescale. The dataset presented in this study, which can be used for the analysis of coastal and continental margin processes of general interest, is fully available upon request to the corresponding author, and monthly averages of the main quantities are available for each run on a dedicated Zenodo repository.","5,12,15"
Intraspecific facilitation in an intertidal foundation species plays fundamental role in promoting resistance to extreme climatic events,Oikos,2025-06-01,2025,6,,10.1111/oik.11079,ar,Article,2,2-s2.0-85218274520,,1,"Atmospheric and marine heatwaves are becoming more frequent, and severe, increasingly pushing organisms past their critical thermal limits and threatening the persistence of entire populations. Under greater levels of stress, positive species interactions (e.g. facilitation) are predicted to become increasingly important in promoting population and community-level resistance and resilience. While ecological interactions are important in driving the structure of marine benthic communities, the strength and nature of facilitative interactions under realistic stress conditions have rarely been empirically tested in these systems. Using an intertidal rocky shore dominated by the canopy-forming macroalga Fucus serratus as a model system, we conducted a novel manipulative field experiment to simulate a realistic three-day atmospheric heatwave and examined physiological responses of F. serratus fronds under both high and low-density treatments. We recorded a prominent facilitative interaction between canopy-forming plants and their sub-canopy counterparts, which almost completely ameliorated thermal stress. This positive interaction was evident at low density treatments and despite overlying air temperatures far exceeding previous estimates of the critical thermal maximum of F. serratus. However, despite sustained intraspecific facilitation, consecutive exposures to high air temperatures led to reduced resilience of canopy-forming plants. Our results have direct implications for assessing population-level vulnerability to current and future warming trends. We show 1) intraspecific facilitation will likely play a pivotal role in mediating stress, even at lower canopy densities, allowing the persistence of foundation species under extreme warming, and 2) consecutive exposures to stressful temperatures will reduce thermal resilience, jeopardizing positive ecological interactions. More broadly, incorporating facilitative interactions under extreme climatic events into predictions of responses to climate change will improve the accuracy of future vulnerability assessments.","5,7,11"
Seasonal variations in marine heatwaves and their underlying mechanisms in the East China Sea,Acta Oceanologica Sinica,2025-06-01,44,6,33-41,10.1007/s13131-020-1589-x,ar,Article,0,2-s2.0-105015073887,,1,"Marine heatwaves (MHWs) in the East China Sea (ECS), especially those occurring on the ocean bottom (referred to as bottom marine heatwaves, BMHWs), can significantly affect regional ecosystems. However, our understanding of the seasonal variations in the MHWs in the ECS remains limited. This study investigates the characteristics of MHWs in the ECS in summer and winter using high-resolution oceanic reanalysis. Our analyses reveal distinct spatial patterns of BMHWs in these seasons. During summer, the Taiwan Warm Current plays a crucial role in transporting warm water northward, potentially leading to intense BMHWs on the central ECS shelf. These BMHW events usually occur independently of surface warming due to strong stratification in summer. Conversely, winter BMHWs are more prevalent in coastal regions under the influence of coastal currents and typically feature consistent warming from surface to bottom with a deepened mixed layer. These findings inform the coherent vertical structure and driving mechanisms of MHWs in the ECS, which are essential for predicting and managing these extreme events in the future.","3,4,10,11"
Subsurface marine heat waves and coral bleaching in the southern red sea linked to remote forcing,Weather and Climate Extremes,2025-06-01,48,,,10.1016/j.wace.2025.100771,ar,Article,2,2-s2.0-105004758428,,1,"Research on marine heat waves (MHWs) in the Red Sea has focused on the surface signatures of these extreme warm events, such as the sea surface temperature (SST). This focus may potentially neglect the detrimental effects of subsurface MHWs. The unprecedented coral bleaching event observed in the southern Red Sea in 2015, despite less intense SSTs than in the MHW in 2002, highlights this oversight. A high-resolution regional reanalysis of the Red Sea reveals that 2015 and 2002 were characterized by subsurface heat content anomalies of opposite signs at depths up to 100 m, with positive anomalies in 2015 and negative anomalies in 2002. A heat budget analysis suggests that the primary heat source is advection from the southern boundary connecting with the Gulf of Aden (GoA). The advection of negative temperature anomalies from the GoA contributed to decreased subsurface heat in 2002, and the advection of positive temperature anomalies from the GoA contributed to increased subsurface heat in 2015. The total increase in the subsurface heat observed in 2015 is linked to the reduction in Red Sea surface water (RSSW) and GoA intermediate water (GAIW). The higher sea surface height (SSH) and deeper 25σ isopycnal in GoA during 2015 resulted in horizontal pressure differences between the southern Red Sea and GoA, corresponding to the reduced flow of RSSW and GAIW that year. The primary factor contributing to the elevated SSH and deeper 25σ isopycnal is the presence of an anticyclonic eddy (Somali current ring) along the western shores of the GoA. The probable cause for the stronger anticyclonic eddy in 2015 compared to 2002 is the decreased intensity of the westward-propagating upwelling Rossby waves that originated from as far away as the Arabian Sea and the western coasts of India.","3,4,8"
Observed Subsurface Marine Heatwaves Driven by Subsurface Eddies in the Western Tropical Pacific Ocean,Geophysical Research Letters,2025-05-28,52,10,,10.1029/2025GL115039,ar,Article,2,2-s2.0-105005953725,,1,"Marine heatwaves (MHWs) are extreme warm water events with high impact, but the drivers of subsurface MHWs, particularly the role of subsurface eddies in the occurrence of subsurface MHWs, are unclear yet. Previous studies suggest that surface warm water convergence due to wind forcing is the major driver of subsurface MHWs in the western tropical Pacific Ocean. However, here we find that quite a few of subsurface MHWs in the western tropical Pacific Ocean show significant co-occurrence with subsurface anticyclonic eddies using in situ observations from buoys and Argo floats. These co-occurring events are characterized by a lens-shaped temperature structure with a subsurface warm core and encircled by an anomalous anticyclonic circulation pattern. Subsurface anticyclonic eddies, accompanied by subsurface oceanic convergence and downwelling, lead to strong downward heat transport and onset of subsurface MHWs. These findings indicate that the subsurface eddies are also an important driver of subsurface MHWs.","3,4"
More but Smaller: Marine Heatwaves Exacerbate Size Truncation in Overfished Fish Communities in the Skagerrak,Ecology and Evolution,2025-05-01,15,5,,10.1002/ece3.71404,ar,Article,0,2-s2.0-105004674728,,1,"As we are progressing through the Anthropocene, it is imperative to understand how ecosystems degraded by historical impacts respond to future pressures. Particular attention should be directed at changes in the distribution and function of foundation species due to their disproportionately important ecological roles. Forest-forming kelps are in decline and are being replaced by turf-forming algae in coastal areas globally, as a consequence of increasingly severe marine heatwaves (MHW). This replacement represents a miniaturization of the three-dimensional habitat and a change in habitat functions for many associated species. Ecologically, economically, and culturally important coastal fish species depend on kelp forests in different life stages from egg to adult and may be affected in various ways. Many of these species already suffer from centuries of overexploitation, severely reducing abundances, truncating sizes, and changing age distributions. Here, we studied an overfished coastal ecosystem and assessed the impact of the transition from kelp to turf on the structure and function of associated fish communities. Specifically, we analyzed differences in abundance, body size, and composition of benthic fish at sites with variable cover of kelp and turf. We found higher abundances of small fish with increasing cover of turf relative to kelp. We also found smaller fish within the common families of gobids and gadids. Thus, MHW exacerbate size truncation and trophic downgrading in coastal fish communities. However, no differences in abundances of fish in the water column were detected during the night, and the average size of fish at turf-dominated sites was even larger. We interpreted this as roving predatory fish during night-time being less affected by the shift in habitat and smaller-bodied prey avoiding the water column in open turf habitats.","7,9,11,14"
Surface and Subsurface Compound Marine Heatwave and Biogeochemical Extremes Under Climate Change,Global Biogeochemical Cycles,2025-05-01,39,5,,10.1029/2025GB008514,ar,Article,4,2-s2.0-105003960710,,1,"Marine species are increasingly threatened by extreme and compound events, as warming, deoxygenation, and acidification unfold. Yet, the surface and especially the subsurface distribution and evolution of such compound events remain poorly understood. We present the current and projected distributions of compound marine heatwave (MHW), low oxygen (LOX), and high acidity (OAX) events throughout the water column, using observation-based data from 2004 to 2019 and large ensemble Earth system model simulations from 1890 to 2100. Our findings reveal that compound MHW-OAX and OAX-LOX events are prevalent in the low to mid latitudes at the ocean surface. At 200 and 600 m, MHW-OAX and MHW-LOX events are frequent in the high latitudes and parts of the tropics, while OAX-LOX events occur globally. Subsurface compound events are often associated with vertical displacements of water masses, with the climatological vertical gradients of ecosystem stressors typically explaining their occurrence patterns. Projections show a strong rise in compound event frequency over the historical period and under continued global warming, primarily driven by shifts in mean oceanic conditions. The portion of the top 2,000 m affected by extreme or compound events rises from 20 (Formula presented.) to 98 (Formula presented.) under 2°C of global warming in a high emissions scenario using a preindustrial baseline, and to 30 (Formula presented.) using a shifting-mean baseline. However, physical and biogeochemical changes may also lead to regional decreases in subsurface events, highlighting complexities in how warming, deoxygenation, and acidification unfold in the ocean interior. Increasing compound event frequency poses a major threat to marine ecosystems, potentially disrupting food webs and biodiversity.","3,6,7,9,14"
Extreme Events Contributing to Tipping Elements and Tipping Points,Surveys in Geophysics,2025-04-01,46,2,375-420,10.1007/s10712-024-09863-7,ar,Article,6,2-s2.0-85209222973,,1,"This review article provides a synthesis and perspective on how weather and climate extreme events can play a role in influencing tipping elements and triggering tipping points in the Earth System. An example of a potential critical global tipping point, induced by climate extremes in an increasingly warmer climate, is Amazon rainforest dieback that could be driven by regional increases in droughts and exacerbated by fires, in addition to deforestation. A tipping element associated with the boreal forest might also be vulnerable to heat, drought and fire. An oceanic example is the potential collapse of the Atlantic meridional overturning circulation due to extreme variability in freshwater inputs, while marine heatwaves and high acidity extremes can lead to coral reef collapse. Extreme heat events may furthermore play an important role in ice sheet, glacier and permafrost stability. Regional severe extreme events could also lead to tipping in ecosystems, as well as in human systems, in response to climate drivers. However, substantial scientific uncertainty remains on mechanistic links between extreme events and tipping points. Earth observations are of high relevance to evaluate and constrain those links between extreme events and tipping elements, by determining conditions leading to delayed recovery with a potential for tipping in the atmosphere, on land, in vegetation, and in the ocean. In the subsurface ocean, there is a lack of consistent, synoptic and high frequency observations of changes in both ocean physics and biogeochemistry. This review article shows the importance of considering the interface between extreme events and tipping points, two topics usually addressed in isolation, and the need for continued monitoring to observe early warning signs and to evaluate Earth system response to extreme events as well as improving model skill in simulating extremes, compound extremes and tipping elements.","6,11,12"
FISHING FOR OCEAN DATA IN THE EAST AUSTRALIAN CURRENT,Oceanography,2025-04-01,38,,67-71,10.5670/oceanog.2025e105,ar,Article,2,2-s2.0-105004687976,,1,"Knowledge of the three-dimensional structure and variability of ocean temperature is critical for understanding ocean circulation, heat uptake, marine extremes, and the abundance and distribution of marine life. While satellite technology offers near-global coverage of surface ocean temperatures, subsurface observations represent a big gap in the coastal ocean record. Here we present the first results from FishSOOP (Fishing Vessels as Ships of Opportunity Program), Australia’s pilot program that uses commercial fishing gear to collect subsurface ocean data. Since early 2023, temperature and pressure data have been collected through the FishSOOP project across the Australian continental shelf and upper-slope waters. These new data provide insights into the development of marine heatwaves throughout the water column and new understanding of how the East Australian Current interacts with shelf water to produce nonuniform temperature changes. Comparison with the South East Australian Coastal Ocean Forecasting System (SEA-COFS) model indicates potential for improving forecasts of upper ocean heat content and subsurface temperatures by filling large gaps in observational data coverage. FishSOOP already provides a step change in the amount of open access temperature data available as well as ocean information critical to marine industries for operational decision-making, showing the value of using fishing vessels to observe challenging western boundary current regions.","3,4,13"
Advanced forecasts of global extreme marine heatwaves through a physics-guided data-driven approach,Environmental Research Letters,2025-04-01,20,4,,10.1088/1748-9326/adbddd,ar,Article,2,2-s2.0-105001174559,,1,"The unusually warm sea surface temperature events known as marine heatwaves (MHWs) have a profound impact on marine ecosystems. Accurate prediction of extreme MHWs has significant scientific and financial worth. However, existing methods still have certain limitations, especially in the most extreme MHWs. In this study, to address these issues, based on the physical nature of MHWs, we created a novel deep learning neural network that is capable of accurate 10 day MHW forecasting. Our framework significantly improves the forecast ability of extreme MHWs through two specially designed modules inspired by numerical models: a coupler and a probabilistic data argumentation. The coupler simulates the driving effect of atmosphere on MHWs while the probabilistic data argumentation approaches significantly boost the forecast ability of extreme MHWs based on the idea of ensemble forecast. Compared with traditional numerical prediction, our framework has significantly higher accuracy and requires fewer computational resources. What’s more, explainable AI methods show that wind forcing is the primary driver of MHW evolution and reveal its relation with air-sea heat exchange. Overall, our model provides a framework for understanding MHWs’ driving processes and operational forecasts in the future.","4,12"
Research on weather and climate extremes over China: 2024 progress of the National Key R&D Program of China for Earth System and Global Change,Transactions of Atmospheric Sciences,2025-03-28,48,2,177-206,10.13878/j.cnki.dqkxxb.20250112001,ar,Article,0,2-s2.0-105010129584,,0,"The article reviews the progress made in 2024 under China's National Key R&D Program for Earth System and Global Change. It highlights key research findings across five areas: observational facts and circulation characteristics of extreme event changes, key oceanic processes and air-sea interaction mechanisms, the influence of oceanic processes on extreme weather and climate, land surface processes and their impacts, and the simulation and prediction of extreme events. Significant advances in 2024 include the following: 1) Our study examined the impact of long-term warming trends on record-breaking high-temperature in China events over the past 40 years. Using the Universal Thermal Climate Index (UTCI), we characterized the spatial distribution and long-term trends of extreme high-temperature events. Observational evidence was provided for changes in hourly and daily extreme precipitation across eastern China during different warming periods. Additionally, regional differences in the duration of summer heatwaves and their associated large-scale circulation anomalies were identified. The dynamic and thermal characteristics of extreme heatwaves in the middle and lower reaches of the Yangtze River were analyzed, and attribution studies assessed the influence of human activities on extreme temperature events in Asian hotspots. 2) We quantified the role of the winter North Pacific Oscillation (NPO) in shaping subsequent ENSO events, emphasizing the contribution of tropical Pacific interannual-decadal variability to pro-longed La Niña events. Our research also proposed a modulation mechanism whereby La Niña's zonal position influences the Indian Ocean Dipole (IOD) and identified seasonal reversals in ENSO's impact on sea surface temperature (SST) in the East China Sea-Kuroshio Region. Furthermore, we investigated the seasonal predictability of SST anomalies and marine heatwaves in the Kuroshio Extension Region, highlighting the role of nonlinear processes in the amplitude evolution of the Madden-Julian Oscillation (MJO) and extreme MJO formation. Additionally, pathways linking anthropogenic forcing, natural variability, and internal climate fluctuations to multidecadal changes in the North Atlantic were explored. 3) Our findings revealed asymmetric ENSO influences on the late-winter ""Warm Arctic-Cold Eurasia"" pattern and identified links between ENSO and precipitation patterns in eastern China during early and late winter. The connection between ENSO and the Kuroshio anticyclone was also examined. Seasonal mechanisms linking ENSO to SST variability in the East China Sea-Kuroshio Region and its influence on East Asian precipitation were clarified. We found a strong association between Mega-ENSO and the poleward shift of typhoon genesis locations in the western North Pacific, while trans-basin tropical air-sea interactions were shown to affect typhoon formation frequency. Furthermore, we identified Antarctic warming-induced South Atlantic warming as a key driver to the 2022 East Asian heatwaves and demonstrated that tropical North Atlantic variability modulates forest wildfire activity in Northeast China. 4) We investigated the role of Eurasian soil moisture variability in triggering clustered extreme precipitation events in northern China and evaluated the influence of snow cover on subseasonal temperature variability and predictability. Attribution and projection studies examined drought patterns influenced by land surface factors and land-atmosphere coupling. The physical mechanisms linking land surface processes and land-sea interactions to summer precipitation, extreme Meiyu events, and heavy rainfall in China were further elucidated. Additionally, we assessed the impact of summer irrigation in North China on the diurnal cycle of precipitation and regional water cycles, as well as the effects of urbanization on mesoscale convective systems and heavy rainfall in the Pearl River Delta during warm seasons. 5) The simulation capabilities of CMIP6 models in representing the subseasonal reversal of the ""Warm Arctic- Cold Eurasia"" pattern were systematically evaluated. A seasonal prediction model for compound extreme heat-humidity events in southeastern China was developed. Using an interannual increment approach, a physical-statistical prediction model for summer heavy precipitation days (HPDs) in North China was established. Additionally, deep learning techniques were employed to enhance dynamical model predictions of summer extreme precipitation in the middle and lower Yangtze River basin. Further advancements in dynamical model development and their predictive applications were explored. Finally, this article outlines key challenges and research priorities for future studies, aiming to advance understanding of extreme weather and climate in China.","4,5,10,12"
The impact of a marine heatwave on the productivity and carbon budget of a NW Mediterranean seaweed forest,Marine Pollution Bulletin,2025-03-01,212,,,10.1016/j.marpolbul.2025.117595,ar,Article,2,2-s2.0-85216083688,39879851,0,"Marine forests support coastal biodiversity and ecosystem functioning. Nonetheless, how their productivity and carbon uptake might be affected by extreme events, such as marine heatwaves (MHWs), is yet to be explored. We experimentally evaluated the changes in oxygen and carbon budgets of the benthic community formed by the fucoid Ericaria brachycarpa induced by the exposure to a MHW. Rocks colonized by E. brachycarpa and associated macroalgal and invertebrate assemblages were collected at Capraia Island (NW Mediterranean) and put into six 500 L tanks at 23 °C. After 10 days of acclimation, the seawater temperature in three randomly chosen tanks was gradually elevated to 30.5 °C and maintained for 5 days, to simulate a MHW predicted by the end of the century under the RCP 8.5 scenario. Oxygen and carbon metabolic rates of the whole community were evaluated under light and dark conditions, using transparent and black incubation chambers, respectively. The exposure to the MHW caused a reduction in Net Community Productivity (NCP) and increased Community Respiration (CR). There was a trend for MHW to enhance total DIC release through the reduction of calcification and the increase of respiration rates, thus shifting the community metabolism to net heterotrophic. Lower net productivity and carbon uptake suggest that the role of these forests in sustaining coastal food webs and mitigating CO2 emissions could be reduced under future climates. These results have implications for devising climate-proof strategies of conservation and restoration of macroalgal forests.","7,9,11"
Dual Effects of Marine Heatwaves on Typhoon Intensity and Associated Heat Dissipation,Remote Sensing,2025-03-01,17,6,,10.3390/rs17060968,ar,Article,1,2-s2.0-105001143261,,1,"Based on the positions of 1027 typhoons that passed through the Western Pacific (WP), East China Sea (ECS), and South China Sea (SCS), the results indicate that the category of marine heatwaves (MHWs) significantly decreases or dissipates after a typhoon’s passage, with stronger typhoons causing more pronounced dissipation. The presence of MHWs does not necessarily enhance typhoon intensity; in as many as 151 cases, typhoons weakened despite the presence of MHWs. Furthermore, case studies were conducted using three typhoons that traversed different regions—Hinnamnor (2022), Mawar (2023), and Koinu (2023)—to investigate the dual effects of MHWs on typhoon intensity and their dissipation using satellite observations and ocean reanalysis datasets. Results show that MHWs enhance typhoon intensity by increasing sea surface temperature (SST) and ocean heat content (OHC), while also strengthening stratification through a shallower mixed layer depth (MLD), creating favorable conditions for intensification. While MHWs may initially enhance typhoon intensity, the passage of a typhoon triggers intense vertical mixing and upwelling, which disrupts MHW structures and alters heat distribution, potentially leading to intensity fluctuations. The impact of MHWs on typhoon intensity varies in time and space, MHWs can sustain typhoon strength despite heat loss induced by the typhoon. Additionally, variations in OHC and the mean upper 100 m temperature ( (Formula presented.) ) were more pronounced in the inner-core region (R50) than in the outer-core region (R30), indicating that energy exchange is concentrated in the inner core, while broader air–sea interactions occur in the outer core. The results show that MHWs can enhance typhoon development by increasing stratification and SST but are also highly susceptible to rapid dissipation due to typhoon-induced impacts, forming a highly dynamic two-way interaction.","4,5,10"
Impact of Anticyclonic Mesoscale Eddies on the Vertical Structures of Marine Heatwaves in the South China Sea,Remote Sensing,2025-02-01,17,3,,10.3390/rs17030370,ar,Article,2,2-s2.0-85217778140,,1,"Under global warming, the South China Sea (SCS) is experiencing increasingly severe marine heatwaves (MHWs), with impacts on marine ecosystems such as coral reefs and marine pastures becoming more evident. The numerous anticyclonic eddies (AEs) distributed in the SCS are important drivers of MHW generation and development, yet their impacts on MHWs are still not fully understood. In this study, the vertical structures of various types of MHWs inside the AEs and in the background field were mapped and compared, and we found that AEs of varying amplitudes have distinct impacts on the vertical structures of MHWs. MHWs inside the AEs can be divided into two categories: subsurface-reversed MHWs and subsurface-intensified MHWs. The former is manifested as anomalous cooling in the subsurface, driven by the uplift of thermocline due to the inhibition of downward mixing. The latter is characterized by anomalous warming in the subsurface, resulting from strong vertical warm-water subsidence induced by large-amplitude AEs. This process may penetrate the thermocline and produce maximum warming anomalies in the layer beneath the region of greatest temperature gradient change. Our research reveals characteristics of various vertical structures of MHWs in the SCS, attributing their differences to the stable water layer’s different response to varying intensities of vertical heat conduction, and deepening people’s understanding of the impact of AEs in the SCS on the vertical structure of MHWs.","3,4,13"
Self-organising maps reveal distinct spatial and temporal patterns in the build-up of marine heatwaves in the Tasman Sea,Ocean Dynamics,2025-02-01,75,2,,10.1007/s10236-025-01660-z,ar,Article,1,2-s2.0-85217425044,,1,"Marine heatwaves (MHWs) pose a significant threat to marine ecosystems and economies. Predicting MHWs is essential for mitigating their impact, but remains a challenge. Despite considerable progress having been made in understanding the regional-scale drivers of MHWs, a significant knowledge gap remains when it comes to understanding the synoptic-scale processes associated with these events. In this study, we used self-organising maps to identify the synoptic-scale atmospheric and oceanic patterns associated with MHWs identified in four sub-regions of the Tasman Sea between 1985 and 2014. Our results reveal patterns associated with recurring, as well as distinct extreme warming events. We show that anomalous atmospheric influence is consistently present during MHWs and that the two most recurring patterns are linked to a La Niña climate phase. Distinct synoptic air-sea patterns are also identified in the 1997/98 El Niño event. Furthermore, we identify a ‘reservoir’ of warm subsurface temperatures from 2000-2014, during which MHW frequency increased two-fold. Importantly, we have identified patterns of persistent anomalous conditions before the onset of MHWs with timescales on the order of days for atmospheric conditions and weeks to months for oceanic conditions, providing valuable insight into MHW predictors. These findings highlight the importance of understanding synoptic-scale drivers of MHWs and timescales of recurring patterns for MHW prediction. The temporal variability observed in the lead-up to MHWs underscores the potential significance of factors such as surface-layer temperature and sea-level anomalies in capturing longer-term warming trends, likely influenced by sustained atmospheric stress and oceanic dynamics, whilst atmospheric conditions at onset precipitate the transition to the extreme warming thresholds.","4,5,10,12"
Projected marine heatwaves over the Mediterranean Sea and the network of marine protected areas: a three-dimensional assessment,Climatic Change,2025-02-01,178,2,,10.1007/s10584-025-03860-4,ar,Article,3,2-s2.0-85217424047,,1,"Marine heatwaves (MHWs) are periods of abnormally warm ocean temperatures that exert significant impacts on marine ecosystems. MHWs are commonly identified as periods when temperature conditions surpass predetermined thermal thresholds. Although they can propagate beneath the ocean’s surface, MHWs are typically assessed using sea surface temperatures. In this study, we investigate the future progression and depth penetration of MHWs across the Mediterranean Sea and the existing network of Marine Protected Areas (MPAs). We utilize daily three-dimensional seawater temperature projections from the POLCOMS-ERSEM model for the period 2006–2100 from surface to 2000 m depth under the RCP8.5 forcing scenario, to explore the future spatio-temporal properties of MHWs. We employ two different baseline climatological periods for establishing thresholds based on which MHWs are identified: one remains constant, while the other is adjusted in time to reflect the evolving adaptive capacities of ecosystems in response to long-term warming trends. Our analysis reveals that, regardless of the threshold applied, the Mediterranean MPAs will experience long-lasting and intense MHWs in the future across the ocean’s depths. While the utilization of a shifting baseline period results in shorter and milder shallow MHWs within the Mediterranean MPAs (i.e. annual duration: 45 days per year and mean annual intensity: 1.63 °C) compared to the fixed baseline approach (i.e. annual duration: 195 days per year and mean annual intensity: 1.89 °C), deeper ocean zones exhibit a saturation of MHWs, with year-round events, particularly below 1000 m, under both baseline approaches. Our findings highlight the profound penetration of MHWs into the ocean's depths, posing a serious threat to the protected ecosystems of the Mediterranean, especially in marine subsurface environments. Notably, our findings suggest that MHWs are expected to demonstrate similar spatio-temporal patterns to those observed within the MPAs across the entire Mediterranean basin. MPAs are, thus, anticipated to face equivalent challenges from MHW impacts, affecting their protected ecosystems and biodiversity across various depths.","1,3,5,7,10"
"Distinct interspecies thermal resistance strategies exhibited by euplanktonic, tychoplanktonic and benthic diatoms under marine heatwaves",Marine Environmental Research,2025-02-01,204,,,10.1016/j.marenvres.2024.106859,ar,Article,0,2-s2.0-85210539281,39631319,2,"Extreme climate events, such as marine heatwaves (MHWs), are expected to occur more frequently and intensely in the future, resulting in a substantial impact on marine life. The way that diatoms respond to MHWs may have crucial effects on global primary production and biogeochemical cycles. Euplanktonic diatoms appear to benefit from MHWs directly, but this phenomenon needs an explanation. As concerns tychoplanktonic and benthic diatoms, no studies have been addressed on their thermal response strategies. To address this, we investigated the responses and underlying mechanisms of three typical growth forms of diatoms, Pseudo-nitzschia multiseries (euplanktonic), Paralia guyana (tychoplanktonic) and Navicula avium (benthic), under heat stress by combining a growth experiment with transcriptomic analysis. Our results showed that the physiological responses of diatoms to MHWs and underlying molecular mechanisms are largely related to their growth forms. The euplanktonic diatom was first depressed, but then had a distinct increase in the growth rate accompanied by inducing zeatin and unsaturated fatty acid biosynthesis and repressing substance assimilation and energy metabolism. Contrarily, the benthic diatom showed elevated substance and energy demands for macromolecules accumulation by reducing cell division and increasing photosynthesis and nitrogen assimilation. The tychoplanktonic diatom exhibited higher physiological plasticity to maintain growth and cellular homeostasis. Our results indicate the increased rate of cell division in euplanktonic diatoms under heat stress is likely an emergency response strategy promoting diatom dispersal for survival, but at the cost of disturbances of metabolic balance.","7,11"
Marine heatwave in the Oyashio region in 2022/23 and its impact on subsurface dissolved oxygen,Journal of Oceanography,2025-02-01,81,1,23-39,10.1007/s10872-024-00731-x,ar,Article,5,2-s2.0-85203130479,,1,"The Oyashio region east of northern Japan has experienced frequent marine heatwaves (MHWs) since 2010, and in the summer and fall of 2022, sea surface temperature hit a record high as of that year. This study examined the impact of the 2022/23 MHW on dissolved oxygen (DO) by analyzing observations from a vessel and biogeochemical Argo floats. It was found that warm saline water from the Kuroshio Current intruded at ~ 42°N in July. DO anomalies from the climatology above a depth of 200 m were negatively correlated with the temperature anomalies at the same depth, while the opposite was true for deeper depths. In the density coordinate, DO and temperature anomalies exhibited a strong negative correlation when the potential density (σθ) was less than ~ 27.0 kg m−3. Thus, it was demonstrated that subsurface DO anomalies could be statistically predicted from temperature and salinity fields using this relationship. Notably, DO anomalies could be divided into components related to isopycnal mixing and density-surface heaving. This decomposition revealed a dynamical process, whereby the intrusion of the Kuroshio water, which is lighter than the Oyashio water, pushed down the density surfaces, causing oxygenation. Meanwhile, isopycnal mixing tended to mitigate the increase of DO concentration since DO concentration was smaller in the south than in the north on an isopycnal surface of σθ < 27.0 kg m−3. This study clarified that, during the 2022/23 MHW, deoxygenation occurred near the surface owing the warming, whereas the DO concentration increased in the subsurface layer.","3,4,7"
Arctic and Subarctic marine heatwaves and their ecological impacts,Frontiers in Environmental Science,2025-01-01,13,,,10.3389/fenvs.2025.1473890,re,Review,5,2-s2.0-86000473928,,1,"The Arctic and Subarctic seas are predicted to become hotspots for marine heatwaves (MHWs). High-latitude marine ecosystems face unique consequences from accelerated warming and sea ice loss, challenging species adapted to cold conditions. We review the literature on MHW characteristics and ecological impacts in the Arctic and Subarctic seas, and contrast MHW characteristics between the Bering Sea and Barents Sea. We uncover the pervasive impacts of MHWs across widely different organism groups, including benthic foundation species, phytoplankton, zooplankton, fish, seabirds, and marine mammals. MHWs in the Arctic marginal seas are especially prevalent in areas experiencing sea ice retreat, such as seasonal sea ice zones, highlighting the complex interplay between MHWs and sea ice dynamics. Overall, few studies have documented the ecological impacts of MHWs on high-latitude ecosystems, with the notable exception of the impacts from the Bering Sea and Chukchi Sea MHWs in 2017–2019. Many Arctic species, with their cold and narrow thermal preferences, appear vulnerable to MHWs, as they might not have access to cold climate refugia, while boreal species appear to benefit from Arctic and Subarctic MHWs. Sessile foundation species, such as kelp and seagrasses, are especially at risk during MHWs, although in the Arctic evidence of MHWs impacts remains limited. Reproductive failure and mass mortality events have been documented for several species in the Pacific Arctic (e.g., seabirds, fish, crabs). MHWs have been observed to have ecosystem-wide repercussions in the northern Bering Sea and Chukchi Sea with shifts in plankton communities affecting the entire food web. The ecological responses to MHWs in the Arctic and Subarctic ecosystems are still not fully understood, highlighting a need for further research to assess the direct and indirect impacts on various taxa and to improve predictive models for better management and conservation strategies. MHWs can also have large consequences for ecosystem services and socio-ecological systems, for example, closures of economically valuable and culturally important fisheries, as seen in Alaska, degradation of traditional ice-hunting practices, and compromised wellbeing of coastal communities. Large and abrupt ecosystem changes following MHWs underscore the urgent need for adaptive management strategies in the face of ongoing climate change.","5,7,9,10,11"
Marine heatwaves and changes in macroalgae richness and composition from Antarctic Peninsula and South Shetland Islands: concise review,Anais Da Academia Brasileira De Ciencias,2025-01-01,97,1,,10.1590/0001-3765202520240580,ar,Article,1,2-s2.0-85219085018,39968980,1,"The emerging global events of Marine Heatwaves (MHW), including those in Antarctica, are generally caused by large-scale meteorological and oceanographic changes responsible for rapid warming, but with lasting consequences in marine communities worldwide. Several abiotic features, such as surface seawater temperature (SST), salinity, pH, nutrients, and ice dynamic limit the reproduction, growth and distribution of macroalgae, which are sensitive to abrupt oscillations in these features resulting in changes in polar assemblages. This review compiled and related MHWs spatial data from South Shetland Islands (SSI), Eastern and Western Antarctic Peninsula (EAP/WAP), discussing seaweed assemblages possible responses on composition, distribution and richness, as well species expansion and retreat. Additionally, we present an updated and compiled checklist of macroalgal taxa from the WAP. The present data showed a clear enhance in MHWs events in SSI, when compared to EAP and WAP. Also, this coincides with the increase in richness and distributional changes of seaweed assemblages along the SSI, in the last decade. Changes in these marine sentinel assemblages constitute a warning to the Antarctic biota. Besides, the present review expands current polar knowledge and detects gaps in Antarctic phycological conservation studies and their connections facing climate change.","5,7,14"
Remote sensing analysis of marine heatwaves and Typhoon Hinnamnor (2022) in the Western Pacific,Proceedings of SPIE the International Society for Optical Engineering,2025-01-01,13262,,,10.1117/12.3042636,cp,Conference Paper,0,2-s2.0-85216878839,,0,"This study utilizes remote sensing analysis to investigate the interaction between a marine heatwave (MHW) and Typhoon Hinnamnor (2022) in the Western Pacific Ocean. An extreme MHW developed in two subregions (122-150°E, 20-28°N (box A) and 122-132°E and 26-35°N (box B)), reaching category 3 in box A due to a shallow mixed layer depth (MLD), increased upper-ocean stratification, and substantial heat fluxes. These conditions elevated the sea surface temperature (SST) to 31°C and caused subsurface warming, creating an energy-rich environment along Typhoon Hinnamnor's path. This MHW facilitated the rapid intensification of Hinnamnor, which reached peak intensity at an unprecedented speed. In turn, Typhoon Hinnamnor disrupted the MHW through intense wind-driven mixing, which deepened the mixed layer, cooled the surface, and diminished the subsurface heat content. This cooling effect reduced the SST anomalies post- Hinnamnor, with a slower recovery observed in the deeper layers, suggesting long-term impacts on ocean stratification. By analyzing high-resolution satellite SST data and ocean reanalysis models, we quantified changes in SST, mixed layer depth (MLD), ocean heat content (OHC), and average temperature within the upper 100 meters (T/100). The results underscore the feedback mechanisms between MHWs and tropical typhoons, showing how MHWs can fuel typhoon intensification while typhoons can disrupt these warming events. This study contributes to a better understanding of compound extreme events in a warming climate. It underscores the importance of monitoring surface and subsurface ocean changes to improve resilience and preparedness for coastal ecosystems and communities impacted by extreme marine and atmospheric phenomena.","2,4,6,10"
Geographical patterns of intraspecific genetic diversity reflect the adaptive potential of the coral Pocillopora damicornis species complex,Plos One,2025-01-01,20,1 January,,10.1371/journal.pone.0316380,ar,Article,1,2-s2.0-85216363510,39841675,1,"Marine heatwaves are increasing in intensity and frequency however, responses and survival of reef corals vary geographically. Geographical differences in thermal tolerance may be in part a consequence of intraspecific diversity, where high-diversity localities are more likely to support heat-tolerant alleles that promote survival through thermal stress. Here, we assessed geographical patterns of intraspecific genetic diversity in the ubiquitous coral Pocillopora damicornis species complex using 428 sequences of the Internal Transcribed Spacer 2 (ITS2) region across 44 sites in the Pacific and Indian Oceans. We focused on detecting genetic diversity hotspots, wherein some individuals are likely to possess gene variants that tolerate marine heatwaves. A deep-learning, multi-layer neural-network model showed that geographical location played a major role in intraspecific diversity, with mean sea-surface temperature and oceanic regions being the most influential predictor variables differentiating diversity. The highest estimate of intraspecific variation was recorded in French Polynesia and Southeast Asia. The corals on these reefs are more likely than corals elsewhere to harbor alleles with adaptive potential to survive climate change, so managers should prioritize high-diversity regions when forming conservation goals.","8,11"
Using Community Composition and Successional Theory to Guide Site-Specific Coral Reef Management,Global Change Biology,2025-01-01,31,1,,10.1111/gcb.70050,ar,Article,4,2-s2.0-85216292249,39873121,1,"High spatial or temporal variability in community composition makes it challenging for natural resource managers to predict ecosystem trajectories at scales relevant to management. This is commonly the case in nearshore marine environments, where the frequency and intensity of disturbance events vary at the sub-kilometer to meter scale, creating a patchwork of successional stages within a single ecosystem. The successional stage of a community impacts its stability, recovery potential, and trajectory over time in predictable ways. Here we demonstrate the value of successional theory for interpreting fine-scale community heterogeneity using Hawaiian coral reefs as a case study. We tracked benthic community dynamics on 36 forereefs over a 6-year period (2017–2023) that captures impacts from high surf events, a marine heatwave, and unprecedented shifts in human behavior due to the COVID-19 pandemic. We document high spatial variation in benthic community composition that was only partially explained by island and environmental regime. Through hierarchical clustering, we identify three distinct community types that appear to represent different successional stages of reef development. Reefs belonging to the same community type exhibited similar rates of change in coral cover and structural complexity over time, more so than reefs located on the same island. Importantly, communities that were indicative of early succession (low coral cover reefs dominated by stress-tolerant corals) were most likely to experience an increase in coral cover over time, while later-stage successional communities were more likely to experience coral decline. Our findings highlight the influence of life history and successional stage on community trajectories. Accounting for these factors, not simply overall coral cover, is essential for designing effective management interventions. Site-specific management that accounts for a community's unique composition and history of disturbance is needed to effectively conserve these important ecosystems.","8,9,11"
"Seamless monitoring of marine heatwaves: capability of gap-filled, geostationary satellite sea surface temperature data",Giscience and Remote Sensing,2025-01-01,62,1,,10.1080/15481603.2024.2447746,ar,Article,3,2-s2.0-85214277674,,1,"Continued global warming leads to an increase in the frequency and intensity of marine heatwave events. Monitoring of spatial-temporal variations in sea surface temperature (SST) is crucial for mitigating the environmental and economic damage caused by marine heatwaves to ecosystems and fisheries. While geostationary satellites can provide hourly SST data at local and large scales, cloud cover poses a fundamental limitation due to its shielding of the infrared radiation from the ocean surface. To address this limitation, we applied Data Interpolating Empirical Orthogonal Functions (DINEOF) to hourly GEO-KOMPSAT-2A/Advanced Meteorological Imager (GK2A/AMI) SST data to produce gap-filled SST datasets. Validation of the gap-free AMI SST data was performed using in situ buoy data. Our results showed that the errors in the gap-free AMI SST did not significantly differ from those in the original satellite data. Notably, the gap-free SST exhibited lower errors even in the high-SST range (above 28 ~ 31 °C), confirming its ability to effectively monitor extreme ocean warming events. Seamless SST data played a crucial role in identifying and comprehensively analyzing the record-breaking East Asian marine heatwave event in 2021, tracing its evolution from the formation to decaying phases. These advanced data not only provide essential insights into the characteristics and impacts of marine heatwaves but also enable a detailed examination of their diurnal cycle by restoring data with an average of 75% missing values (79.34%). Moreover, these seamless SST data serve as inputs for numerical modeling and the deep learning algorithms and has immense potential for both forecasting marine heatwaves and implementing a 24-h continuous monitoring technique. These benefits extend beyond historical event detection, enabling the anticipation and mitigation of oceanic phenomena through proactive measures.","2,12,15"
An Informer-based prediction model for extensive spatiotemporal prediction of sea surface temperature and marine heatwave in Bohai Sea,Journal of Marine Systems,2025-01-01,247,,,10.1016/j.jmarsys.2024.104037,ar,Article,5,2-s2.0-85213520249,,0,"Marine heatwaves (MHWs) are prolonged events of extreme sea surface temperature (SST) that have adverse effects on marine ecosystems and socio-economic aspects. Therefore, accurately and effectively predicting SST and MHW events in advance is crucial for mitigating their adverse effects. However, prediction of extreme events over the long term remains a significant challenge. In this study, we apply a deep-learning technique based on Informer, combined with the Empirical Orthogonal Function (EOF) and Empirical Mode Decomposition (EMD), named EOF-EMD-Informer, to improve the prediction of MHWs' occurrence on spatiotemporal scales. Extensive experiments in the Bohai Sea, based on daily satellite-observed SST, shows that the proposed Informer-based model outperforms recurrent neural networks and their variants in medium-term prediction of SST and MHWs' occurrence. The model performs well in predictions up to 30 days ahead, with a root mean square error of about 0.96 °C and an F1 score of about 0.93. About 51 % of the spatial grids have a root mean square error smaller than 0.55 °C with EOF-EMD-Informer model, representing an improvement of approximately 5 % and 27 % compared to the EMD-Informer and Informer models, respectively. This study serves as a proof of concept, demonstrating the potential applications of Informer-based methods in medium-term (up to at least 30 days) predictions of daily SST and MHWs and highlighting their effectiveness in extensive spatiotemporal predictions.","2,12"
Monitoring seawater temperature variability in stratified coastal waters: A case study for Alcatrazes Archipelago conservation area (SE Brazil),Regional Studies in Marine Science,2025-01-01,81,,,10.1016/j.rsma.2024.103991,ar,Article,2,2-s2.0-85213252225,,0,"Monitoring seawater temperature is fundamental for understanding changes in marine biodiversity, especially in vertically stratified environments. We present water temperature variability analyses using low-cost sensors in the Alcatrazes Archipelago, Brazilian Southeastern region, showing strong seasonal vertical stratification. Temperature data was recorded at different depths at six sites between February/2022 and February/2024, complemented by thirty-five sampling campaigns using multiparameter probes. Metrics were derived from these observations, providing information about changes in thickness of the following categorical layers: surface mixed layer, thermocline, and contributions of the South Atlantic Central Water mass (SACW). Vertical stratification occurred between November and March, with a warm (29.0°C) and shallow mixed layer and SACW reaching 14.4°C at the bottom. The water column was vertically homogeneous from April to September, with 21.9°C on average. However, winter temperatures differed notably, with 2023 being 1.1°C warmer than 2022. SACW was consistently present in the summer, with estimated residence times up to 60 days at 25 m and 20 days at 10 m. In shorter time scales, spectral analysis revealed energy peaks from 2.4 to 7 days, suggesting that tides and the wind field disrupt the temperature vertical gradient, and a non-metric multidimensional scaling analysis clustered the sites according to their local depth. We verified the occurrence and persistence of warmer and colder water periods and the coincidence with NOAA's reports of marine heatwaves for a single site where data was available from December/2021 to May/2024. We found warmer events lasting 6.5 days on average at depths of 3 m and 8 m. The proposed simple metrics proved satisfactory for describing major vertical temperature gradient patterns in the region, subsidizing the understanding of the local biodiversity with depth and time. The approach can be replicated in different stratified sites in the coastal areas.","3,4,13"
"Organic matter ingestion and assimilation rates by the sea cucumber Holothuria (Holothuria) tubulosa (Gmelin, 1788) at different temperatures and potential effects on benthic trophic status",Marine Environmental Research,2025-01-01,203,,,10.1016/j.marenvres.2024.106830,ar,Article,2,2-s2.0-85212161437,39531744,1,"We investigated the effects of different temperature anomalies (up to +12 °C) on the biochemical features of sediments offered to specimens of the sea cucumber Holothuria (Holothuria) tubulosa (Gmelin, 1788) and of its feces. We also estimated ingestion and assimilation rates of different classes of organic compounds after the different treatments. The exposure to temperature anomalies influenced the metabolism and organic matter assimilation efficiency of H. tubulosa. Counterintuitively, our results would suggest that H. tubulosa, irrespectively of temperature, might not be the best option for removing excess organic matter from eutrophicated sediments, though having consequences on the organic matter nutritional quality. Since oceans’ temperature is projected to further increase by 2100 along with frequency, intensity and duration of marine heatwaves, H. tubulosa will most likely experience a potential contraction of its distribution areal, with cascading consequences on benthic trophic webs dynamics.","3,7,14"
Impact of ocean data assimilation on the seasonal forecast of the 2014/15 marine heatwave in the Northeast Pacific Ocean,Atmospheric and Oceanic Science Letters,2025-01-01,18,1,,10.1016/j.aosl.2024.100498,ar,Article,1,2-s2.0-85191340479,,1,"A remarkable marine heatwave, known as the “Blob”, occurred in the Northeast Pacific Ocean from late 2013 to early 2016, which displayed strong warm anomalies extending from the surface to a depth of 300 m. This study employed two assimilation schemes based on the global Climate Forecast System of Nanjing University of Information Science (NUIST-CFS 1.0) to investigate the impact of ocean data assimilation on the seasonal prediction of this extreme marine heatwave. The sea surface temperature (SST) nudging scheme assimilates SST only, while the deterministic ensemble Kalman filter (EnKF) scheme assimilates observations from the surface to the deep ocean. The latter notably improves the forecasting skill for subsurface temperature anomalies, especially at the depth of 100–300 m (the lower layer), outperforming the SST nudging scheme. It excels in predicting both horizontal and vertical heat transport in the lower layer, contributing to improved forecasts of the lower-layer warming during the Blob. These improvements stem from the assimilation of subsurface observational data, which are important in predicting the upper-ocean conditions. The results suggest that assimilating ocean data with the EnKF scheme significantly enhances the accuracy in predicting subsurface temperature anomalies during the Blob and offers better understanding of its underlying mechanisms. 摘要 2013年底至2016年初, 东北太平洋上发生了历史上罕见的极端海洋热浪事件 (称为“Blob”事件), 形成了从海表延伸至海洋深处300m的强烈且持续的海温暖异常. 本文利用南京信息工程大学全球气候预测系统1.0版本 (NUIST-CFS 1.0), 采用两种海洋资料同化方案, 探究海洋资料同化差异对这一极端海洋热浪事件季节预测的影响. 本文采用的一种同化方案为仅同化海表面温度 (Surface sea temperature, SST) 的SST-nudging方案, 而另一种方案为在前一种方案的基础上加入确定性集合卡尔曼滤波 (Deterministic Ensemble Kalman Filter, DEnKF), 同化更多海洋观测数据的EnKF方案. 主要结论为, 利用EnKF方案可显著提高对“Blob”期间次表层温度异常预测的准确性, 这主要源于EnKF方案在预测次表层的水平和垂直热传输方面表现出色. 该研究有助于更好地理解海洋热浪事件潜在物理机制及其季节预测水平.","3,4,12"
Three decades of Mediterranean mixed layer depth change: basin trends and regional contrasts,Frontiers in Marine Science,2025-01-01,12,,,10.3389/fmars.2025.1699007,ar,Article,0,2-s2.0-105026374134,,1,"Introduction: The mixed layer depth (MLD) regulates air–sea heat fluxes, nutrient entrainment, and ecosystem dynamics in the Mediterranean Sea, making its long-term evolution a sensitive indicator of climate-driven changes in ocean stratification and surface thermal conditions. Methods: Using a high-resolution Mediterranean physical reanalysis and daily mixed-layer estimates (1990–2019), we quantify basin-wide changes in MLD, their seasonal and regional variability, and the physical drivers behind them. Results: Across the Mediterranean, MLD exhibits strong seasonal and interannual variability, but a persistent long-term shoaling of ≈0.5–0.6 m per decade is evident. This trend is most robust in spring and late autumn (notably April, November, and December) and is linked primarily to enhanced near-surface stratification driven by surface warming and subsurface salinification; surface Brunt–Väisälä frequency (N²) increased by ≈4.26 × 10⁻⁷ s⁻² per decade in the upper 0–50 m. Changes in wind stress are spatially heterogeneous and too weak to explain the basin-scale shoaling, although localized winter intensification (e.g., Gulf of Lion) produced episodic deepening and strong convection in the 1990s–2000s. Sub-basin contrasts are pronounced: the Levantine Basin shows consistent shoaling, the Southern Adriatic displays modest variability, and the Northwestern Mediterranean experienced transient deepening episodes linked to dense water formation. Discussion: Continued shoaling of the mixed layer has important implications for winter ventilation, nutrient supply to the euphotic zone, and the vulnerability of Mediterranean ecosystems to prolonged marine heatwaves.","3,4,5,7"
Advancing coral conservation: shading strategies to mitigate heat and light stress in Acropora cervicornis amid intensifying climate challenges,Conservation Evidence,2025-01-01,22,,45-56,10.52201/CEJ22/QWAT5710,ar,Article,0,2-s2.0-105025976721,,1,"In 2023, record-breaking global temperatures intensified marine heatwaves, causing extensive coral bleaching in subtropical and tropical oceans, severely impacting the Caribbean. This study assesses artificial shading as a strategy to mitigate thermal and light stress on cultivated staghorn corals at two water depths. We distributed 485 coral fragments across two shading treatments: clear vinyl sheets and green cloth, and an unshaded control at 6.3 m and 12.2 m deep. Growth, mortality, phenoloxidase activity, total protein content, and green fluorescent proteins in the corals were monitored from September 2023 to February 2024. Additionally, water temperature and solar radiation were monitored within each treatment. Both shading and depth affected the environmental conditions surrounding the corals as well as their growth, mortality, and physiology. All shading materials, particularly the green cloth, reduced the surrounding water temperature and light intensity compared to the control. Bleaching was lower for corals shaded with green cloth at lower depth compared to clear-shaded and unshaded corals. However, growth was higher in shallower waters compared to deeper waters and shaded corals at both depths displayed more growth than the unshaded corals. Shaded corals showed less variation in immune-related protein levels compared to unshaded corals. These findings suggest that shading cultivated corals can support coral health.","7,8"
Mesophotic sponge assemblages in a region undergoing climate change stressors,Frontiers in Marine Science,2025-01-01,12,,,10.3389/fmars.2025.1668859,ar,Article,0,2-s2.0-105025560306,,1,"The biogeography of marine benthic assemblages worldwide is shifting to higher latitudes in response to climate change. Concurrently, extreme weather events are exacerbating environmental stressors. As is typical globally for temperate regions, sponge communities dominate the mesophotic reefs of the Motiti archipelago in the Bay of Plenty (east coast, North Island New Zealand). Although recently classified as a marine reserve for its importance as a refuge for fish and targeted invertebrates (crayfish, abalone/pāua, and sea urchins), the benthos was largely unexplored prior to this research. A series of recent cyclonically associated sedimentation and concurrent marine heatwave events provided an opportunity to examine responses of this benthic-pelagic assemblage important in trophic connectivity. Biogeographic affinities of Motiti’s mesophotic reef benthos were established using remotely operated vehicles (ROVs). Fifty-three sponge species were conservatively identified: 22% representing the southernmost (highest latitude) geographic range recorded to date. Simultaneously, this community may be under threat by the changing marine climate that supported its establishment. Widespread sponge tissue necrosis (especially of Choristid sponges) and sediment smothering of encrusting benthos coincided with the sudden decline of a ‘tumbleweed sponge’ (species unknown). These observations co-occurred with a marine heat wave and major cyclonic event delivering fine sediments to these offshore reefs. This research provides a more nuanced understanding of short- and possibly long-term effects of multiple stressors on mesophotic benthic ecosystems. This newly identified biodiversity hotspot supporting southernmost ranges of Australasian species and its seemingly rapid deterioration, signals a warning for the stability of temperate mesophotic ecosystems.","7,11,14"
"The possible contribution of marine heatwaves on the declining healthy coral reef cover in Nusa Dua, Bali",International Journal of Remote Sensing,2025-01-01,,,,10.1080/01431161.2025.2592906,ar,Article,0,2-s2.0-105023434157,,0,"Historically, Southern Java to Bali is the area within the Indonesian Seas with the most intense and long duration of marine heatwave (MHW). Nusa Dua, Bali located in Southern Bali, is one of the regions filled with diverse coral reef ecosystems that previously had a history of bleaching phenomenon. This study aims to investigate how MHW may be contributing to the decrease in healthy coral cover by combining historical remote sensing methods with field observations. MHW detection was done using the 90th percentile of sea surface temperature (SST) data collected over 40 years from the Operational Sea Surface Temperature and Ice Analysis (OSTIA). Historical benthic mapping of healthy coral coverage was done using Sentinel 2 imageries and classified using random forest algorithm after series of in-air and water corrections from 2015–2022. Additionally, field observation was conducted for ground truth validation and to obtain the percentage of healthy coral coverage using the Line Intercept Transect (LIT) method in 2022 and 2023 along with the retrieval of water quality parameters. The result indicates that these MHWs occurred over the west and east monsoon periods, with the most destructive one happening in the west monsoon period, with the mean intensity absolute > 29°C. Significant decrease in healthy coral coverage was observed, with the most severe decline in 2016 resulting in a total loss of 39.7% from the initial coverage, with massive Porites sp. reported to be one of the species impacted. The east monsoon period acts as the recovery period for the coral reefs since the temperature is lower (24–25°C), due to upwelling occurrence in the area based on vertical distribution of temperature during this period. The observational data further support the impact of MHWs on the decrease in healthy coral cover in Nusa Dua, Bali.","7,8,10"
Characteristics and mechanisms of summer subsurface marine heatwaves in the East/Japan Sea,Frontiers in Marine Science,2025-01-01,12,,,10.3389/fmars.2025.1680577,ar,Article,0,2-s2.0-105021649530,,1,"This study investigated the summer subsurface marine heatwaves (SSMHWs) in the East/Japan Sea (EJS) using the Japan Coastal Ocean Predictability Experiment 2 ocean reanalysis datasets during 1993–2023. Climatologically, the cumulative (maximum) intensity area-averaged over the EJS ranges from 20°C days (2.5°C) at surface to its maximum of 36°C days (4°C) at approximately 70 m, confirming significant subsurface intensification of summer MHWs. Compared with the almost uniform spatial patterns at surface, the intensities of MHWs at subsurface layers show substantial spatial variations. The SSMHWs in the EJS are caused not by surface atmospheric forcings, but primarily by internal oceanic processes. During summer, the strong stratification in the EJS inhibits the vertical mixing and traps more heat fluxes at surface. As the main heat sources of the upper ocean, the Tsushima Warm Current (TWC) plays a crucial role in triggering SSMHWs in the EJS. Anomalous increased volume transport of TWC carries more warm water into the EJS, favoring the basin-scale intense SSMHWs. This warm water is redistributed by the East Korean Warm Current and mesoscale eddies, leading to regional features of SSMHWs in the EJS. Our results highlighted the roles of oceanic circulation in forming intense SSMHWs in the EJS.","3,4,10"
Deep Learning Methods to Predict Sea Surface Temperature and Marine Heatwave Occurrence in the Philippine Sea,Lecture Notes in Networks and Systems,2025-01-01,1560 LNNS,,164-175,10.1007/978-3-032-00239-6_11,cp,Conference Paper,0,2-s2.0-105020264382,,0,"Marine heatwaves (MHWs), which are characterized by prolonged periods of anomalously high sea surface temperatures (SST), pose significant threats to marine ecosystems, coastal economies, and global biodiversity. The Philippines—situated in the Coral Triangle—relies heavily on its marine resources, making it vulnerable to these impacts. This study explores the use of deep learning models to predict SST and identify the occurrence of MHWs in the Philippine Sea using data sourced from NOAA Daily OISST. The study evaluated four deep learning architectures: (1) Long Short-Term Memory (LSTM), (2) Convolutional Neural Networks (CNN), (3) a hybrid model combining the strengths of both LSTM and CNN, and (4) Neural Basis Expansion Analysis for Interpretable Time Series (N-BEATS). To optimize performance, all models were fine-tuned using Bayesian optimization (BO). The hybrid model demonstrated a superior performance in SST forecasting, achieving RMSEs of 0.1034 °C at 1-day and 0.0652 °C at 14-day lead times. For MHW detection, N-BEATS achieved an RMSE of 0.0523 °C, with a recall of 98.25%, ensuring reliable identification of rare events. N-BEATS also obtained an F1-score of 97.67%, reflecting a strong balance between precision and recall, minimizing both false positives and false negatives. These results highlight the potential of neural networks in providing accurate SST forecasting and MHW detection to mitigate climate change impacts on the Philippines’ marine ecosystems and coastal communities.","2,12"
"BEHAVIORAL RESPONSE OF ATLANTIC PUFFINS FRATERCULA ARCTICA TO MARINE HEATWAVES IN THE GULF OF MAINE, USA: A WEBCAM STUDY",Marine Ornithology,2025-01-01,53,2,285-297,10.5038/2074-1235.53.2.1655,ar,Article,0,2-s2.0-105019305619,,1,"We observed a family of Atlantic Puffins Fratercula arctica in a burrow on Seal Island National Wildlife Refuge in the Gulf of Maine, USA, during the 2017–2020 and 2022 breeding seasons. The burrow was equipped with a high-resolution web camera, which allowed 24-hour daily observations. We investigated the impacts of elevated sea surface temperature (SST) and marine heatwaves (MHWs), which are linked to low food availability, on chick provisioning and burrow attendance. In 2017, 2019, 2020, and 2022, the female was the primary provisioner, providing twice as many feedings as the male, and the male was the primary burrow guardian, spending twice as much time at the burrow as the female. Using generalized linear models to estimate relationships between SST, feeding rates, and burrow attendance, we found that higher SST was associated with lower feeding rates and burrow attendance. These impacts were amplified in 2018 amid a prolonged MHW. The puffins struggled to find food consistently, leading to lower provisioning rates, smaller bill-loads of mostly low-quality prey, and a visibly under-nourished chick. This prompted the male to trade his burrow-guarding role for additional chick provisioning, and the chick fledged after 69 days, 28 days longer than is typical. This study is the first to demonstrate that Atlantic Puffins can modify their usual parenting roles in response to prey availability, deferring migration and extending chick-rearing by as many as four weeks. We also observed modification in chick behavior amid a high-intensity MHW in 2022, during which the chick was frequently provisioned with American Butterfish Peprilus triacanthus, a deep-bodied fish that is not easily swallowed. The chick consistently consumed butterfish piecemeal, pulling off and swallowing small pieces, until the remaining portion was small enough to be swallowed. This was an effective strategy and a behavior that has not previously been reported.","7,14"
A geospatial skeleton framework for unveiling the 3D structure and dynamics of marine heatwaves from earth observation data,Geo Spatial Information Science,2025-01-01,,,,10.1080/10095020.2025.2547069,ar,Article,0,2-s2.0-105014870013,,1,"Understanding the multi-dimensional structure and evolution of geospatial phenomena is a fundamental challenge in Earth system science. Marine heatwaves (MHWs), as critical 4D spatio-temporal events in the ocean, exhibit complex vertical heterogeneity and dynamic interactions across latitude, longitude, depth, and time. However, traditional geospatial methods often oversimplify such phenomena into 2D profiles or homogeneous 3D blobs, limiting their ability to capture intrinsic 3D structure and evolutionary patterns. To fill this gap, we propose a novel data-driven framework for constructing 3D skeleton representations of MHWs, enabling fine-grained analysis of their internal structure and spatio-temporal evolution. This framework represents MHW skeletons as graph structure, where nodes denote localized intensity centers and edges quantify morphological correlations of spatial aggregation between subsurface layers. The MHW skeletons are constructed using graph algorithms applied to each snapshot and tracked over time through five evolutionary operators. Applied to the 2014–2016 Northeast Pacific (NEP) and Tropical Pacific in the epipelagic zone (0–200 m), the proposed method reveals distinct vertical structures: ENSO-driven MHW skeletons exhibited greater vertical complexity than coastal MHWs, featuring steep longitudinal slopes (up to 120°). Additionally, two foundational MHW skeleton structures, I-shape and Y-shape, were identified. Notably, dynamic merging and splitting process between subsurface MHWs were captured, highlighting the framework’s capability to uncover hidden interactions in ocean systems. Beyond MHWs, this methodology provides a transferable paradigm for analyzing other 3D geospatial phenomena, enhancing our understanding of their structural complexity and dynamic evolution.","3,13"
Mesophotic thermal refuge modelling shows mitigated reductions in fisheries productivity during marine heatwaves,Frontiers in Marine Science,2025-01-01,12,,,10.3389/fmars.2025.1540055,ar,Article,0,2-s2.0-105008733745,,1,"The oceans are warming, and marine heatwaves are increasing in frequency, extremity and duration. As ectotherms, fish that experience temperatures above their optimum suffer a host of physiological and demographic impacts, which result in a net negative effect on population biomass and productivity. However, temperatures generally decline with depth, which means that mesophotic ecosystems, found in the ‘twilight zone’ between approximately 30 and 150 m depth, have the potential to act as thermal refuges. While pelagic fishes have flexibility to deepen their distributions in the open ocean, reef fishes are dependent on benthic habitats for structural complexity and food. Mesophotic reefs may therefore be of particular importance as thermal refuges in coastal ecosystems. By analysing 27 years of model-derived temperature-depth data, we found that the intensity, duration and frequency of marine heatwaves were buffered at mesophotic versus euphotic depths at Tawhiti Rahi (the Poor Knights Islands) in Aotearoa, New Zealand. To explore and quantify the importance of this mesophotic thermal refuge we parameterised a temperature-dependent multispecies size-spectrum model for the Poor Knights Islands reef community and ran marine heatwave simulations in the presence and absence of mesophotic reef habitat. Almost all heatwave strengths resulted in biomass and productivity reductions for almost all modelled fish species, but the presence of a mesophotic thermal refuge often reduced or reversed these losses. For the biomass of fish species targeted by fisheries, negative impacts were reversed during a moderate heatwave (28% average difference compared to scenarios lacking a refuge), negated during a strong heatwave (24% difference), and mitigated during severe and extreme heatwaves (21% and 20% respectively). The productivity of fisheries targets was similar with or without a thermal refuge under moderate heatwave conditions, but under strong, severe and extreme heatwaves, refuges became valuable. Average productivity losses were almost negated during strong heatwaves (5% difference), negated during severe heatwaves (17% difference), and mitigated during extreme heatwaves (19% difference). By providing this first estimate of the value of mesophotic reefs as thermal refuges during marine heatwaves we hope to inform conservation and management decisions about the targeted protection of mesophotic reefs.","9,11"
MASS MORTALITY OF CRUSTACEANS IN THE BALEARIC ISLANDS: ASSESSMENT OF PATHOGENS ASSOCIATED WITH OTHER MARINE ORGANISMS,Bolleti De La Societat D Historia Natural De Les Balears,2025-01-01,68,,33-45,,ar,Article,0,2-s2.0-105007364434,,0,"This study addresses a mass mortality event (MME) of crustaceans that occurred in February 2024 in the bays of Alcudia and Pollença, Mallorca. Genetic analyses identified the affected species as the euphausiaceae shrimp Thysanoessa gregaria (krill), characterized by its association with Atlantic waters. Using molecular biology and histology techniques, the presence of relevant pathogens affecting other species in the same area—such as Haplosporidium pinnae, Mycobacterium sp. and Vibrio mediterranei—was ruled out. No protozoa or signs of virus-induced encephalopathy were detected. However, the bacterium Cobetia amphilecti was identified in deceased individuals, although it was possibly related to postmortem decomposition processes. The study suggests that environmental factors, such as thermal changes or upwellings of deep waters, may have triggered the event, highlighting the impact of recurrent marine heatwaves in the Mediterranean, which particularly affect sensitive species. These events underscore the need for rapid responses and interdisciplinary research to mitigate such phenomena and preserve ma-rine biodiversity.","5,7,9,14"
Evidence of rare occurrences of the Phoenix effect in the Hawaiian corals Porites compressa and Montipora capitata following mortality induced by a marine heatwave,Peerj,2025-01-01,13,4,,10.7717/peerj.19225,ar,Article,0,2-s2.0-105002768024,,1,"Coral bleaching is a common stress response to extreme temperatures experienced during marine heatwaves. Bleached corals are left vulnerable without the nutritional support of their algal symbionts, and can often suffer partial or complete mortality. Bleaching-induced mortality is often accompanied by colonization of turf algae over the dead coral skeleton, which can be difficult for corals to regrow over. The Phoenix effect is a phenomenon of rapid recovery of live coral tissue following mortality, which is hypothesized to occur via the regrowth of tissue from deep within the coral skeleton that expands over the top of dead portions. Here, we found that the Hawaiian corals Porites compressa and Montipora capitata can display rapid tissue recovery suggestive of the Phoenix effect. During a marine heatwave that occurred in 2015 in Kāne’ohe Bay, Hawai’i, USA, 237 individuals (including bleached and non-bleached phenotypes) were identified and monitored for mortality and recovery over the next 2–7 years. Nearly 16% of P. compressa individuals and 34% of M. capitata exhibited substantial partial mortality, and approximately half of these affected individuals of each species had bleached during the heatwave. Partial mortality following the 2015 heatwave was followed by turf algae colonization over the exposed skeleton. Of the colonies with substantial mortality, six colonies (10% of affected individuals; five P. compressa and one M. capitata) subsequently recovered to over 90% live coral tissue within 2 years (2017), with an additional three colonies (two P. compressa and one M. capitata) recovering within 4 years of the 2015 marine heatwave (2019). We qualify colonies with rapid tissue recovery as those that meet two criteria: (1) substantial partial mortality (≥40%) in the first 12 months following the initial 2015 marine heatwave, and (2) recovery of any amount of live tissue at anytime before 2022. Interestingly, only colonies that had bleached in 2015 exhibited rapid tissue recovery. A consecutive, yet less severe marine heatwave occurred in 2019, and none of the previously recovered colonies observed experienced significant tissue loss, suggesting these individuals remained resilient amidst a secondary heat stress exposure. This phenomenon is an example of remarkable recovery and resilience that may be informative for further study of mechanisms of coral tissue regeneration in two important reef-building coral species.","8,11"
Attention-enhanced deep learning approach for marine heatwave forecasting,Acta Oceanologica Sinica,2025-01-01,44,1,36-49,10.1007/s13131-024-2424-6,ar,Article,1,2-s2.0-105002441043,,0,"Marine heatwave (MHW) events refer to periods of significantly elevated sea surface temperatures (SST), persisting from days to months, with significant impacts on marine ecosystems, including increased mortality among marine life and coral bleaching. Forecasting MHW events are crucial to mitigate their harmful effects. This study presents a two-step forecasting process: short-term SST prediction followed by MHW event detection based on the forecasted SST. Firstly, we developed the “SST-MHW-DL” model using the ConvLSTM architecture, which incorporates an attention mechanism to enhance both SST forecasting and MHW event detection. The model utilizes SST data from the preceding 60 d to forecast SST and detect MHW events for the subsequent 15 d. Verification results for SST forecasting demonstrate a root mean square error (RMSE) of 0.64°C, a mean absolute percentage error (MAPE) of 2.05%, and a coefficient of determination (R2) of 0.85, indicating the model’s ability to accurately predict future temperatures by leveraging historical sea temperature information. For MHW event detection using forecasted SST, the evaluation metrics of “accuracy”, “precision”, and “recall” achieved values of 0.77, 0.73, and 0.43, respectively, demonstrating the model’s capability to capture the occurrence of MHW events accurately. Furthermore, the attention-enhanced mechanism reveals that recent SST variations within the past 10 days have the most significant impact on forecasting accuracy, while variations in deep-sea regions and along the Taiwan Strait significantly contribute to the model’s efficacy in capturing spatial characteristics. Additionally, the proposed model and temporal mechanism were applied to detect MHWs in the Atlantic Ocean. By inputting 30 d of SST data, the model predicted SST with an RMSE of 1.02°C and an R2 of 0.94. The accuracy, precision, and recall for MHW detection were 0.79, 0.78, and 0.62, respectively, further demonstrating the model’s robustness and usability.","1,2,12"
Natural selection could determine whether Acropora corals persist under expected climate change,Science,2024-12-13,386,6727,1289-1294,10.1126/science.adl6480,ar,Article,18,2-s2.0-85212714403,39607905,0,"Marine heatwaves are intensifying under climate change, exposing populations of reef-building corals to mass mortality and intense selective pressure. It remains unknown whether adaptation can keep pace with warming and maintain reef functioning. We have developed an eco-evolutionary metapopulation model for Acropora, an ecologically important yet thermally sensitive coral taxon. We found that, although corals have some adaptation capacity, they will suffer severe heatwave-induced declines over the coming decades. For a future in which emissions lead to ~3°C of global warming, natural selection could allow populations to persist, albeit in severely depleted states with elevated extinction risk and potential loss of ecosystem functioning. Yet, for thermally sensitive coral populations to thrive beyond 2050, there must be rapid reductions of greenhouse gas emissions that limit global warming to 2°C.","5,8,11"
Increased resilience and a regime shift reversal through repeat mass coral bleaching,Ecology Letters,2024-12-01,27,12,,10.1111/ele.14454,ar,Article,6,2-s2.0-85214091116,39739239,1,"Ecosystems are substantially changing in response to ongoing climate change. For example, coral reefs have declined in coral dominance, with some reefs undergoing regime shifts to non-coral states. However, reef responses may vary through multiple heat stress events, with the rarity of long-term ecological datasets rendering such understanding uncertain. Assessing coral reefs across the inner Seychelles islands using a 28-year dataset, we document faster coral recovery from the 2016 than the 1998 marine heatwave event. Further, compositions of benthic and fish communities were more resistant to change following the more recent heat stress, having stabilized in a persistent altered state, with greater herbivory, following the 1998 climate disturbance. Counter to predictions, a macroalgal-dominated reef that had regime-shifted following the 1998 disturbance is transitioning to a coral-dominated state following the 2016 heat stress. Collectively, these patterns indicate that reef systems may be more resilient to repeat heatwave events than anticipated.","8,11"
Multi-Trophic Level Responses to Marine Heatwave Disturbances in the California Current Ecosystem,Ecology Letters,2024-12-01,27,12,,10.1111/ele.14502,ar,Article,4,2-s2.0-85213833238,39737888,1,"Marine heatwaves (MHWs) caused by multiple phenomena with days to months duration are increasingly common disturbances in ocean ecosystems. We investigated the impacts of MHWs on pelagic communities using spatially resolved time-series of multiple trophic levels from the Southern California Current Ecosystem. Indices of phytoplankton biomass mostly declined during MHWs because of reduced nutrient supply (excepting Prochlorococcus) and were generally more sensitive to marine heatwave intensity than duration. By contrast, mesozooplankton (as estimated by zooplankton displacement volume) were somewhat more strongly correlated with MHW duration than intensity. Zooplankton anomalies were also positively correlated with fucoxanthin (diatom) anomalies, highlighting possible bottom-up influences during MHWs. Mobile consumers (forage fish) showed more complex responses, with fish egg abundance declining during MHWs but not correlating with any MHW characteristics. Our findings provide partial evidence of how MHW characteristics can shape variable ecological responses due to the differing life spans and behaviours of different trophic levels.","7,14"
Intensification of future subsurface marine heatwaves in an eddy-resolving model,Nature Communications,2024-12-01,15,1,,10.1038/s41467-024-54946-z,ar,Article,8,2-s2.0-85213708166,39737949,1,"A shift in depth range enables marine organisms to adapt to marine heatwaves (MHWs). Subsurface MHWs could limit this pathway, yet their response to climate warming remains unclear. Here, using an eddy-resolving Earth system model forced under a high emission scenario, we project a robust global increase in subsurface MHWs driven by rising subsurface mean temperatures and enhanced temperature variability. Historically, maximum MHW intensity occurs around 100 m depth, which shifts to the faster-warming surface under greenhouse warming. However, removing the long-term warming trend yields an increase in subsurface MHW intensity and annual days greater than that at the surface, especially in large marine ecosystem regions, primarily due to increased variability. Additionally, days of the surface and subsurface concurrent event increase ten times more than those of individual events. Our study highlights a heightened threat to marine organisms under global warming, as the increased subsurface heatwaves reduce their refuge options.","3,4,5,11"
"Vertical Structures of Marine Heatwaves in the South China Sea: Characteristics, Drivers and Impacts on Chlorophyll Concentration",Journal of Geophysical Research Oceans,2024-12-01,129,12,,10.1029/2024JC021091,ar,Article,2,2-s2.0-85211503610,,0,"Marine heatwaves (MHWs) are characterized as extreme ocean warming events, which have multifaceted impacts on marine ecosystems. The warming of the ocean associated with MHWs can extend into the deep ocean. In the study, five main types of MHWs in the South China Sea (SCS) are identified with various vertical structures, including shallow, surface-extension-reversed, surface-extension-intensified, deep, and surface-extension-intensified-reversed. Different types of MHWs have different spread patterns and depths. Shallow and surface-extension-reversed MHWs are common in coastal areas, and surface-extension-intensified MHW events often occur in deep areas. The vertical structures of MHWs are affected by ocean dynamical processes, particularly vertical processes and horizontal heat advection. These MHWs can alter ocean chlorophyll concentration to varying degrees and locations, contingent on their vertical thermal profiles. Furthermore, an analysis of the impacts of a long-lived MHW event in the SCS in 2020 revealed that the MHWs could alter chlorophyll concentration. These results help to better understand the physical drivers of localized MHWs and their potential impacts in the context of climate change.","3,4,5,7"
Modelling marine heatwaves impact on shallow and upper mesophotic tropical coral reefs,Environmental Research Letters,2024-12-01,19,12,,10.1088/1748-9326/ad89df,ar,Article,0,2-s2.0-85209135405,,1,"Coral reefs ecosystems, often compared to rain forests for their high biodiversity, are threatened by ocean warming causing coral bleaching when the symbiotic relationship between dinoflagellates and corals breaks under high ocean temperatures. Thermal stress from marine heatwaves (MHWs) occur both at the surface and subsurface with subsurface MHWs lasting longer with potentially higher cumulative intensities. However, global coral bleaching models generally ignore the differences in thermal stress between surface and sea-bed levels. Here, we define MHWs at sea-bed level to model coral bleaching with daily resolution from 6 May 1993 to 31 October 2023, for 9944 tropical coral reefs between 0 and 60 m depths. We show that deeper reefs experience on average higher thermal stress and bleaching compared to surface reefs. Using surface temperature data to model bleaching for deeper corals underestimates bleaching intensities by an average of 6% ± 9% compared to the subsurface calibrated model. Our study is a starting point for more accurate coral bleaching modelling, providing additional evidence to reshape our perception of deeper coral reefs as potential refugees from climate change.","3,8,11"
Detecting marine heatwaves below the sea surface globally using dynamics-guided statistical learning,Communications Earth and Environment,2024-12-01,5,1,,10.1038/s43247-024-01769-x,ar,Article,1,2-s2.0-85207628512,,1,"Extreme warm water events, known as marine heatwaves, cause a variety of adverse impacts on the marine ecosystem. They are occurring more and more frequently across the global ocean. Yet monitoring marine heatwaves below the sea surface is still challenging due to the sparsity of in situ temperature observations. Here, we propose a statistical learning method guided by ocean dynamics and optimal prediction theory, to detect subsurface marine heatwaves based on the observable sea surface temperature and sea surface height. This dynamics-guided statistical learning method shows good skills in detecting subsurface marine heatwaves in the oceanic epipelagic zone over many parts of the global ocean. It outperforms both the classical ordinary least square regression and popular deep learning methods that do not effectively exploit ocean dynamics, with clear dynamical interpretation for its outperformance. Our study provides a useful statistical learning method for near real-time monitoring of subsurface marine heatwaves at a global scale and highlights the importance of exploiting ocean dynamics for enhancing the efficiency and interpretability of statistical learning.","3,4,12"
Gulf Stream mesoscale variabilities drive bottom marine heatwaves in Northwest Atlantic continental margin methane seeps,Communications Earth and Environment,2024-12-01,5,1,,10.1038/s43247-024-01742-8,ar,Article,2,2-s2.0-85206246318,,1,"Methane hydrates on continental margins sequester substantial amounts of methane. Ocean warming often triggers hydrate dissociation, influencing global climate and marine ecosystems. Here we use ocean reanalysis to investigate bottom marine heatwaves affecting methane seeps at the Northwest Atlantic continental margin. These heatwaves are driven by downward displacement of ocean subsurface isopycnals that brings anomalously warm water to the seafloor, which frequently lacked surface expressions. The isopycnal anomalies are generated by the interaction of Gulf Stream mesoscale activity and slope topography, including warm core ring intrusions and impingements at the tail of the Grand Banks. Once generated, the isopycnal anomalies propagate along the slope and affect the seep area via topographic Rossby waves, offering predictability for bottom marine heatwaves. A northward shift and increasing instability of the Gulf Stream has intensified bottom marine heatwaves at the seep area since 2009, and future climate change will likely exacerbate this trend.","3,4,5,10"
Characterising intertidal sediment temperature gradients in estuarine systems,Estuarine Coastal and Shelf Science,2024-12-01,309,,,10.1016/j.ecss.2024.108968,ar,Article,6,2-s2.0-85205140719,,0,"Coastal marine ecosystems are under increasing threat from environmental shifts associated with climate change, particularly increasing temperatures, as temperature influences the physiology, distribution, and abundance of marine organisms. Sediment temperatures on soft sediment intertidal flats are highly variable in space and time due to intermittent exposure to air and seawater. Surface sediment layers may have greater temperature variation relative to deeper layers, and local physical and biological characteristics as well as oceanic and atmospheric temperature conditions are expected to influence the temperatures experienced by sediment dwelling fauna. However, there is little reporting of the dynamics of sediment temperatures in these ecosystems and the local conditions that drive them. We focused on measuring estuarine intertidal sediment temperatures to describe the conditions that resident intertidal macroinvertebrates, including infauna, are being exposed to. Monitoring of sediment temperatures in intertidal ecosystems during summer revealed that sandy intertidal flats had greater temperature fluctuations than muddy intertidal flats. Local weather conditions were important drivers of both low and high tide sediment temperatures, and satellite derived sea surface temperature (SST) data for the study area were sparse and poorly matched sediment temperatures, revealing limitations of satellite SST for predicting site-specific intertidal sediment temperatures in nearshore areas. This study demonstrates the need for long term monitoring of intertidal sediment temperatures across large spatial scales and environmental gradients to understand and predict the potential impacts of climate change.","3,4,5,7,10"
Intrinsic short Marine Heatwaves from the perspective of sea surface temperature and height,Weather and Climate Extremes,2024-12-01,46,,,10.1016/j.wace.2024.100725,ar,Article,3,2-s2.0-85204609723,,1,"Marine heatwaves (MHWs) have recently been recognized as extreme climate events considering their devastating impacts on marine ecosystems. Our study explored the spatial and temporal variability of short (duration <10 days) and long MHWs in nine sub-regions around the Australian coastal region using the original (5-day) and an updated longer duration (10-day) criteria for MHW identification based on gap-free Sea Surface Temperature (SST) analyses from 1981 to 2020. By quantitatively investigating the contribution of ocean warming to short MHWs, we could consider most of the short events as background signals of a dynamic ocean surface over the Australian region. The application of the updated definition highlights areas that are more sensitive to local internal forcings, especially over the main flow of the East Australian Current. Furthermore, the Great Barrier Reef exhibit a larger increasing trend of MHW areas after excluding the short events. By numerically and graphically evaluating the relationship between the sea level anomaly (SLA) and SST metrics over two coastal regions of Australia, it is found that longer MHWs exhibiting two variation trends of large SLA metrics are ENSO dominant in the northwest coastal region (NW), and less ENSO-dominant but geographically-impacted in the southeast coastal region (SETS). However, it is possible that most short events in these two regions are a result of local and intrinsic variability or ocean warming of the water columns rather than the remote modulation of climate modes. Moreover, SLA over the 90th percentile, which successfully observed a subsurface MHW event over the NW region in 2008, has the potential to help identify subsurface MHWs, although limited by application area. Further investigation into the applicability of these, or other similar, updates to the MHW definitions may be warranted, to draw a broadly applicable conclusion to benefit detection and prediction of strong sub-surface MHWs impacting commercial and environmental activities.","1,2,4,5,10,13"
Impact of an unprecedented marine heatwave on extremely hot summer over Northern Japan in 2023,Scientific Reports,2024-12-01,14,1,,10.1038/s41598-024-65291-y,ar,Article,22,2-s2.0-85199055727,39030191,1,"Possible local influence of an extreme marine heatwave is investigated on unprecedentedly hot summer around northern Japan in 2023. Sea-surface temperatures (SSTs) and subsurface ocean temperatures around northern Japan were also unprecedentedly high in the summer. This was especially the case off the east coast of Japan, where cool Oyashio water was replaced with much warmer water due to a striking poleward meander of the Kuroshio Extension persistent from the spring. Particularly amplified near-surface air temperature anomalies and even stronger warm anomalies in the subsurface ocean suggest that the marine heatwave acted to sustain the atmospheric heatwave. Anomalous upward of latent and sensible heat fluxes from the warmed sea surface are indicative of local oceanic impact. The warm SST anomalies reduced the lower-tropospheric stratification to maintain unfavourable condition for low-level cloud formation, which in turn led to increased surface insolation for further SST warming as positive feedback. The increased moisture in the warmed lower troposphere contributed to the enhanced surface downward longwave radiation. This enhanced greenhouse effect acted not only as positive feedback on the warm SST anomalies that increased evaporation but also as a contributor for the extreme warmth over northern Japan landmass.","2,4,5,6"
Novel CTD tag establishes shark fins as ocean observing platforms,Scientific Reports,2024-12-01,14,1,,10.1038/s41598-024-63543-5,ar,Article,2,2-s2.0-85196015633,38879656,1,"Animal-borne tags are effective instruments for collecting ocean data and can be used to fill spatial gaps in the observing network. We deployed the first conductivity, temperature, and depth (CTD) satellite tags on the dorsal fin of salmon sharks (Lamna ditropis) to demonstrate the potential of sharks to monitor essential ocean variables and oceanographic features in the Gulf of Alaska. Over 1360 km and 36 days in the summer of 2015, the salmon shark collected 56 geolocated, temperature-salinity profiles. The shark swam through a plume of anomalously salty water that originated from the “Blob” and encountered several mesoscale eddies, whose subsurface properties were altered by the marine heatwave. We demonstrate that salmon sharks have the potential to serve as submesoscale-resolving oceanographic platforms and substantially increase the spatial coverage of observations in the Gulf of Alaska.","3,4,10"
Evolution and Drivers of Extreme Subsurface Marine Heatwaves in the Western Tropical Pacific Ocean during 2008 and 2010-11,Journal of Climate,2024-11-15,37,22,6047-6059,10.1175/JCLI-D-24-0079.1,ar,Article,6,2-s2.0-85208286445,,0,"Marine heatwaves (MHWs) have adverse impacts on marine ecosystems and fisheries, yet extreme MHWs in the western tropical Pacific Ocean remain largely unexplored. Here, we investigate the evolution and drivers of the two strongest subsurface MHWs in the western tropical Pacific Ocean on record, in 2008 (MHW-08) and 2010-11 (MHW-11). The two events have similar evolutions, as they were both initiated and developed locally in tropical regions during their onset phase and gradually dissipated with multiple cores during the decay phase. We examined the physical processes during the evolution of MHW-08 and MHW-11 and performed a heat budget analysis for the subsurface layer in each case. We find that the onset of both events were mainly controlled by convergence and vertical heat advection due to anomalous Ekman downwelling, while the decay of both events was mainly controlled by horizontal heat advection due to anomalous horizontal currents and withdrawal of anomalous convergence. The relationship between the subsurface MHWs and El Niño-Southern Oscillation is discussed.We suggest that the anomalous heat advections plus the La Niña-related background warming lead to the extreme subsurface MHW events. Our findings may have important implications for environmental change and marine life in the western tropical Pacific Ocean.","3,4,5"
Vertical distribution of mesopelagic fishes deepens during marine heatwave in the California Current,ICES Journal of Marine Science,2024-11-01,81,9,1837-1849,10.1093/icesjms/fsae129,ar,Article,8,2-s2.0-85213420681,,1,"Marine heatwaves can impact the distribution and abundance of epipelagic organisms, but their effect on deep pelagic communities is unclear. Using fisheries acoustics data collected in the Central California current from 2013 to 2018, we found that during the warmest years of a large marine heatwave (2015–2016), the estimated center of mass depth of mesopelagic fishes deepened by up to 100 m compared to preheatwave conditions. Using a generalized additive model, we evaluated which biophysical factors may have driven these changes and found that light, dynamic height anomaly, and acoustic backscatter explained 81% of the variability in depth. We attribute the vertical shift by mesopelagic fishes into deeper waters to heatwave-driven compression of upwelling habitat that indirectly increased the amount of light reaching mesopelagic depths. Our results suggest that mesopelagic fishes are interconnected with, and thus sensitive to changes in near-surface oceanographic conditions, which could lead to cascading effects on vertical carbon export and the availability of mesopelagic fishes as prey for top predators under future climate conditions.","3,4,7,14"
"Evidence of 2024 Summer as the Warmest During the Last Four Decades in the Aegean, Ionian, and Cretan Seas",Journal of Marine Science and Engineering,2024-11-01,12,11,,10.3390/jmse12112020,ar,Article,5,2-s2.0-85210309654,,1,"The summer of 2024 witnessed record-high sea surface temperatures (SST) across the Aegean, Ionian, and Cretan Seas (AICS), following unprecedented air heatwaves over the sea under a long-term warming trend of 0.46 °C/decade for the mean atmospheric temperature (1982–2024). The respective mean SST trend for the same period is even steeper, increasing by 0.59 °C/decade. With mean summer surface waters surpassing 28 °C, particularly in the Ionian Sea, the southern Cretan, and northern Aegean basins, this summer marked the warmest ocean conditions over the past four decades. Despite a relatively lower number of marine heatwaves (MHWs) compared to previous warm years, the duration and cumulative intensity of these events in 2024 were the highest on record, reaching nearly twice the levels seen in 2018, which was the warmest until now. Intense MHWs were recorded, especially in the northern Aegean, with extensive biological consequences to ecosystems like the Thermaikos Gulf, a recognized MHW hotspot. The strong downward atmospheric heat fluxes in the summer of 2024, following an interannual increasing four-decade trend, contributed to the extreme warming of the water masses together with other met-ocean conditions such as lateral exchanges and vertical processes. The high temperatures were not limited to the surface but extended to depths of 50 m in some regions, indicating a deep and widespread warming of the upper ocean. Mechanisms typically mitigating SST rises, such as the Black Sea water (BSW) inflow and coastal upwelling over the eastern Aegean Sea, were weaker in 2024. Cooler water influx from the BSW decreased, as indicated by satellite-derived chlorophyll-a concentrations, while upwelled waters from depths of 40 to 80 m at certain areas showed elevated temperatures, likely limiting their cooling effects on the surface. Prolonged warming of ocean waters in a semi-enclosed basin such as the Mediterranean and its marginal sea sub-basins can have substantial physical, biological, and socioeconomic impacts on the AICS. This research highlights the urgent need for targeted monitoring and mitigation strategies to address the growing impact of MHWs in the region.","2,5,6,7,9,13"
Record-Breaking Marine Heatwave over the Central North Pacific in 2021 Summer: Its Formation Associated with Loss of Central Mode Water,Journal of Physical Oceanography,2024-11-01,54,11,2361-2372,10.1175/JPO-D-24-0021.1,ar,Article,3,2-s2.0-85210254842,,1,"Marine heatwaves (MHWs) are prolonged extremely high sea surface temperature (SST) events. In the 2021 summer, an intense MHW occurred over the central North Pacific; the SST in September 2021 was the highest in September since 1900, and the warming signal was distributed not only near the sea surface but also below the ocean mixed layer (~300-m depth). Atmosphere reanalysis data showed westward expansion of the North Pacific subtropical high (NPSH) in the 2021 summer, but both an increase in downward shortwave radiation and a decrease in upward latent heat flux were not so large, and ocean mixed layer heat budget analysis, which also used ocean reanalysis data, revealed that the atmosphere-induced heating is insufficient to form the record-breaking MHW. Argo profiling floats indicated that, in the 2021 summer, the Central Mode Water (CMW)---a huge water mass characterized by vertically uniform properties in depths of 100–500 m---decreased extremely, the thickness of which was less than 20% of the normal. Statistical analysis showed that, from the sea surface to the upper boundary of CMW, the heavier isopycnal surfaces are deeper associated with the decrease in CMW, leading to a weakening of the seasonal pycnocline. Then, this causes the weakening of cooling heat flux associated with the entrainment of subsurface waters into the mixed layer, resulting in surface ocean warming, which in turn contributed to form the MHW in the 2021 summer.","2,3,4,5,10"
The Relationship Between Indian Ocean Subtropical Mode Water Variability and Ocean Temperature Structure,Journal of Geophysical Research Oceans,2024-11-01,129,11,,10.1029/2024JC021226,ar,Article,0,2-s2.0-85210037139,,1,"As one of the least studied mode waters, the role of the Indian Ocean Subtropical Mode Water (IOSTMW) in influencing the ocean and atmosphere as it is advected in the subsurface remains poorly understood. Taking advantage of the rapid increase of Argo data over the past decade, this study compares the ocean temperature structure during periods of thick and thin IOSTMW. The results indicate notable differences in both temperature and stratification linked to variations in IOSTMW thickness. In terms of temperature, the following phenomena are observed when the IOSTMW is thick: (a) the layer above the IOSTMW experiences colder temperatures, whereas warmer temperatures occur below it; (b) isotherms above the IOSTMW shoal, whereas those below it deepen. As for the stratification, a negative correlation is observed between IOSTMW thickness and stratification at depths between 100 and 300 dbar, suggesting that the presence of thick IOSTMW weakens the stratification within this depth range. Conversely, a positive correlation is observed around 400 dbar, suggesting that thick IOSTMW tends to coincide with a deeper main thermocline. Notably, regions near the Agulhas Current exhibit contrasting characteristics compared to other regions within the study area, indicating the potential impacts of the Agulhas Current meander on ocean temperature structure and the distribution of the IOSTMW. An intriguing question for future studies is how variations in IOSTMW thickness contribute to marine heatwave occurrences and influence atmospheric conditions.","3,4,13"
Planktonic to sessile: drivers of spatial and temporal variability across barnacle life stages and indirect effects of the Pacific Marine Heatwave,Journal of Plankton Research,2024-11-01,46,6,604-618,10.1093/plankt/fbae059,ar,Article,0,2-s2.0-105023697976,,1,"Barnacles are a foundation species in intertidal habitats. During the Pacific Marine Heatwave (PMH), intertidal barnacle cover increased in the northern Gulf of Alaska (GoA); however, the role of pelagic larval supply in this increase was unknown. Using long-term monitoring data on intertidal benthic (percent cover) and pelagic larval populations (nauplii and cyprid concentrations), we examined potential environmental drivers (temperature, chlorophyll-a, mixed layer depth) of larval concentration and whether including larval concentration at regional and annual scales improved intertidal barnacle percent cover models in two study regions in the GoA. In both regions, larval concentrations were slightly higher following the PMH. Percent cover models were improved by including cyprid concentrations (but not nauplii), and the effect strength varied by site and tidal elevation. This indicates that larval concentration contributes as a bottom–up driver of benthic barnacle abundance. There is little evidence of a direct effect of the PMH on either life stage. Instead, our results may illustrate the positive feedback between life stages, where higher adult benthic abundance increased larval concentrations, which then supplied more new recruits to the benthos. As heatwaves continue to occur, integrating various data types can provide insights into factors influencing both benthic and pelagic communities.","7,10,11"
Common occurrences of subsurface heatwaves and cold spells in ocean eddies,Nature,2024-10-31,634,8036,1111-1117,10.1038/s41586-024-08051-2,ar,Article,35,2-s2.0-85206941101,39415017,1,"Extreme ocean temperature events are becoming increasingly common due to global warming, causing catastrophic ecological and socioeconomic impacts1–5. Despite extensive research on surface marine heatwaves (MHWs) and marine cold spells (MCSs) based on satellite observations6,7, our knowledge of these extreme events and their drivers in the subsurface ocean—home to the majority of marine organisms—is very limited8,9. Here we present global observational evidence for the important role of mesoscale eddies in the occurrence and intensification of subsurface MHWs and MCSs. We found that 80% of measured MHWs and MCSs below a depth of 100 m do not concur with surface events. In contrast to the weak link between surface MHWs (MCSs) and ocean eddies, nearly one-third of subsurface MHWs (MCSs) in the global ocean, and more than half of such events in subtropical gyres and mid-latitude main current systems, occur within anticyclonic (cyclonic) eddies. These eddy-associated temperature extremes have intensified at rates greater than background level in past decades, suggesting a growing impact of ocean eddies on subsurface MHWs and MCSs with ongoing global warming.","3,4,5"
Phytoplankton Spring Bloom Inhibited by Marine Heatwaves in the North-Western Mediterranean Sea,Geophysical Research Letters,2024-10-28,51,20,,10.1029/2024GL109141,ar,Article,18,2-s2.0-85206696842,,1,"Marine heatwaves (MHWs) represent anomalously warm temperature conditions of seawater that may affect marine life and ocean biogeochemistry. Under such conditions, phytoplankton communities may modify their structure and functions, and their resilience is not assured. This study characterizes the impact of MHWs on the phytoplankton spring bloom in the North-Western Mediterranean Sea. Here, we synergistically combine autonomous observations from BioGeoChemical-Argo floats, satellite-based and marine ecosystem model data, and show that MHW events occurring during winter drastically inhibit phytoplankton carbon biomass in spring by up to 70%. Such reduction is related to the enhanced stratification of the water column under MHWs which hinders the renewal of nutrients from deep-ocean reservoirs, thus preventing surface phytoplankton from blooming. This process negatively impacts particulate organic carbon stocks within the mixed layer, while severe events cause an earlier shift of phytoplankton phenology that provokes changes in zooplankton biomass distribution.","3,7,11"
Phytoplankton Response to the Record-Breaking Marine Heatwave in the Summer of 2020 in the South China Sea,Journal of Geophysical Research Oceans,2024-10-01,129,10,,10.1029/2024JC021275,ar,Article,2,2-s2.0-85206941688,,0,"A record-breaking marine heatwave (MHW) occurred in the South China Sea (SCS) during the summer of 2020, causing substantial ecological impacts, while its influence on phytoplankton dynamics remains unknown. Here we employed a regionally optimized physical-biogeochemical model to examine the phytoplankton response to this event. An analysis of the mixed-layer heat budget in the MHW region revealed that the MHW was driven by enhanced shortwave radiation and reduced horizontal advection of cold water, associated with weakened upwelling off the coast of Vietnam. For phytoplankton, average surface chlorophyll-a (Chla) concentrations during the MHW experienced a significant decline in June and July, and a slight reduction in September compared to normal conditions, which can be attributed to reduced horizontal advection of nutrients associated with weakened upwelling. Furthermore, we found that the reduction in depth-integrated Chla in the euphotic zone was much smaller during the MHW due to the increase in subsurface Chla, which was also attributable to the changed lateral transport. This study highlights the importance of non-local effects of MHWs on phytoplankton distributions in the SCS.","4,7,10"
Subsurface Marine Heatwaves in the South China Sea,Journal of Geophysical Research Oceans,2024-10-01,129,10,,10.1029/2024JC021356,ar,Article,8,2-s2.0-85206820113,,0,"Marine heatwaves (MHWs), extreme warm ocean temperature events, greatly impact marine ecosystems. While most MHW studies in the South China Sea (SCS) focus on the sea surface, subsurface characteristics remain less explored. This study uses high-resolution (1/12°) ocean reanalysis data sets to assess MHW properties with depth in the SCS from 1993 to 2022. We find that MHW intensities are typically stronger at subsurface levels (30–150 m) than at the surface, with significant spatial variations. The vertical structures of MHW maximum and cumulative intensities peak between 70 and 100 m with 2.7°C and 63°C days, respectively; MHW annual days and duration increase gradually from 10 to 2,000 m with duration peaks at 2,000 m (∼60 days), four times longer than that at the surface. The SCS experienced two major periods of extensive El Niño-related subsurface MHWs from 1997 to 2002 and 2008 to 2014, with MHWs reaching depths of 150 m and covering 70% of the upper 40 m. Strong El Niño events strengthen the western Pacific subtropical high, reducing summer monsoon winds, weakening coastal upwelling east of Vietnam, and increasing water temperatures. Regions of elevated eddy kinetic energy in the SCS suggest that significant mesoscale eddy activities are situated east of Vietnam. In addition, notable eddy heat transport was observed in the above region and west of the Luzon Strait in the upper 1,000 m. This may help to explain the high maximum and cumulative intensities of MHWs exceeding 100 m in the northern SCS.","3,4,10"
Subsurface Temperature Anomalies Off Central Oregon During 2014–2021,Journal of Geophysical Research Oceans,2024-10-01,129,10,,10.1029/2023JC020565,ar,Article,4,2-s2.0-85205947809,,1,"We use moored observations in 80 m water depth at the NH-10 site along the historic Newport Hydrographic Line from 1999 to 2021 to calculate water temperature anomalies at the surface, near surface, and bottom. Analysis is focused on the subsurface temporal and spatial characteristics of marine heatwaves (MHWs) during 2014–2016 and 2019–2020 on the continental shelf and slope. Warm anomalies extend throughout the water column in fall/winter 2014–2016 when winds are predominantly downwelling-favorable, while the 2019–2020 period is characterized by shallower summer and fall anomalies on the shelf. Sustained temperature anomalies during the bottom MHW in late 2016 are the largest in the NH-10 time series. Analysis of temporal patterns in wind stress during MHW and non-MHW periods shows the onset of upwelling-favorable winds interrupts warm events. Indices of cumulative upwelling and annual spring transition dates reveal the spring transition was unusually late in 2014, with only five years with later spring transitions since the upwelling index record began in 1967. In 2015 and 2019, in contrast, spring transition is close to the climatological mean of April 15. In 2016 and 2020, anomalous warming is observed when cumulative upwelling decreases after an early spring transition.","3,4,10"
Resilience of turbid coral communities to marine heatwave,Coral Reefs,2024-10-01,43,5,1303-1315,10.1007/s00338-024-02538-0,ar,Article,4,2-s2.0-85200588841,,1,"High sea surface temperatures recorded in summer 2021 introduced a unique opportunity for ‘real-time’ assessment of Exmouth Gulf turbid reef’s resilience to a marine heatwave event. Four sites along a turbidity and temperature gradient were surveyed during (March 2021) and after (October 2021) the event to assess bleaching rates (Bleaching Index = BI), differences in coral morphological responses to the heat wave, and post-event changes in benthic and coral community structure. Despite experiencing higher temperatures (> 30 °C) and Degree Heating Weeks (DHW = 8), the most turbid reef site, Somerville, displayed greater resilience to heat stress (BI = 14) compared to the “clear water” site, Bundegi (BI = 19.3), where temperatures never exceeded 30 °C (3 DHW). Our results also reveal that encrusting and massive corals, often considered more resilient to bleaching, displayed increased bleaching susceptibility at the turbid sites, potentially due to the synergistic effects of sedimentation and heat stress. In contrast, branching and foliose corals showed greater resilience to the heat wave in turbid water settings, while encrusting and branching corals exhibited lower resilience in the clearwater site. These findings highlight complex interactions between heat and reduced UV stress on turbid reefs potentially increasing resilience to bleaching but likely only for those coral morphologies that are not heavily impacted by sedimentation.","8,11"
Local conditions modulated the effects of marine heatwaves on coral bleaching in subtropical Hong Kong waters,Coral Reefs,2024-10-01,43,5,1235-1247,10.1007/s00338-024-02533-5,ar,Article,7,2-s2.0-85199756062,,1,"A mass coral bleaching event occurred in the summer of 2022 in subtropical Hong Kong, driven by two marine heatwaves (MHWs) with high intensities of 1.56 and 0.86 °C above a mean climate condition, both MHWs 7 days with a short gap of 4 days during the strong La Niña year. A transect survey was conducted at nine study sites in three regions, which revealed widespread coral bleaching with bleached coral cover ranging from 2.4 to 70.3%. In situ environmental data revealed the presence of a thermocline and halocline. Local conditions, including depth and wave exposure, significantly influenced the bleaching response. Shallow-water (2–4 m) corals were primarily affected, particularly in sheltered and moderately sheltered sites that exhibited higher levels of bleached coral cover (42.97 ± 15.4% and 44.93 ± 29.4%, respectively) compared to the exposed sites (31.8 ± 5.2%). Bleaching in deep waters (4–6 m) was minimal, with only a few colonies of Goniopora at two of the three sheltered sites exhibiting bleaching (1.7 ± 1.5%). Heat stress resistance differed between coral genera. Recovery rate for four common coral genera is low for Acropora tumida. Additionally, a minor hypoxia event was found to cause mortality of non-coral benthos at a sheltered site (Sharp Island). These findings highlight the alarming impact of extreme heatwaves on subtropical coral communities and underscore the importance of monitoring coral bleaching.","7,8,9"
Shallow water fish display low phenotypic plasticity to ocean warming and extreme weather events regardless of previous thermal history,Estuarine Coastal and Shelf Science,2024-10-01,305,,,10.1016/j.ecss.2024.108849,ar,Article,2,2-s2.0-85196644951,,1,"Shallow water environments have long been recognized by scientists as sentinels for climate change. By analysing the impacts of ocean warming and marine heatwaves (MHW) in species from these areas, we can estimate their plasticity and hence vulnerability to thermal challenges. Pomatoschistus microps is a benthic intertidal fish species inhabiting coastal lagoons where temperature fluctuations are common. Here, we tested the effects of “Present” and “Future summer” scenarios (22 °C and 25 °C) and their respective heatwaves (27 °C and 30 °C) versus a “Control” scenario of 19 °C on warm (summer)- and cold (winter)- acclimatized fish. Then, we estimated phenotypic plasticity of critical thermal maximum (CTmax), oxygen consumption and cellular stress responses (CSR). Temperature seasonal variation and body weight (as proxy for body size) effects on fish thermal tolerance were also determined. Fish exposed to higher temperature treatments exhibited higher thermal tolerance, with this pattern being consistent for both warm- and cold-acclimatized fish. However, this difference was subtle (<4.6 %), suggesting a low capacity for acclimation. Nonetheless, warm-acclimatized fish (collected in summer) displayed significantly higher CTmax than cold-acclimatized fish (collected in winter), indicating that CTmax is influenced by seasonal thermal variation. Weight also represents a constraint factor for P. microps thermal tolerance, as heavier animals displayed lower CTmax. No alterations in O2 consumption, neither in CSR biomarkers were detected across temperature treatments, suggesting that fish were otherwise relatively insensitive to thermal fluctuations, independently of thermal history, within the thermal scenarios tested. Overall, the studied population of P. microps seems well adapted to temperature variations in their natural environment, exhibiting a large thermal safety margin (average of 11.02 °C).","7,11"
INTELLIGENT PREDICTION OF SEA SURFACE TEMPERATURE IN THE SOUTH CHINA SEA BASED ON DEEP LEARNING,Oceanologia Et Limnologia Sinica,2024-09-01,55,5,1082-1095,10.11693/hyhz20240200032,ar,Article,0,2-s2.0-85214494297,,0,"Sea surface temperature (SST) is one of the crucial factors affecting ocean and climate change, and accurately predicting SST variations is vital for marine ecological environments, meteorology, and navigation. Traditional SST prediction methods typically rely on numerical models, which have high computational costs. A rapid and intelligent forecasting model for SST in the South China Sea (SCS) is developed based on a deep learning model (3D U-Net), using SST, sea surface height anomalies (SSHA), and sea surface wind (SSW) as input variables. Results indicate that compared to the convolutional long short-term memory (ConvLSTM) model, the 3D U-Net model shows higher accuracy across all prediction times, with a root mean square error (RMSE) of 0.53 °C and a Pearson correlation coefficient (R) of 0.96. In various seasons and regions of the SCS, the 3D U-Net model exhibits consistently smaller prediction errors and maintains robust performance during monsoon seasons. Moreover, in predicting marine heatwave (MHW) events in the SCS in 2021, the model achieves over 80% accuracy in most sea areas. The overall precision and recall rates are 0.89 and 0.45 respectively. Sensitivity experiments reveal that SSHA and SSW significantly influence the model's predictive performance, playing different roles at various forecasting stages. Therefore, the 3D U-Net model, combined with multisource sea surface data, can predict SST in the SCS quickly and precisely, offering a new method for predicting MHW events.","2,12"
Increased Frequency but Decreased Intensity of Marine Heatwaves Around Coral Reef Regions in the Southern South China Sea,Journal of Geophysical Research Oceans,2024-09-01,129,9,,10.1029/2024JC021235,ar,Article,9,2-s2.0-85203373942,,0,"Marine heatwaves (MHWs) in the South China Sea (SCS) significantly affect both fishery resources and marine ecosystems. The characteristics and causal mechanisms of MHWs occurring in the southern SCS (SSCS) are not yet fully understood. In this study, the properties of MHWs, their long-term trends, and how these compare to those in the coastal shelf region in the northern SCS were explored. It was revealed that the coral reef regions in the SSCS exhibit more frequent but less intense MHWs. Over the past four decades, the average frequency, duration, and total days of MHWs have increased and could be attributed to rising mean sea surface temperature (SST), primarily driven by the horizontal advection, particularly the zonal advection. The associated advections result from the long-term wind stress curl change in the SSCS and strengthened Kuroshio Current, which are due to global warming-induced enhanced vertical density stratification and wind speed acceleration. Furthermore, significant decrease in the MHW intensity around coral reef regions is mainly due to a negative SST–cloud feedback mechanism: during MHW events, enhanced latent heat loss intensifies convection, leading to total cloud formation, which in turn reduces solar radiation and subsequently decreases the MHW intensity. Interestingly, this increase in deep convection and decrease in the MHW intensity appear to coincide with the phase transition of the Interdecadal Pacific Oscillation. Our findings underscore the divergent trends in MHW properties in the SSCS, providing valuable insights into their potential impact on the region’s coral reefs.","5,7,8,10"
Biogeographic patterns of Pacific white-sided dolphins based on long-term passive acoustic records,Diversity and Distributions,2024-09-01,30,9,,10.1111/ddi.13903,ar,Article,5,2-s2.0-85197697118,,1,"Aim: This study investigates the biogeographic patterns of Pacific white-sided dolphins (Lagenorhynchus obliquidens) in the Eastern North Pacific based on long-term passive acoustic records. We aim to elucidate the ecological and behavioural significance of distinct echolocation click types and their implications for population delineation, geographic distribution, environmental adaptation and management. Location: Eastern North Pacific Ocean. Time Period: 2005–2021. Major Taxa Studied: Pacific white-sided dolphin. Methods: Over 50 cumulative years of passive acoustic monitoring (PAM) data from 14 locations were analyzed using a deep neural network to classify two distinct Pacific white-sided dolphin echolocation click types. The study assessed spatial, diel, seasonal and interannual patterns of the two click types, correlating them with major environmental drivers such as the El Niño Southern Oscillation and the North Pacific Gyre Oscillation, and modeling long-term spatial-seasonal patterns. Results: Distinct spatial, diel and seasonal patterns were observed for each click type. Significant biogeographical shifts in presence were observed following the 2014–2016 marine heatwave event. Main Conclusions: Distinct spatial distributions of the two click types support the hypothesis that Pacific white-sided dolphins produce population-specific echolocation clicks. Seasonal and diel patterns suggest spatiotemporal niche partitioning between the populations in Southern California. Interannual changes, notably initiated during the 2014–2016 marine heatwave, indicate climate-driven range expansions and contractions related to gradual tropicalization of the Southern California Bight.","7,14"
Relative Importance of Macroalgae and Phytoplankton to Nearshore Consumers and Growth Across Climatic Conditions in the Northern Gulf of Alaska,Estuaries and Coasts,2024-09-01,47,6,1579-1597,10.1007/s12237-024-01371-6,ar,Article,2,2-s2.0-85197412438,,1,"Macroalgae and phytoplankton support the base of highly productive nearshore ecosystems in cold-temperate regions. To better understand their relative importance to nearshore food webs, this study considered four regions in the northern Gulf of Alaska where three indicator consumers were collected, filter-feeding mussels (Mytilus trossulus), pelagic-feeding Black Rockfish (Sebastes melanops), and benthic-feeding Kelp Greenling (Hexagrammos decagrammus). The study objectives were to (1) estimate the proportional contributions of macroalgal and phytoplankton organic matter using carbon and nitrogen stable isotopes, (2) determine if macroalgal use affected consumer growth using annual growth rings in shells or otoliths, and (3) describe changes in organic matter use and growth during the Pacific Marine Heatwave (PMH; 2014–2016) in one consumer, mussels. Macroalgae were the major organic matter source (> 60%) to the diet for all three consumers. The relationships between macroalgal contribution and growth were neutral for both fish species and significantly positive for mussels. During the PMH, mussels had a drop (> 10%) in macroalgal contributions and grew 45% less than in other time periods. Simultaneously, the relationship between macroalgal contribution and mussel growth was strongest during the PMH, explaining 48% variation compared to 3–12% before or after the PMH. Collectively, the results suggest that macroalgae is likely more important to cold-temperate nearshore food webs than phytoplankton. Management actions aimed at conserving and expanding macroalgae are likely to benefit nearshore food webs under all climate scenarios and especially during marine heatwaves.","7,9,10"
Impacts of marine heatwaves in coastal ecosystems depend on local environmental conditions,Global Change Biology,2024-08-01,30,8,,10.1111/gcb.17469,re,Review,22,2-s2.0-85201389420,39155748,1,"Marine heatwaves (MHWs), increasing in duration and intensity because of climate change, are now a major threat to marine life and can have lasting effects on the structure and function of ecosystems. However, the responses of marine taxa and ecosystems to MHWs can be highly variable, making predicting and interpreting biological outcomes a challenge. Here, we review how biological responses to MHWs, from individuals to ecosystems, are mediated by fine-scale spatial variability in the coastal marine environment (hereafter, local gradients). Viewing observed responses through a lens of ecological theory, we present a simple framework of three ‘resilience processes’ (RPs) by which local gradients can influence the responses of marine taxa to MHWs. Local gradients (1) influence the amount of stress directly experienced by individuals, (2) facilitate local adaptation and acclimatization of individuals and populations, and (3) shape community composition which then influences responses to MHWs. We then synthesize known examples of fine-scale gradients that have affected responses of benthic foundation species to MHWs, including kelp forests, coral reefs, and seagrass meadows and link these varying responses to the RPs. We present a series of case studies from various marine ecosystems to illustrate the differential impacts of MHWs mediated by gradients in both temperature and other co-occurring drivers. In many cases, these gradients had large effect sizes with several examples of local gradients causing a 10-fold difference in impacts or more (e.g., survival, coverage). This review highlights the need for high-resolution environmental data to accurately predict and manage the consequences of MHWs in the context of ongoing climate change. While current tools may capture some of these gradients already, we advocate for enhanced monitoring and finer scale integration of local environmental heterogeneity into climate models. This will be essential for developing effective conservation strategies and mitigating future marine biodiversity loss.","7,11,14"
Marine heatwave-driven mass mortality and microbial community reorganisation in an ecologically important temperate sponge,Global Change Biology,2024-08-01,30,8,,10.1111/gcb.17417,ar,Article,15,2-s2.0-85200459023,39105285,1,"Marine heatwaves (MHWs) are increasing in frequency, duration and intensity, disrupting global marine ecosystems. While most reported impacts have been in tropical areas, New Zealand experienced its strongest and longest MHW in 2022, profoundly affecting marine sponges. Sponges are vital to rocky benthic marine communities, with their abundance influencing ecosystem functioning. This study examines the impact of this MHW on the photosynthetic sponge Cymbastella lamellata in Fiordland, New Zealand. We describe the extent, physiological responses, mortality, microbial community changes and ecological impact of this MHW on C. lamellata. The Fiordland MHW reached a maximum temperature of 4.4°C above average, lasting for 259 days. Bleaching occurred in >90% of the C. lamellata Fiordland population. The population size exceeded 66 million from 5 to 25 m, making this the largest bleaching event of its kind ever recorded. We identified the photosynthetic symbiont as a diatom, and bleached sponges had reduced photosynthetic efficiency. Post-MHW surveys in 2023 found that over 50% of sponges at sampling sites had died but that the remaining sponges had mostly recovered from earlier bleaching. Using a simulated MHW experiment, we found that temperature stress was a driver of necrosis rather than bleaching, despite necrosis only rarely being observed in the field (<2% of sponges). This suggests that bleaching may not be the cause of the mortality directly. We also identified a microbial community shift in surviving sponges, which we propose represents a microbial-mediated adaptive response to MHWs. We also found that C. lamellata are key contributors of dissolved organic carbon to the water column, with their loss likely impacting ecosystem function. We demonstrate the potential for MHWs to disrupt key marine phyla in temperate regions, highlighting how susceptible temperate sponges globally might be to MHWs.","7,8,11"
Assessment of surface and bottom marine heatwaves along the Spanish coast,Ocean Modelling,2024-08-01,190,,,10.1016/j.ocemod.2024.102399,ar,Article,5,2-s2.0-85196492010,,1,"Marine heatwaves (MHWs) are discrete yet persistent events of anomalously warm ocean temperatures which are becoming a hot topic in climate change research due to their extensive disruption of marine ecosystems worldwide. As a consequence, surface MHW events (SMHWs) and their drivers have been characterised worldwide typically under a consolidated common methodology. However, subsurface and bottom events of MHW (BMHWs) are less known due to the limited availability of data. Furthermore, recent advances suggest an improved MHW definition to distinguish the extreme event from the long-term ocean warming. Here, we use high-resolution GLORYS12V1 reanalysis data from 1993 to 2022 to characterise both SMHWs and BMHWs along the Spanish Marine Demarcation (SMD) areas defined within the Marine Strategy Framework Directive. We also broadly analyse their interconnections and ultimately generate a regional assessment of the integrated exposure of SMD to MHWs. We find that both SMHWs and BMHWs were more intense, longer-lasting, and widespread over the last 15 years. We also find that while SMHWs exhibit spatial variation following heat fluxes anomalies in the ocean surface layers, BMHWs roughly scale with ocean bottom depth and persist longer than their surface counterparts. Further, in shallower coastal regions where the mixed layer extends to the ocean bottom, average BMHW intensities can be comparable or even higher than those concurrently overlaying at the surface. Finally, we also demonstrate that both SMHWs and BMHWs are more likely to co-occur with high cumulative intensities in coastal SMD areas, with the 69% of their spatial extent categorised as highly exposed to MHWs. This highlights the imperative need for analysing and integrating SMHWs and BMHWs, especially in coastal zones, when assessing and addressing present and future impacts on wildlife and economies under the expected climate change scenario.","2,3,4,5,7,10"
Responses at various levels of ecological hierarchy indicate acclimation to sequential sublethal heatwaves in a temperate benthic ecosystem,Philosophical Transactions of the Royal Society B Biological Sciences,2024-07-22,379,1909,,10.1098/rstb.2023.0171,ar,Article,5,2-s2.0-85199402100,39034694,0,"Marine heatwaves have caused massive mortality in coastal benthic ecosystems, altering community composition. Here, we aim to understand the effects of single and sequential sublethal heatwaves in a temperate benthic ecosystem, investigating their disturbance on various levels of ecological hierarchy, i.e. individual physiology, trophic groups' biomass and ecosystem carbon fluxes. To do so, we performed a near-natural experiment using outdoor benthic mesocosms along spring/summer, where communities were exposed to different thermal regimes: without heatwaves (0HW), with one heatwave (1HW) and with three heatwaves (3HWs). Gastropods were negatively impacted by one single heatwave treatment, but the exposure to three sequential heatwaves caused no response, indicating ecological stress memory. The magnitude of ecosystem carbon fluxes mostly decreased after 1HW, with a marked negative impact on mesograzers' feeding, while the overall intensity of carbon fluxes increased after 3HWs. Consumers' acclimation after the exposure to sequential heatwaves increased grazing activity, representing a threat for the macroalgae biomass. The evaluation of physiological responses and ecological interactions is crucial to interpret variations in community composition and to detect early signs of stress. Our results reveal the spread of heatwave effects along the ecological hierarchical levels, helping to predict the trajectories of ecosystem development. This article is part of the theme issue 'Connected interactions: enriching food web research by spatial and social interactions'.","7,11"
Characteristics of Marine Heatwaves in the Southeastern Baltic Sea Based on Long-Term In Situ and Satellite Observations,Journal of Marine Science and Engineering,2024-07-01,12,7,,10.3390/jmse12071109,ar,Article,3,2-s2.0-85199667998,,1,"Marine heatwaves (MHWs) are known to pose a threat to aquatic ecosystems and coastal communities and, as a result, they receive significant attention nowadays, thus motivating our scientific interest in better understanding the regional patterns of these events. In this study, we analyze MHWs in the SE part of the Baltic Sea, defining them as anomalously warm water events, where the water temperature exceeds the 90th percentile threshold of the corresponding calendar day for at least five or more consecutive days. Our study is based on a combination of long-term (1993–2023) in situ data, field measurements, and satellite-derived sea surface temperature data during the warm (May–August) period. Study results suggest that although short-lived (5–9 days) MHW events typically dominate throughout the analyzed period, the occurrences of longer (more than three weeks) and more intense MHWs have increased in our study region in the recent decade. The heatwaves are observed both in coastal and open waters, with SST anomalies up to around 5–6 °C above the 90th percentile threshold during extreme events, extending thermal influence as deep as 20 m during prolonged and more intense events. We believe that the results of this study contribute to a better understanding of MHW patterns in the study region, which is important from an ecological and socio-economic point of view, providing valuable insights for human health aspects as well.","1,2,7,9,10"
Isopycnal Shoaling Causes Interannual Variability in Oxygen on Isopycnals in the Subarctic Northeast Pacific,Journal of Geophysical Research Oceans,2024-07-01,129,7,,10.1029/2023JC020414,ar,Article,1,2-s2.0-85199056499,,1,"Over 60 years of oceanographic observations from Ocean Station Papa (OSP) in the northeast Pacific indicate faster dissolved oxygen loss than the global average. The greatest negative trends in oxygen concentration occur on isopycnals in the upper water column (σθ = 26.1–26.8 kg m−3, ∼110–200 m) but have considerable uncertainty due to natural variability. In this paper, we use eight Argo profiling floats equipped with optode oxygen sensors to assess the 2008–2016 interannual variability of subsurface dissolved oxygen near OSP. We developed a method using high frequency Conductivity-Temperature-Depth data to correct optode profiles for slow response times and used reference profiles from the OSP time series to calibrate the optodes. Response time correction markedly improves subsurface bias caused by slow optode equilibration. Our analysis indicates that episodic shoaling of isopycnals can cause rapid reduction in dissolved oxygen concentration. Changes in ventilation, horizontal mixing, and water mass age are unlikely drivers for the rapid O2 loss events examined. We link dissolved oxygen loss during shoaling events to organic matter export, due to higher concentrations of organic matter and greater respiration rates at shallower depths. Reduced net community production during the “Blob” marine heatwave may have reduced the impact of the second shoaling event examined. Natural variations in dissolved oxygen in these layers provide context for uncertainty estimates of long-term trends and insight toward the potential for future extreme oxygen minima from the combined impact of the long-term decline and episodic shoaling.","3,4,5,7"
Understanding bottom and surface marine heatwaves along the continental shelf of China,Environmental Research Letters,2024-07-01,19,7,,10.1088/1748-9326/ad5b08,ar,Article,7,2-s2.0-85198077705,,1,"Marine heatwaves (MHWs) have become longer and more frequent over the past century under anthropogenic climate change, with devastating impacts on marine ecosystems. Surface MHWs (SMHWs) and their drivers have been extensively studied using satellite sea surface temperature data, yet the mechanism and characteristics of subsurface MHWs, especially bottom MHWs (BMHWs) along continental shelves, remain unclear. Based on a high-resolution ocean reanalysis dataset, we compare SMHWs and BMHWs along the continental shelf of China and find that BMHWs are typically longer (0-16 d) and more intense (0 °C-50 °C days) than SMHWs. The categorizing of both the BMHW and SMHW shows that moderate and strong events commonly occur in most areas with relatively large spatial coverage, whereas severe and extreme events occur with relatively small spatial coverage. There is a clear negative relationship between the BMHW intensity and ocean depth along the continental shelf, while the BMHW annual days and ocean depth are positively correlated in the Bohai and East China Seas. Generally, BMHWs and SMHWs occur more frequently in shallow coastal regions where the mixed layer depth is more likely to extend to the seafloor, resulting in high BMHW and SMHW synchrony. In addition to spatial coherence, there is a good temporal correspondence between BMHWs and SMHWs across the continental shelf of China from 1993 to 2020.","2,3,4,5,10"
Partnering with the commercial fishing sector and Aotearoa New Zealand's ocean community to develop a nationwide subsurface temperature monitoring program,Progress in Oceanography,2024-07-01,225,,,10.1016/j.pocean.2024.103278,ar,Article,7,2-s2.0-85195200673,,1,"Coastal regions of the world's oceans are critical to supporting the fishing sector, recreation, tourism, and the global blue economy. However, there is a paucity of subsurface, in situ ocean measurements in coastal and shelf regions worldwide that corresponds to the region where a majority of commercial fishing occurs. In Aotearoa New Zealand, the Moana Project and technology partner ZebraTech, Ltd. have co-designed a fully automatic system that measures, transmits, processes, and disseminates temperature observations in near real-time with a goal of providing broad-scale coverage of New Zealand's coastal and shelf seas. In the first two years, more than 300 sensors were deployed by over 250 vessels with the cooperation and support of the commercial fishing sector, providing more than one million temperature measurements per month throughout New Zealand's exclusive economic zone. Participation by the fishing sector is critical to program success with continuous improvement based on fishing sector feedback. Here we introduce the fishing-vessel-based temperature and pressure data collection on a national scale and present initial results showcasing a step change in research quality ocean temperature data collection. Next, we highlight the full-circle data pathway including improved ocean forecasts and near real-time return of the data to the vessels that obtained them. Finally, a discussion of key partnerships, use cases, and lessons learned in Aotearoa New Zealand provides a potential framework for deploying similar systems in data-poor regions worldwide with the support of the commercial fishing fleet and citizen scientists.","3,12,15"
Characteristics of Marine Heatwaves of the Baltic Sea for 1993−2022 and Their Driving Factors,Pure and Applied Geophysics,2024-07-01,181,7,2373-2387,10.1007/s00024-024-03504-1,ar,Article,3,2-s2.0-85194739601,,0,"Marine heatwaves (MHWs) are extreme ocean events with prolonged discrete periods of anomalously warm water, that have significant impacts on fisheries, tourism, and marine ecosystems. We identify MHWs as discrete periods (≥ 5 days) when the sea surface temperature exceeds the threshold (90th percentile) of the sea surface temperature distribution for specific calendar days and analyze their main properties in the Baltic Sea for the period 1993−2022. Also, we investigate the main mechanisms of evolution one of the most intense and continuous MHW, observed from October 2000 to March 2001. We use temperature, salinity, mixed layer depth, and current velocity daily data from regional reanalysis of the Baltic Sea (2 nautical mile horizontal resolution, vertical step from 1 m on the surface to 24 m on the bottom). We also use monthly data from global climate reanalysis ECMWF ERA5 (0.25° × 0.25°) and meteorological stations of the Swedish Meteorological and Hydrological Institute. From 40 to 90 MHWs with an average duration and intensity (8−24 days and 1.75−3.25 °C) were detected in various parts of the Baltic Sea during the period 1993−2022. The maximum cumulative values (> 2400 °C days) were observed in the Gotland Basins, the Gulf of Finland, and the Gulf of Riga. The mean intensity and cumulative values of MHWs are stronger in summer (3.6 °C and 740 °C days). A long existence of MHW in the autumn–winter period 2000–2001 was associated with positive air temperature anomalies (> 4 °C) and a sharp weakening of wind speed in the Baltic region.","1,2,4,10"
Marine heatwave promotes population expansion of the invasive ascidian Symplegma brakenhielmi,Biological Invasions,2024-07-01,26,7,1987-1995,10.1007/s10530-024-03296-4,no,Note,2,2-s2.0-85190825489,,1,"The global increase in frequency and severity of marine heatwaves (MHWs) is highlighting the impact these extreme climatic events can have on marine ecosystems. Throughout the summer of 2021/2022 northeastern Aotearoa/New Zealand suffered an unprecedented MHW. Worst impacted areas, such as the semi-enclosed Te Moananui-ā-Toi/Tīkapa Moana/Hauraki Gulf, experienced more than three continual months of temperatures at or above the climatological mean maximum (20.7 °C). During this period, we observed a rapid increase in the abundance and cover of the invasive, warm-affinity colonial ascidian Symplegma brakenhielmi on temperate rocky reefs. Population expansion of this species has not previously been linked to MHW events. Benthic monitoring as water temperatures cooled showed a sharp decrease in S. brakenhielmi abundance, but not complete disappearance, and the coverage of individually monitored colonies also declined. There was no observed increase in abundance or cover throughout the summer of 2022/2023, a potential consequence of cooler water temperatures and multiple cyclones. Observed impacts included the growth of S. brakenhielmi over other sessile invertebrate and macroalgal species, as well as on highly mobile spiny lobster, suggesting that this species can have a variety of impacts on temperate rocky reefs. In the future, as ocean temperatures continue to warm, these findings provide insight into what we can expect and highlight how MHW can facilitate the rapid expansion and integration of non-native, warm-affinity species into temperate reef ecosystems.","7,14"
"Correcting Climate Model Sea Surface Temperature Simulations with Generative Adversarial Networks: Climatology, Interannual Variability, and Extremes",Advances in Atmospheric Sciences,2024-07-01,41,7,1299-1312,10.1007/s00376-024-3288-6,ar,Article,13,2-s2.0-85189336681,,0,"Climate models are vital for understanding and projecting global climate change and its associated impacts. However, these models suffer from biases that limit their accuracy in historical simulations and the trustworthiness of future projections. Addressing these challenges requires addressing internal variability, hindering the direct alignment between model simulations and observations, and thwarting conventional supervised learning methods. Here, we employ an unsupervised Cycle-consistent Generative Adversarial Network (CycleGAN), to correct daily Sea Surface Temperature (SST) simulations from the Community Earth System Model 2 (CESM2). Our results reveal that the CycleGAN not only corrects climatological biases but also improves the simulation of major dynamic modes including the El Niño-Southern Oscillation (ENSO) and the Indian Ocean Dipole mode, as well as SST extremes. Notably, it substantially corrects climatological SST biases, decreasing the globally averaged Root-Mean-Square Error (RMSE) by 58%. Intriguingly, the CycleGAN effectively addresses the well-known excessive westward bias in ENSO SST anomalies, a common issue in climate models that traditional methods, like quantile mapping, struggle to rectify. Additionally, it substantially improves the simulation of SST extremes, raising the pattern correlation coefficient (PCC) from 0.56 to 0.88 and lowering the RMSE from 0.5 to 0.32. This enhancement is attributed to better representations of interannual, intraseasonal, and synoptic scales variabilities. Our study offers a novel approach to correct global SST simulations and underscores its effectiveness across different time scales and primary dynamical modes.","2,12,15"
"Coastal hypoxia response to the coupling of catastrophic flood, extreme marine heatwave and typhoon: a case study off the Changjiang River Estuary in summer 2020",Acta Oceanologica Sinica,2024-06-01,43,6,107-118,10.1007/s13131-024-2311-1,ar,Article,4,2-s2.0-85202461231,,0,"Massive bodies of low-oxygen bottom waters are found in coastal areas worldwide, which are detrimental to coastal ecosystems. In summer 2020, the response of coastal hypoxia to extreme weather events, including a catastrophic flooding, an extreme marine heatwave, and Typhoon Bavi, is investigated based on multiple satellite, four cruises, and mooring observations. The extensive fan-shaped hypoxia zone presents significant northward extension during July–September 2020, and is estimated as large as 13 000 km2 with rather low oxygen minimum (0.42 mg/L) during its peak in 28–30 August. This severe hypoxia is attributed to the persistent strong stratification, which is indicated by flood-induced larger amount of riverine freshwater input and subsequent marine heatwave off the Changjiang River Estuary. Moreover, the Typhoon Bavi has limited effect on the marine heatwave and coastal hypoxia in summer 2020.","6,7,9"
The 2019 Marine Heatwave at Ocean Station Papa: A Multi-Disciplinary Assessment of Ocean Conditions and Impacts on Marine Ecosystems,Journal of Geophysical Research Oceans,2024-06-01,129,6,,10.1029/2023JC020167,ar,Article,8,2-s2.0-85196478507,,1,"In the past decade, two large marine heatwaves (MHWs) formed in the northeast Pacific near Ocean Station Papa (OSP), one of the oldest oceanic time series stations. Physical, biogeochemical, and biological parameters observed at OSP from 2013 to 2020 are used to assess ocean response and potential impacts on marine life from the 2019 northeast Pacific MHW. The 2019 MHW reached peak surface and subsurface temperature anomalies in the summertime and had both coastal, impacting fisheries, and offshore consequences that could potentially affect multiple trophic levels in the Gulf of Alaska. In the Gulf of Alaska, the 2019 MHW was preceded by calm and stratified upper ocean conditions, which preconditioned the enhanced surface warming in late spring and early summer. The MHW coincided with lower dissolved inorganic carbon and higher pH of surface waters relative to the 2013–2020 period. A spike in the summertime chlorophyll followed by a decrease in surface macronutrients suggests increased productivity in the well-lit stratified upper ocean during summer 2019. More blue whale calls were recorded at OSP in 2019 compared to the prior year. This study shows how the utility of long-term, continuous oceanographic data sets and analysis with an interdisciplinary lens is necessary to understand the potential impact of MHWs on marine ecosystems.","2,4,7,9,10"
Deep learning improves sub-seasonal marine heatwave forecast,Environmental Research Letters,2024-06-01,19,6,,10.1088/1748-9326/ad4616,ar,Article,8,2-s2.0-85194428570,,1,"Marine heatwaves (MHWs) are extreme anomalously warm water events, which are projected to cause increasing numbers of disastrous impacts on ecosystems and economies under global ocean warming. Our ability to forecast MHWs determines what effective measures can be taken to help reduce the vulnerability of marine ecosystems and human communities. In this study, we combine a deep learning model, the convolutional neural network, with a real-time sub-seasonal to seasonal physical forecast model, improving MHW forecast skills by nearly 10% of the global average in leading two weeks by correcting the physical model bias with observational data. This improvement has a nearly consistent influence (∼10%-20%) on a global scale, reflecting the wide-coverage promotion by deep learning. This work reveals the advantages and prospects of the combination of deep learning and physical models in ocean forecasts in the future.",12
Global ocean surface and subsurface temperature forecast skill over subseasonal to seasonal timescales,Journal of Southern Hemisphere Earth Systems Science,2024-05-01,74,2,,10.1071/ES23020,ar,Article,3,2-s2.0-85193450152,,1,"Subseasonal to seasonal forecasts of ocean temperatures, including extreme events such as marine heatwaves, have demonstrated utility in informing operational decision-making by marine end users and managing climate risk. Verification is critical for effective communication and uptake of forecast information, together with understanding ocean temperature predictability. The forecast skill of surface and subsurface ocean temperature forecasts from the Bureau of Meteorology's new ACCESS-S2 seasonal prediction system are assessed here over an extended 38-year hindcast period, from 2 weeks to 6 months into the future. Forecasts of sea surface temperature (SST), heat content down to 300 m (HC300), bottom temperatures on continental shelves, and mixed layer depth are compared to both satellite observations and ocean reanalyses for the globe and the Australian region, using a variety of skill metrics. ACCESS-S2 demonstrates increased SST skill over its predecessor ACCESS-S1 at subseasonal timescales for all variables assessed. Heat content skill is particularly high in the tropics but reduced in subtropical regions especially when compared to persistence. Forecast skill for ocean temperature is higher in the austral summer months than winter at lead times up to 2 months in the Western Pacific region. Mixed layer depth is poorly predicted at all lead times, with only limited areas of skill around Australia and in the south-west Pacific region. Probability of exceedance forecasts for the 90th percentile as an indicator for marine heatwave conditions, shows adequate skill for SST, HC300 and bottom temperatures, especially near shelf regions at shorter lead times. This work will underpin the future development of an operational marine heatwave forecast service, which will provide early warning of these events and thus valuable preparation windows for marine stakeholders.","2,12"
Seasonal variability in energetic value of Crangon alaskensis and effects of marine heatwaves in the Northeast Pacific Ocean,Marine Environmental Research,2024-05-01,197,,,10.1016/j.marenvres.2024.106475,ar,Article,0,2-s2.0-85189505316,38569399,2,"Research cruises were conducted to sample the invertebrate community along the shelf off the central coast of Oregon from 2010 to 2018. A large marine heatwave (MHW) hit the northeast Pacific in fall 2014 and persisted locally through 2015. Here, we assessed the caloric content changes of Crangon alaskensis (a common sandy shrimp) before, during, and after the 2014–2015 MHW. We found significant reductions in the caloric density of shelf populations of C. alaskensis during summer 2015. Oceanographic indices like the Biologically Effective Upwelling Transport Index (BEUTI) and the Pacific Decadal Oscillation (PDO) had greater predictive power for caloric density and biomass than in situ conditions, although bottom temperature and dissolved oxygen were also significantly correlated with caloric density. Caloric density of C. alaskensis was highest in 2018, indicating favorable conditions after the intense MHW of 2014–2015 allowed the caloric density to rebound.","7,9,10"
A marine heatwave changes the stabilizing effects of biodiversity in kelp forests,Ecology,2024-05-01,105,5,,10.1002/ecy.4288,ar,Article,10,2-s2.0-85188787665,38522859,1,"Biodiversity can stabilize ecological communities through biological insurance, but climate and other environmental changes may disrupt this process via simultaneous ecosystem destabilization and biodiversity loss. While changes to diversity–stability relationships (DSRs) and the underlying mechanisms have been extensively explored in terrestrial plant communities, this topic remains largely unexplored in benthic marine ecosystems that comprise diverse assemblages of producers and consumers. By analyzing two decades of kelp forest biodiversity survey data, we discovered changes in diversity, stability, and their relationships at multiple scales (biological organizational levels, spatial scales, and functional groups) that were linked with the most severe marine heatwave ever documented in the North Pacific Ocean. Moreover, changes in the strength of DSRs during/after the heatwave were more apparent among functional groups than both biological organizational levels (population vs. ecosystem levels) and spatial scales (local vs. broad scales). Specifically, the strength of DSRs decreased for fishes, increased for mobile invertebrates and understory algae, and were unchanged for sessile invertebrates during/after the heatwave. Our findings suggest that biodiversity plays a key role in stabilizing marine ecosystems, but the resilience of DSRs to adverse climate impacts primarily depends on the functional identities of ecological communities.","7,11"
Two-pathway spatiotemporal representation learning for extreme water temperature prediction,Engineering Applications of Artificial Intelligence,2024-05-01,131,,,10.1016/j.engappai.2023.107718,ar,Article,8,2-s2.0-85182415275,,0,"Accurate predictions of extreme water temperatures are criticalto understanding the variability of the marine environment and reducing marine disasters maximized by global warming. In this study, we propose a two-pathway framework with separated spatial and temporal encoders for accurate prediction of water temperature, especially extremely high water temperature, through effective spatiotemporal representation learning. The spatial and temporal encoder networks based on the Transformer's self-attention mechanism performs the task of predicting the water temperature time series at the 16 coastal locations around the Korean Peninsula for the seven consecutive days ahead at daily intervals with various combinations of patch embedding methods, positional embedding for spatial features. Comparative experiments with conventional deep convolutional and recurrent networks are also conducted for comparison. By comparing and assessing these results, the proposed two-pathway framework can improve the predictability of extremely high coastal water temperature by better capturing spatiotemporal interrelationships and long-range dependencies from open ocean and regional sea, and further determines the optimal architectural details of self-attention-based spatial and temporal encoders. Furthermore, to examine the explainability of the proposed model and its consistency with domain knowledge, spatial and temporal attention maps are visualized and analyzed that represents weights for spatiotemporal input sequences that are more relevant to predict for future predictions.",12
Assessing combined effects of long-term exposure to copper and marine heatwaves on the reef-forming serpulid Ficopomatus enigmaticus through a biomarker approach,Marine Pollution Bulletin,2024-04-01,201,,,10.1016/j.marpolbul.2024.116269,ar,Article,2,2-s2.0-85188703003,38531206,1,"Sessile benthic organisms can be affected by global changes and local pressures, such as metal pollution, that can lead to damages at different levels of biological organization. Effects of exposure to marine heatwaves (MHWs) alone and in combination with environmentally relevant concentration of copper (Cu) were evaluated in the reef-forming tubeworm Ficopomatus enigmaticus using a multi-biomarker approach. Biomarkers of cell membrane damage, enzymatic antioxidant defences, metabolic activity, neurotoxicity, and DNA integrity were analyzed. The exposure to Cu alone did not produce any significant effect. Exposure to MHWs alone produced effects only on metabolic activity (increase of glutathione S-transferase) and energy reserves (decrease in protein content). MHWs in combination with copper was the condition that most influenced the status of cell homeostasis of exposed F. enigmaticus. The combination of MHWs plus Cu exposure induced increase of protein carbonylation and glutathione S-transferase activity, decrease in protein/carbohydrate content and carboxylesterase activity. This study on a reef-forming organism highlighted the additive effect of a climate change-related stressor to metals pollution of marine and brackish waters.","7,8,11"
"Bathymetric origin shapes the physiological responses of Pterygophora californica (Laminariales, Phaeophyceae) to deep marine heatwaves",Journal of Phycology,2024-04-01,60,2,483-502,10.1111/jpy.13433,ar,Article,2,2-s2.0-85182982522,38264946,0,"Kelp communities are experiencing exacerbated heat-related impacts from more intense, frequent, and deeper marine heatwaves (MHWs), imperiling the long-term survival of kelp forests in the climate change scenario. The occurrence of deep thermal anomalies is of critical importance, as elevated temperatures can impact kelp populations across their entire bathymetric range. This study evaluates the impact of MHWs on mature sporophytes of Pterygophora californica (walking kelp) from the bathymetric extremes (8–10 vs. 25–27 m) of a population situated in Baja California (Mexico). The location is near the southernmost point of the species's broad distribution (from Alaska to Mexico). The study investigated the ecophysiological responses (e.g., photobiology, nitrate uptake, oxidative stress) and growth of adult sporophytes through a two-phase experiment: warming simulating a MHW and a post-MHW phase without warming. Generally, the effects of warming differed depending on the bathymetric origin of the sporophytes. The MHW facilitated essential metabolic functions of deep-water sporophytes, including photosynthesis, and promoted their growth. In contrast, shallow-water sporophytes displayed metabolic stress, reduced growth, and oxidative damage. Upon the cessation of warming, certain responses, such as a decline in nitrate uptake and net productivity, became evident in shallow-water sporophytes, implying a delay in heat-stress response. This indicates that variation in temperatures can result in more prominent effects than warming alone. The greater heat tolerance of sporophytes in deeper waters shows convincing evidence that deep portions of P. californica populations have the potential to serve as refuges from the harmful impacts of MHWs on shallow reefs.","3,7,11"
Depth variation in benthic community response to repeated marine heatwaves on remote Central Indian Ocean reefs,Royal Society Open Science,2024-03-27,11,3,,10.1098/rsos.231246,ar,Article,5,2-s2.0-85189095266,,1,"Coral reefs are increasingly impacted by climate-induced warming events. However, there is limited empirical evidence on the variation in the response of shallow coral reef communities to thermal stress across depths. Here, we assess depth-dependent changes in coral reef benthic communities following successive marine heatwaves from 2015 to 2017 across a 5-25 m depth gradient in the remote Chagos Archipelago, Central Indian Ocean. Our analyses show an overall decline in hard and soft coral cover and an increase in crustose coralline algae, sponge and reef pavement following successive marine heatwaves on the remote reef system. Our findings indicate that the changes in benthic communities in response to elevated seawater temperatures varied across depths. We found greater changes in benthic group cover at shallow depths (5-15 m) compared with deeper zones (15-25 m). The loss of hard coral cover was better predicted by initial thermal stress, while the loss of soft coral was associated with repeated thermal stress following successive warming events. Our study shows that benthic communities extending to 25 m depth were impacted by successive marine heatwaves, supporting concerns about the resilience of shallow coral reef communities to increasingly severe climate-driven warming events.","8,11"
Multispecies population-scale emergence of climate change signals in an ocean warming hotspot,ICES Journal of Marine Science,2024-03-01,81,2,375-389,10.1093/icesjms/fsad208,ar,Article,22,2-s2.0-85187496242,,1,"Ocean waters of the Northeast US continental shelf have warmed rapidly in recent years, with sea surface temperatures rising 2.5 times faster than those of the global oceans. With this strong warming trend, the frequency and duration of marine heatwaves have increased. These temperature changes stood out as a distinct warm temperature regime during the 2010s. During this decade, fish population characteristics also differed from the past. Species distribution shifts were detected for many species, demonstrating one way species could adapt to warming conditions. However, for most species, distribution shifts were insufficient to avoid warmer surface or bottom temperatures. As species occupied warmer habitats, growth patterns aligned with expectations for warming temperatures. Consistent with the temperature-size rule, some species exhibited faster growth at early life stages but plateaued at smaller body sizes; other species, however, experienced reduced growth across all ages, indicating thermal stress. Finally, population productivity indexed by the recruit-to-spawner ratio declined significantly during the 2010s for some populations. Changes in these three processes—distribution, growth, and productivity—indicate the emergence of climate change signals across multiple Northeast US fish populations. These effects create new challenges for fishery managers and industry participants operating in the context of non-stationarity and uncertainty.","5,7,9,14"
A rapid assessment method to monitor the health status of habitat-forming species in coastal benthic ecosystems,Aquatic Conservation Marine and Freshwater Ecosystems,2024-03-01,34,3,,10.1002/aqc.4120,ar,Article,0,2-s2.0-85186488649,,1,"Marine habitat-forming (MHF) species in the Mediterranean are among the most threatened coastal species by human activities. In recent decades, different stressors (e.g., warming-induced marine heatwaves and algal blooms) have caused mass mortality events in these key species. Overall, a common method to assess their health status at the Mediterranean Sea scale is lacking. To fill this gap, the aim of this work is to present and validate a cost-effective method, the Mortality Rapid Assessment Method, that is able to assess the health status of key MHF species, even through Citizen Science. The Mortality Rapid Assessment Method is based on determining the impact of mortality on MHF species derived from the metric percentage of affected colonies or individuals. To validate the ability of the proposed method to assess the health status, it was compared to a more commonly used but time-consuming and expert-required metric based on the injured surface percentage of the colonies or individuals. For the validation, one of the most extensive (>47,500 colonies) demographic datasets of the octocoral Paramuricea clavata was used to conduct a comprehensive metric comparison. The results showed a highly significant correlation between metrics from both methods (ρ = 0.86), confirming that the percentage of affected colonies provides a reliable assessment of the health status of gorgonian populations over broad spatial and temporal scales. Bearing in mind that this metric can be applied to different MHF species, such as sponges, bryozoans and calcareous algae, and by non-scientific personnel (managers and trained volunteers), its implementation can contribute to inform and enhance the effectiveness of the conservation and management plans for key MHF species at the scale of the Mediterranean Sea.","7,9,11"
Impacts of Marine Heatwaves on Subsurface Temperatures and Dissolved Oxygen in the Chesapeake Bay,Journal of Geophysical Research Oceans,2024-03-01,129,3,,10.1029/2023JC020338,ar,Article,16,2-s2.0-85186405875,,1,"Subsurface impacts associated with Marine Heatwaves (MHWs) in estuaries are not well understood, largely due to data scarcity. Using over three decades (1986–2021) of observations from several monitoring programs, this study investigates subsurface temperature and dissolved oxygen (DO) anomalies associated with surface MHWs in the Chesapeake Bay (CB). Seasonal variability in temperature anomalies followed a simple 1-D response to surface heating with downward heat transport and diffusion controlled by seasonally variable stratification and mixing. Two distinct temperature regimes were found: a thermally stratified spring-summer regime, when positive temperature anomalies were confined to the surface mixed layer (SML); and a homogeneous fall-winter regime. Additionally, surface (subsurface) temperatures were elevated for months (days to weeks) before and after MHWs, indicating individual events were shorter than the timescales of elevated temperatures. A simple 1-D SML heat budget identified air-estuary heat flux changes as the leading driver of MHW onsets and declines, with latent heat flux being the dominant term. DO anomaly patterns were more complex, with considerable along-channel gradients. Notable DO decreases (1–4 mg L−1) primarily occurred in the winter/spring below the SML, and the hypoxic zone expanded from spring through fall. Only a small fraction of these DO anomalies could be attributed to MHW temperature-induced solubility changes, demonstrating that other physical and/or biogeochemical processes dominate changes in DO during these events. In CB, concurrent low DO and persistent high temperatures could compound the impacts of MHWs on this valuable ecosystem, with MHW event impacts likely to be exacerbated by climate change.","3,4,5,7"
Subsurface evolution of three types of surface marine heatwaves over the East Sea (Japan Sea),Progress in Oceanography,2024-03-01,222,,,10.1016/j.pocean.2024.103226,ar,Article,9,2-s2.0-85186123321,,0,"Extremely high seawater temperatures (beyond the 90th percentile threshold) are a key characteristic of marine heatwaves (MHWs), which adversely affect human and marine ecosystems. It is important to characterize the MHWs in the East Sea (Japan Sea), a semi-enclosed deep basin connected to the outside seas/ocean by shallow and narrow straits, where the most rapid upper ocean warming has been reported in recent decades. Despite several reports on their rising frequency and severity, the characteristics, and underlying dynamics of East Sea MHWs (ESMHWs), particularly their subsurface evolution, remain poorly understood. In this study, we aimed to understand the subsurface evolution patterns of ESMHWs and the underlying mechanisms. Here, summer (June, July, and August) ESMHWs from four ocean reanalysis products were characterized after being verified against those from long-term (2000–2015) time-series observations near the east coast of Korea. We found the HYCOM reanalysis products is the best match with the observation, showing consistent evolution patterns with the ESMHWs in the observation, yielding high correlation coefficients (ranging from 0.7 to 0.9 at the surface), and low root-mean-square errors (3°C). Therefore, the HYCOM reanalysis is further used to characterize the subsurface evolution of surface ESMHWs. A rising frequency of annual mean and summer ESMHWs across the whole East Sea, with a maximum increasing rate of 1–2 events in 40 years and mean cumulative intensity of 5–9°C days decade-1. Three types (Types-A, -B, and -C) of subsurface evolution of ESMHW were commonly found in six sub-regions (where the increasing ESMHWs trends are maximum)—three in the western and three in the eastern parts. The three types are Type-A, which is surface-confined and short-lived with anomalous warm surface temperatures and cold subsurface temperatures; Type-B, characterized by warm anomalies propagating from the surface to the upper several meters with no subsurface cold anomalies; and Type-C, exhibiting anomalous warm temperatures at the upper 200 m. Although increased shortwave radiation, decreased wind speed, and thinned mixed layer commonly contribute to the formation of all three types, the relative role of the heat penetration into the layer below the mixed layer and dissipation mechanisms significantly differ among the types. Common ESMHW evolution features include mixed layer deepening, heat release to the atmosphere, and interactions between the surface mixed layer and deeper layers, while horizontal advection played a significant role only during the Type-C ESMHW events. The long-term trends in frequency, cumulative intensity, and duration of ESMHWs were discussed in terms of those in each type ESMHWs metrics along with long-term surface warming, subsurface cooling, and weakening currents in the six sub-regions. This study provides significant insights into surface and subsurface evolution of MHWs in this and other marginal seas in warming climate conditions.","3,4,5,10"
Marine heatwaves and global warming impacts on winter waters in the Southern Indian Ocean,Journal of Marine Systems,2024-03-01,243,,,10.1016/j.jmarsys.2023.103962,ar,Article,12,2-s2.0-85182276881,,2,"In the Southern Ocean, the term “winter waters” (WWs) refers to a water mass characterized by a subsurface layer of minimum temperature that plays an important ecological role for marine ecosystems, and in particular for top predators. Given that the Southern Ocean is experiencing warming and intense marine heatwaves (MHWs), particularly at subantarctic latitudes, we investigate here how different levels of warming might impact the presence, depth and minimum temperature of WWs in the Indian sector of the Southern Ocean. In particular, we assess how WWs are impacted by surface MHWs using in situ Argo hydrographic observations and biologging data. The results indicate that WWs are substantially reduced, deeper and warmer during the presence of MHWs. Using the most recent climate projections, we find a significant, but scenario-dependent, southward shift of WWs under global warming. Potential impacts of such WW shifts on pelagic ecosystems, at different timescales (from daily to decadal), are discussed.","3,5,7,10"
"Insight on thermal stress response of demosponge Chondrosia reniformis (Nardo, 1847)",Science of the Total Environment,2024-02-25,913,,,10.1016/j.scitotenv.2023.169648,ar,Article,3,2-s2.0-85181768317,38159772,0,"Global warming has led to an increase in extreme weather and climate phenomena, including floods and heatwaves. Marine heatwaves have frightening consequences for coastal benthic communities around the world. Each species exhibits a natural range of thermal tolerance and responds to temperature variations through behavioral, physiological, biochemical, and molecular adjustments. Physiological stress leading to disease and mass mortality appears when tolerance thresholds are exceeded. Sessile species are therefore particularly affected by these phenomena. Among these sessile species, marine sponges are important members of coral reef ecosystems. To better understand the sponge thermal stress response, we tested the response of demosponge Chondrosia reniformis (Nardo, 1847) to three different temperatures (8 °C, 24 °C and 30 °C) during two exposure periods of time (4 and 14 h). Histological studies of whole parts of the sponge, biochemical analyses (Defense enzymes) and gene expression levels of some target genes were undertaken in this study. The exposure to cold temperature (8 °C) resulted in inhibition of antioxidant enzymes and less modification in the gene expression level of the heat shock proteins (HSPs). These latter were strongly upregulated after exposure to a temperature of 24 °C for 4 h. However, exposure to 30 °C at both periods of time resulted in indication of HSP, antioxidant enzymes, the gene involved in the apoptosis process (Bcl-2: B-cell lymphoma 2), the gene involved in inflammation (TNF: Tumor Necrosis Factor), as well as the aquaporin gene, involved in H2O2 permeation. Moreover, the normal organization of the whole organism was disrupted by the extension and fusion of choanocyte chambers and alteration of the pinacoderm. Interestingly, exposure to sublethal temperatures may show that this sponge has an adaptation threshold temperature. These insights into the adaptation mechanisms of sponges contribute to better management and conservation of sponges and to the prediction of ecosystem trajectories with future climate change.","7,11"
Exploring multi-decadal time series of temperature extremes in Australian coastal waters,Earth System Science Data,2024-02-16,16,2,887-901,10.5194/essd-16-887-2024,dp,Data Paper,3,2-s2.0-85186109180,,1,"The intensity and frequency of extreme ocean temperature events, such as marine heatwaves (MHWs) and marine cold spells (MCSs), are expected to change as our oceans warm. Little is known about marine extremes in Australian coastal waters, particularly below the surface. Here we introduce a multi-decadal observational record of extreme ocean temperature events starting in the 1940s and 1950s between the surface and the bottom (50-100m) at four long-term coastal sites around Australia: the Australian Multi-Decadal Ocean Time Series EXTreme (AMDOT-EXT) data products (10.26198/wbc7-8h24, ). The data products include indices indicating the timing of extreme warm and cold temperature events, their intensity and the corresponding temperature time series and climatology thresholds. We include MHWs, MCSs and shorter-duration heat spikes and cold spikes. For MHWs and MCSs, which are defined as anomalies above the daily varying 90th and 10th percentiles, respectively, and lasting more than 5d, we also provide further event information, such as their category and onset and decline rates. The four data products are provided as CF-compliant NetCDF files, and it is our intention that they be updated periodically. It is advised that data users seek the latest data product version. Using these multi-decadal data products, we show the most intense and longest extreme temperature events at these sites, which have occurred below the surface. These data records highlight the value of long-term full water column ocean data for the identification of extreme temperature events below the surface.","1,3,5,13,15"
Ecological and genomic characterization of a remarkable natural heritage: a mesophotic ‘giant’ Paramuricea clavata forest,Marine Ecology Progress Series,2024-02-08,728,,85-101,10.3354/meps14427,ar,Article,3,2-s2.0-85183316104,,2,"Paramuricea clavata is an ecosystem engineer, structuring hard bottom communities in the Mediterranean Sea, from 10 to 200 m depth. For more than 2 decades, shallow populations of P. clavata have been impacted by marine heatwaves, resulting in massive mortality events. Recently, a new dense population characterized by the tallest colonies ever recorded (up to 1.80 m) in the Mediterranean Sea was discovered between 50 and 60 m depth. Here, we analyzed the size and genetic structure of this ‘deep giant population’ and conducted a reciprocal transplant experiment with a shallow population inhabiting the same area to test for local adaptation. The experiment showed no significant difference in the survival rate despite the high temperatures registered in the shallow area. Nevertheless, we observed a significant differentiation by depth in this area, with low estimates of gene flow. The particular local oceanographic conditions could lead to a relative isolation of the population. In conclusion, the reduced connectivity of this newly discovered giant population with shallower ones questions its potential role as a climate refuge. Additionally, this population constitutes a unique natural heritage site that should be effectively protected from physical impacts and other direct consequences of anthropogenic activities.","7,11"
Drivers of Marine Heatwaves in the Arctic Ocean,Journal of Geophysical Research Oceans,2024-02-01,129,2,,10.1029/2023JC020324,ar,Article,15,2-s2.0-85185246448,,1,"Among the documented consequences of anthropogenic global warming are the increased frequency and duration of marine heatwaves in the global ocean. The literature dedicated to Arctic marine heatwaves corroborates those results, but fails to identify the heat sources and sinks. Because of the numerous feedbacks impacting polar regions, understanding the processes triggering and dissipating those extreme events is particularly important to predict their occurrence in a fast changing ocean. A three-dimensional regional ice-ocean numerical model is used to calculate a surface mixed layer heat budget and to investigate mechanisms generating and dissipating marine heatwaves. The majority of the marine heatwaves are onset by surface heat fluxes and decayed by bottom and surface heat fluxes. The dominant processes are spatially and seasonally heterogeneous: lateral heat flux can become the primary process when advecting heat anomalies at the main Arctic gateways or by triggering temperature extremes in winter. Using a Reynolds decomposition, it can be determined that the shoaling of the surface mixed layer induced by ice melt can significantly lengthen and intensify Arctic marine heatwaves. In winter, the analysis of marine heatwaves poses unique challenges, with the long term freshening of the Arctic inducing a positive trend of 0.1°C per decade for the freezing point. Arctic marine heatwaves are expected to keep increasing in duration and intensity due to the increased trend of the primary process, the surface heat flux, and their dissipation by bottom heat flux provides a pathway for heat from the atmosphere to the Arctic subsurface water masses.","4,5,10"
"More Than Marine Heatwaves: A New Regime of Heat, Acidity, and Low Oxygen Compound Extreme Events in the Gulf of Alaska",Agu Advances,2024-02-01,5,1,,10.1029/2023AV001039,ar,Article,35,2-s2.0-85182151715,,1,"Recent marine heatwaves in the Gulf of Alaska have had devastating impacts on species from various trophic levels. Due to climate change, total heat exposure in the upper ocean has become longer, more intense, more frequent, and more likely to happen at the same time as other environmental extremes. The combination of multiple environmental extremes can exacerbate the response of sensitive marine organisms. Our hindcast simulation provides the first indication that more than 20% of the bottom water of the Gulf of Alaska continental shelf was exposed to quadruple heat, positive hydrogen ion concentration [H+], negative aragonite saturation state (Ωarag), and negative oxygen concentration [O2] compound extreme events during the 2018–2020 marine heat wave. Natural intrusion of deep and acidified water combined with the marine heat wave triggered the first occurrence of these events in 2019. During the 2013–2016 marine heat wave, surface waters were already exposed to widespread marine heat and positive [H+] compound extreme events due to the temperature effect on the [H+]. We introduce a new Gulf of Alaska Downwelling Index (GOADI) with short-term predictive skill, which can serve as indicator of past and near-future positive [H+], negative Ωarag, and negative [O2] compound extreme events near the shelf seafloor. Our results suggest that the marine heat waves may have not been the sole environmental stressor that led to the observed ecosystem impacts and warrant a closer look at existing in situ inorganic carbon and other environmental data in combination with biological observations and model output.","6,7,9"
Recurring bleaching events disrupt the spatial properties of coral reef benthic communities across scales,Remote Sensing in Ecology and Conservation,2024-02-01,10,1,39-55,10.1002/rse2.355,ar,Article,13,2-s2.0-85164741244,,1,"Marine heatwaves are causing recurring coral bleaching events on tropical reefs that are driving ecosystem change. Yet, little is known about how bleaching and subsequent coral mortality impacts the spatial properties of tropical seascapes, such as patterns of organism spatial clustering and heterogeneity across scales. Changes in these spatial properties can offer insight into ecosystem recovery potential following disturbance. Here we repeatedly quantified coral reef benthic spatial properties around the circumference of an uninhabited tropical island in the central Pacific over a 9-year period that included a minor and subsequent severe marine heatwave. Benthic communities showed increased biotic homogenisation following both minor and mass bleaching, becoming more taxonomically similar with less diverse intra-island community composition. Hard coral cover, which was highly spatially clustered around the island prior to bleaching, became less spatially clustered following minor bleaching and was indiscernible from a random distribution across all scales (100–2000 m) following mass bleaching. Interestingly, the reduced degree of hard coral cover spatial clustering was already evident by the onset of mass bleaching and before any dramatic wholesale loss in island-mean coral cover occurred. Reductions in hard coral spatial clustering may therefore offer an early indication of the ecosystem becoming degraded prior to mass coral mortality. In contrast, the spatial clustering of competitive fleshy macroalgae remained unchanged through both bleaching events, while crustose coralline algae and fleshy turf algae became more spatially clustered at larger scales (200–700 m) following mass bleaching. Overall, benthic community spatial patterning became less predictable following bleaching and was no longer reflective of gradients in long-term environmental drivers that typically structure these remote reefs. Our findings provide novel insights into how climate-driven marine heatwaves can impact the spatial properties of coral reef communities over multiple scales.","7,8,11"
Coastal marine heatwaves in the Santa Barbara Channel: decadal trends and ecological implications,Frontiers in Marine Science,2024-01-01,11,,,10.3389/fmars.2024.1476542,ar,Article,3,2-s2.0-85213524896,,1,"Marine heatwaves (MHWs) are of increasing concern due to the emerging ecological and socioeconomic impacts on coastal ecosystems. Leveraging the data of the Santa Barbara Coastal Long-Term Ecological Research project, we analyzed the MHW event metrics observed in the kelp forest ecosystem and across Santa Barbara Channel, CA, USA. Not only was there a significant positive trend in the number of MHWs recorded, their duration and intensity were also increasing over time. MHWs were detected year-round, suggesting that marine organisms have exposure risks regardless of their phenology. Exposure at one life history stage could have a legacy effect on the subsequent stages, implying little temporal refuge. In contrast, the coastal mooring data revealed that near-surface and bottom events were not necessarily coupled even at less than 15 m. Such spatial variation in MHWs might provide a temporary refuge for mobile species. These observations also highlight the importance of depth-stratified, long-term coastal monitoring to understand spatio-temporal variation in MHW stress on coastal communities.","5,7,10,11,13"
Shifting temperature–abundance relationship for Bering Sea walleye pollock consistent with northward expansion during exceptionally warm conditions,Marine Ecology Progress Series,2024-01-01,749,,141-158,10.3354/meps14720,ar,Article,1,2-s2.0-85210984136,,1,"Rapid climate change in high-latitude ecosystems presents a challenge to fisheries management, as ecosystems are exposed to novel climate conditions that might expose non-stationary climate–biology relationships. Recently, the eastern Bering Sea has experienced a series of warm years outside the range of previous observations, resulting in shifting species distributions. We tested whether exceptionally warm temperatures from 2014–2019 revealed temporal non-stationarity in the relationship between temperature and the local abundances of walleye pollock Gadus chalcogrammus, an ecologically and commercially important species. Using survey catch per unit effort (CPUE) as a local abundance proxy, we detected a gradual shift through time in the local abundance–bottom temperature relationship, but little evidence for a sharp transition associated with marine heatwave conditions. Because pollock have expanded their range into novel habitats in the northeast Bering Sea (NEBS), we tested whether our models, parameterized for the southeast Bering Sea (SEBS), had predictive skill in the northeast. Our models were generally able to identify areas of high and low CPUE, though they under-predicted the magnitude of abundance observed in the northeast during the warm years. Spatial associations between pollock and other species differed between the warm period (2014–2019) and previous decades (1982–2013) for 3 of 9 species, providing mixed evidence for non-stationarity. These findings contrast with results showing sharp rather than gradual changes in climate–biology relationships associated with climate transitions in nearby ecosystems. The same processes that govern walleye pollock abundance and distribution appear to apply to both the SEBS, historically the core of their distribution, and the NEBS.","9,14"
"Patterns of benthic diversity in marine underwater caves of the Marseille Region (France, North-Western Mediterranean Sea)",Mediterranean Marine Science,2024-01-01,25,3,666-681,10.12681/MMS.38566,ar,Article,2,2-s2.0-85209715046,,1,"Underwater caves are remarkable habitats of the Mediterranean Sea. In the present study, we compare the geomorphology of four underwater caves of the Marseille area and the associated sessile assemblages across two contrasted communities (Semi-Dark and Dark-cave communities). Using a non-destructive method of sampling, photoquadrats of the walls of the caves were performed in 2020 to assess the biodiversity and the structure of these communities. In addition, taking advantage of available reference data from 2015, we evaluate the changes in sponge assemblages for the period 2015-2020, focusing on observations of the Semi-Dark cave community. Our results illustrate how the diversity of environmental settings and cave morphologies shape the benthic community composition of the four caves. In all four caves, the Semi-Dark community is the more diverse and harbours the higher number of species when compared to the Dark community. Each cave presents a different species assemblage with in most cases, distinct dominant species which highlight the singularity of each cave. Moreover, our temporal change assessment demonstrates a critical decrease in sponge species richness for all caves, possibly related to the increasing frequency of marine heatwaves that have occurred in the last decade. Although some species (mostly in the Keratosa subclass) seem to be particularly affected, other species such as Chondrosia reniformis appear to have benefitted from the situation. Our findings underline the importance of biodiversity monitoring in a context of a rapidly changing environment, in particular in poorly resilient marine ecosystems such as underwater caves.","7,11,14"
Marine heatwaves and cold spells in the Northeast Atlantic: what should the UK be prepared for?,Frontiers in Marine Science,2024-01-01,11,,,10.3389/fmars.2024.1434365,ar,Article,9,2-s2.0-85207024545,,1,"Up to now, the UK has avoided major marine heatwaves (MHWs) that cause severe damage to marine ecosystems and the blue economy. However, an unprecedented in its intensity, though short-lived, MHW occurred in UK waters in June 2023. This event sounded an alarm bell, highlighting gaps in our understanding of MHW characteristics and their potential future impacts in the UK. Here, we use a combination of remote sensing data and model output to characterise MHWs and Marine Cold Spells (MCSs) around the UK and the wider North Atlantic, and to assess the potential for concurrent biogeochemical extreme events. Results indicate that across the wider North Atlantic, the UK is not a hot spot for MHWs or MCSs but, regionally, the southern North Sea experiences the most activity. This is also the location of extreme chlorophyll-a concentrations, here termed blue waves (low chlorophyll-a) and green waves (high chlorophyll-a). However, there is not a very pronounced relationship between temperature and chlorophyll-a extremes, which may be impacted by the exact location, drivers and season of occurrence. In contrast, the southern North Sea and English Channel may experience a MHW and low near-bottom oxygen compound events year-round, which, due to the combination of thermal stress and reduced oxygen availability, may negatively impact benthic marine ecosystems. While MHWs in UK waters do not appear to be as long-lasting or intense as other well-documented events around the world, they are projected to increase. Thus, the UK has a unique opportunity to learn from other nations and so develop robust and comprehensive policies to increase preparedness and response capability for future extreme events.","2,4,5,7,10"
Deep Learning-driven Forecasting of Daily Sea Surface Temperatures in the South China Sea,2024 Photonics and Electromagnetics Research Symposium Piers 2024 Proceedings,2024-01-01,,,,10.1109/PIERS62282.2024.10617964,cp,Conference Paper,3,2-s2.0-85201954347,,0,"Sea Surface Temperature (SST) plays an important role in influencing oceanic and climatic changes. Accurate prediction of SST variations is crucial for marine ecological environments, and meteorology. Traditional SST prediction methods primarily rely on numerical models, which are often computationally expensive. In this study, we introduce a rapid intelligent forecasting model for the South China Sea (SCS) SST based on a deep learning model (3D U-Net), utilizing SST, Sea Surface Height Anomalies (SSHA), and Sea Surface Wind (SSW) as input variables. The results demonstrate that the 3D U-Net model exhibits higher accuracy across all forecasting periods than the Convolutional Long Short-Term Memory (ConvLSTM) model. The 3D U-Net model exhibits smaller prediction errors in different regions of the SCS and demonstrates robust performance during the monsoon season. Additionally, the model achieved an accuracy of over 80% in predicting marine heatwave (MHW) events in the SCS in 2021. In summary, the 3D U-Net model, integrating multi-source sea surface data, can rapidly and accurately predict SST in the SCS, offering a new method for forecasting MHW events.","2,12"
Future projections for the tropical Indian Ocean,Indian Ocean and Its Role in the Global Climate System,2024-01-01,,,469-482,10.1016/B978-0-12-822698-8.00004-4,ch,Book Chapter,31,2-s2.0-85198444420,,0,"The tropical Indian Ocean has undergone basin-wide surface warming since the start of the 20th century, with a rate of 0.12°C per decade between 1950 and 2020, which is the fastest among the tropical basins. The warming penetrates the deep ocean, with an increase in the ocean heat content from the surface until 2000m (OHC2000) at a rate of 3.7 zetta-joules per decade during 1960-2016. Here, we summarize our current understanding of the future changes in the Indian Ocean state based on climate model projections. Climate models under the Coupled Model Intercomparison Project Phase 6 project that in response to mid-to-high greenhouse gas emissions the Indian Ocean will very likely experience surface warming of 1.4-3°C between 2020 and 2100, at a rate of 0.17-0.38°C per decade. The OHC2000 is projected to increase at a rate of 16-22 zetta-joules per decade under mid-to-high emission scenarios. Marine heatwaves are projected to increase from 20days per year (during 1970-2000) to 220-250days per year, pushing the tropical Indian Ocean into a basin-wide near-permanent heatwave state by the end of the 21st century. In response to the ocean warming, Earth system models project a significant decline in surface chlorophyll and annual net primary productivity, with the strongest decrease of about 8%-10% in the western Arabian Sea. The Indian Ocean is projected to acidify further, with the surface pH of the tropical Indian Ocean decreasing to a pH below 7.7 by the end of the 21st century, compared to a pH above 8.1 during the early 20th century. Earth system model projections do not agree on the evolution of subsurface oxygen concentrations, calling for an improvement in the representation of biogeochemical processes or improved bias correction techniques. The rapid warming, decline in primary productivity, and acidification will continue to increase the pressure on the marine ecosystem and coral reefs.","5,7,8,9"
Lack of strong responses to the Pacific marine heatwave by benthivorous marine birds indicates importance of trophic drivers,Marine Ecology Progress Series,2024-01-01,737,,215-226,10.3354/meps14384,ar,Article,6,2-s2.0-85196025615,,1,"The Pacific marine heatwave (PMH) of 2014−2016 was an intense, long-lasting environmental disturbance expressed throughout the north Pacific. While dramatic consequences of the PMH on pelagic food webs have been well documented, effects on nearshore food webs, i.e. those based on macroalgal primary productivity, benthic invertebrate intermediate consumers, and specialized benthivorous top predators including some marine birds, are not well understood. We conducted summer and winter coastline marine bird surveys in 2 National Parks in the northern Gulf of Alaska from 2006 to 2022. We evaluated changes in abundance of benthivorous marine birds in relation to the PMH, after accounting for effects of season and region. We also evaluated changes in abundance of nearshore benthic invertebrate prey to allow specific consideration of a prey-based mechanism for effects of the PMH across food webs. We found that benthivorous marine birds, consisting of sea ducks and shorebirds, did not show a strong response to the PMH, unlike significant effects demonstrated by piscivorous birds in pelagic biomes. In contrast to extreme reductions in quantity and quality of forage fish documented elsewhere, we found that common benthic invertebrate prey abundance remained relatively stable. Our results support the hypothesis that, across food webs, top predator responses to the PMH were driven primarily by how and whether the PMH affected their prey availability. These findings show how a large-scale environmental perturbation affects biological communities differently through various trophic pathways, which provides insight into ecosystem resiliency and can inform management strategies in the face of persistent climate change.","7,9,11"
The spatiotemporal characteristics and driving mechanisms of subsurface marine heatwaves in the Xisha Region,Frontiers in Marine Science,2024-01-01,11,,,10.3389/fmars.2024.1399096,ar,Article,3,2-s2.0-85195285209,,1,"Under the background of global climate change, Subsurface Marine Heatwaves (SSMHWs) have become a ‘hot-spot’ research due to their significant impacts on marine ecosystems. Temperature data from the ECCO2 for the years 1992 to 2021 is used to research the spatiotemporal characteristics of SSMHWs in the upper 500 m over the Xisha region (110°E to 113°E, 15°N to 18°N). This study indicates that SSMHWs of high intensity occur in the Xisha area, with the vertical maximum intensity at approximately 100 m. These events exhibit significant seasonal variations, with the highest intensity occurring in May. The intensity of SSMHW in the analysis region varies interannually. SSMHWs have intensified at a rate of 1.53°C·Days/Year and tend to shift to deeper water over the past three decades. A block-based method for SSMHW identification is proposed, in order to take the vertical extent of the event in consideration. By analyzing the eight most intense events based on spatial cumulative intensity, it suggested that warm mesoscale eddies may play an important role on the spatial distribution of the SSMHWs. Statistical analysis shows that the intensity and coverage of the warm mesoscale eddy in the Xisha zone may influence the intensity and evolution of the SSMHWs. Additionally, only 18.27% of SSMHW events occur with apparent surface marine heatwave signals. These findings are vital for uncovering SSMHW dynamics in the Xisha area, and are important for future monitoring, early warnings and marine conservation.","3,4,10"
"PREDATOR DISTURBANCE CONTRIBUTED TO COMMON MURRE URIA AALGE BREEDING FAILURES IN COOK INLET, ALASKA, FOLLOWING THE 2014–2016 PACIFIC MARINE HEATWAVE",Marine Ornithology,2024-01-01,52,1,129-139,,ar,Article,4,2-s2.0-85193721958,,0,"The 2014–2016 Pacific marine heatwave caused unprecedented die-offs and multi-year reproductive failures for Common Murres Uria aalge along the west coast of North America. Lingering impacts, such as declines in colony attendance and productivity, have persisted at some colonies following the heatwave and are attributed largely to changes in prey availability and quality. Here, we present evidence of an additional, top-down mechanism contributing to Common Murre breeding failures on Gull Island (Alaska): disturbance of nesting birds by aerial predators and associated egg depredation. We collected time-lapse images over five murre breeding seasons (2016–2020) on Gull Island to document the frequency, duration, and intensity of disturbances caused by aerial predators, as well as to quantify disturbance-associated egg depredation. To identify seasonal and inter-annual variability of disturbances, we calculated a daily disturbance index and compared years using generalized additive models. In all years, Bald Eagles Haliaeetus leucocephalus were the primary cause of disturbance, which led to periods of prolonged colony abandonment by murres and facilitated high levels of murre egg depredation by Glaucous-winged Gulls Larus glaucescens and Herring Gulls L. argentatus. We found that the seasonality of disturbance was an important factor in determining egg depredation rates. In years when disturbance levels were high and persisted later in the season, the colony experienced complete breeding failures due to disturbance-associated egg depredation. Our study revealed that the response of nesting murres to a strong environmental perturbation, such as the Pacific marine heatwave, can be complex and involve multiple stressors from both bottom-up and top-down factors.","6,7,14"
Assessing the impact of subsurface temperature observations from fishing vessels on temperature and heat content estimates in shelf seas: a New Zealand case study using Observing System Simulation Experiments,Frontiers in Marine Science,2024-01-01,11,,,10.3389/fmars.2024.1358193,ar,Article,8,2-s2.0-85193004384,,1,"We know that extremes in ocean temperature often extend below the surface, and when these extremes occur in shelf seas they can significantly impact ecosystems and fisheries. However, a key knowledge gap exists around the accuracy of model estimates of the ocean’s subsurface structure, particularly in continental shelf regions with complex circulation dynamics. It is well known that subsurface observations are crucial for the correct representation of the ocean’s subsurface structure in reanalyses and forecasts. While Argo floats sample the deep waters, subsurface observations of shelf seas are typically very sparse in time and space. A recent initiative to instrument fishing vessels and their equipment with temperature sensors has resulted in a step-change in the availability of in situ data in New Zealand’s shelf seas. In this study we use Observing System Simulation Experiments to quantify the impact of the recently implemented novel observing platform on the representation of temperature and ocean heat content around New Zealand. Using a Regional Ocean Modelling System configuration of the region with 4-Dimensional Variational Data Assimilation, we perform a series of data assimilating experiments to demonstrate the influence of subsurface temperature observations at two different densities and of different data assimilation configurations. The experiment period covers the 3 months during the onset of the 2017-2018 Tasman Sea Marine Heatwave. We show that assimilation of subsurface temperature observations in concert with surface observations results in improvements of 44% and 38% for bottom temperature and heat content in shelf regions (water depths< 400m), compared to improvements of 20% and 28% for surface-only observations. The improvement in ocean heat content estimates is sensitive to the choices of prior observation and background error covariances, highlighting the importance of the careful development of the assimilation system to optimize the way in which the observations inform the numerical model estimates.","3,12"
An Interpretable Deep Learning Approach for Detecting Marine Heatwaves Patterns,Applied Sciences Switzerland,2024-01-01,14,2,,10.3390/app14020601,ar,Article,7,2-s2.0-85192358725,,1,"Marine heatwaves (MHWs) refer to a phenomenon where the sea surface temperature is significantly higher than the historical average for that region over a period, which is typically a result of the combined effects of climate change and local meteorological conditions, thereby potentially leading to alterations in marine ecosystems and an increased incidence of extreme weather events. MHWs have significant impacts on the marine environment, ecosystems, and economic livelihoods. In recent years, global warming has intensified MHWs, and research on MHWs has rapidly developed into an important research frontier. With the development of deep learning models, they have demonstrated remarkable performance in predicting sea surface temperature, which is instrumental in identifying and anticipating marine heatwaves (MHWs). However, the complexity of deep learning models makes it difficult for users to understand how the models make predictions, posing a challenge for scientists and decision-makers who rely on interpretable results to manage the risks associated with MHWs. In this study, we propose an interpretable model for discovering MHWs. We first input variables that are relevant to the occurrence of MHWs into an LSTM model and use a posteriori explanation method called Expected Gradients to represent the degree to which different variables affect the prediction results. Additionally, we decompose the LSTM model to examine the information flow within the model. Our method can be used to understand which features the deep learning model focuses on and how these features affect the model’s predictions. From the experimental results, this study provides a new perspective for understanding the causes of MHWs and demonstrates the prospect of future artificial intelligence-assisted scientific discovery.","1,5,12"
Variations of surface marine heatwaves in the Northwest Pacific during 1993–2019,Frontiers in Marine Science,2024-01-01,11,,,10.3389/fmars.2024.1323702,ar,Article,5,2-s2.0-85189968932,,1,"Parameters of surface marine heatwaves (MHWs) in the Northwest Pacific during 1993–2019 are derived from two sea surface temperature (SST) products: the Optimum Interpolation SST based on satellite remote sensing (OISST V2.1) and the Global Ocean Physics Reanalysis based on data-assimilative global ocean model (GLORYS12V1). Similarities and differences between the MHW parameters derived from the two datasets are identified. The spatial distributions of the mean annual MHW total days, frequency, duration, mean intensity and cumulative intensity, and interannual variations of these parameters are generally similar, while the MHW total days and duration from GLORYS12V1 are usually higher than that from OISST V2.1. Based on seasonal-mean values from GLORYS12V1, longer MHW total days (>7) have the largest spatial coverage in both the shelf and deep waters in summer, while the smallest coverage in spring. In selected representative regions, interannual variations of the MHW total days are positively correlated with the SST anomalies. In summer, the MHW total days have positive correlations with the Western Pacific Subtropical High intensity, and negative correlations with the East Asia Monsoon intensity, over nearly the whole South China Sea (SCS) and the low-latitude Pacific. In winter, positive correlations with both the Subtropical High and Monsoon intensities present over the western part of SCS. Strong El Niño is followed by longer MHW total days over the western half of SCS in winter, and over the whole SCS and low-latitude Pacific in summer of the next year. These correlation relationships are valuable for developing forecasts of MHWs in the region.","2,4,10,12"
Deconstructing co-occurring marine heatwave and phytoplankton bloom events in the Arkona Sea in 2018,Frontiers in Marine Science,2024-01-01,11,,,10.3389/fmars.2024.1323271,ar,Article,5,2-s2.0-85189179255,,1,"Between May and August 2018, two separate marine heatwaves (MHWs) occurred in the Arkona Sea in the western Baltic Sea. These heatwaves bookended an extended period of phytoplankton growth in the region. Data from the Ocean and Land Colour Instrument (OLCI) on board the European Sentinel-3 satellite revealed an eddy-like structure containing high chlorophyll a (Chl-a) concentrations (ca. 25 mg.m-3) persisting for several days at the end of May in the Arkona Sea. Combining ocean colour observations, a coupled bio-optical ocean model and a particle tracking model, we examined the three dimensional relationship between these co-occurring MHW and phytoplankton bloom events. We find that the onset of the MHW in May provided the optimal conditions for phytoplankton growth, i.e. sufficient light and nutrients. Wind-driven surface eddy circulation, geostrophic eddy stirring and transient submesoscale dynamics along the edges of the eddy provided a transport path for nutrient fluxes and carbon export, and helped to sustain the phytoplankton bloom. The bloom may have indirectly had an enhancing effect on the MHW, through the impact of water constituent-induced heating rates on air-sea energy fluxes. The subsurface signature of the MHW plays a critical role in de-coupling surface and subsurface dynamics and terminating the phytoplankton bloom. Subsurface temperature anomalies of up to 8°C between 15 and 20 m depth are found to persist up to 15 days after the surface signature of the MHW has disappeared. The study reveals how surface and subsurface dynamics of MHWs and phytoplankton blooms are connected under different environmental conditions. It extends our knowledge on surface layer processes obtained from satellite data.","3,4,7,10"
On the Vertical Structure and Propagation of Marine Heatwaves in the Eastern Pacific,Journal of Geophysical Research Oceans,2024-01-01,129,1,,10.1029/2023JC020063,ar,Article,18,2-s2.0-85182238402,,1,"Marine heatwaves (MHWs) have been recognized as a serious threat to marine life, yet, most studies so far have focused on the surface only. Here, we investigate the vertical dimension and propagation of surface MHWs in the Eastern Pacific (EP) using results from a high-resolution hindcast simulation (1979–2019), performed with the Regional Ocean Modeling System. We detect MHWs using a seasonally varying percentile threshold on a fixed baseline and track their vertical propagation across the upper 500 m. We find that nearly a third (∼29%) of the MHWs extend beyond the surface mixed layer depth (MLD). On average, these deep-reaching MHWs (dMHWs) extend to 110 m below the MLD and last five times longer than MHWs that are confined to the mixed layer (184 vs. 36 days). The dMHWs can cause stronger temperature anomalies at depth than at the surface (maximum intensity of 5.0 vs. 1.9°C). This general subsurface MHW intensification even holds when scaling the temperatures with the respective local variability. A clustering of dMHWs reveals that 41% of them are block-like, that is, continually remain in contact with the sea surface, 24% propagate downward, 20% propagate upward, while 15% appear at the surface multiple times. Although the water column MHW duration, intensity and severity are only moderately correlated with their corresponding surface-based MHW characteristics, dMHWs have the potential to be detected from the surface. Our study can help to augment the remote sensing-based monitoring of upper ocean exposure to MHWs.","3,13"
The relative influence of temperature and ontogeny on groundfish distribution varies across life stages,Fish and Fisheries,2024-01-01,25,1,82-96,10.1111/faf.12792,ar,Article,2,2-s2.0-85171663231,,0,"Distributional changes for fish populations may be difficult to interpret since temperature responses are often confounded with ontogenetic shifts. However, the relative importance of these two types of fish movement (temperature responses and ontogenetic shifts) to population distribution remains largely unstudied. This study presents the first attempt to compare the two types of movement in depth, latitude and longitude for 10 abundant groundfish species across size class and subregion. We utilized large, quality-controlled datasets from random depth-stratified, bottom trawl surveys consistently conducted during the summer along NE Pacific shelf from 1996 to 2015. We show that the size structure of each species varied across years and subregions with dramatically strong or poor recruitments for some species in 2015 during a marine heatwave. Principal component analysis (PCA) demonstrated that ontogenetic shifts in depth represented the primary movement pattern while temperature responses in latitude and longitude constituted a major, but a secondary pattern. Re-run by size class, PCA results further showed that the influence of temperature and ontogeny on population distribution varied by size classes with greater ontogenetic shifts in smaller fish and elevated temperature responses in larger fish. We further show substantial ontogeny-induced movements by depth, latitude and longitude with high variability among species and subregions. Our analyses suggest that failing to account for size structure can lead to serious misinterpretation of population distributional changes in all three dimensions: depth, latitude and longitude for populations with or without episodic recruitments.","7,14"
Observed surface and subsurface Marine Heat Waves in the Bay of Bengal from in-situ and high-resolution satellite data,Climate Dynamics,2024-01-01,62,1,203-221,10.1007/s00382-023-06913-5,ar,Article,22,2-s2.0-85167355084,,0,"Marine Heat Waves (MHWs) can cause significant distress to marine environment and modulate air-sea interaction, which in turn can have economic and societal impacts. This study aims to identify surface and subsurface MHWs in the Bay of Bengal using available sea-surface temperature data and buoy observations spanning four decades. The results show significant increase in the number, frequency, duration, and intensity of surface MHWs in recent years. To better understand the relationship between MHW occurrences and different phases of two climate phenomena, namely, the Indian Ocean Dipole (IOD) and the El Niño-Southern Oscillation, multiple extreme MHW event years between 2008 and 2018 are analyzed. The findings show that the surface MHWs become more prominent during El Niño/positive IOD events due to weakened winds, increased net heat flux input towards the ocean, increased stratification and warming tendency through vertical processes in the presence of inversion. This, in turn, affects the surface biological productivity in the region. Additionally, surface MHWs were also found to be driven by surface currents and eddies. On the other hand, subsurface MHWs develop during negative IOD/La Niña conditions due to the deepening of the thermocline, which is forced by coastally trapped downwelling Kelvin waves and reflected downwelling Rossby waves, and is followed by substantial freshening of deeper layers. This study provides a deeper understanding of the causes of surface and subsurface MHWs in the Bay of Bengal, which is a crucial basin in influencing monsoon and cyclonic events affecting its surrounding landmasses.","2,3,4,5,10"
Anthropogenic Perturbations of Arctic Marine Microbial Community,Arctic Marine Ecotoxicology Climate Change Pollutants and their Far Reaching Effects,2024-01-01,,,317-334,10.1007/978-3-031-73584-4_15,ch,Book Chapter,0,2-s2.0-105001900419,,0,"Diverse ecosystems including the Arctic marine community provide numerous essential services to humans due to the presence plus activities of the microbial organics dwelling in it. In the cold seeps are microbial mats comprised of different populations of methane- and sulfide-oxidizing bacteria and anaerobic methane-oxidizing archaea (ANME) with sulfate-reducing bacteria (SRB), thereby ensuring the amount of methane reaching the seafloor and water column. However, periodic disturbances across the sediment–water interface influence these marine coastal sediments, thereby ensuring diversity maintenance and impacting many of the Earth’s ecosystems. These disturbances emanate from the dissipation of energetic flows of varying strengths and at differential temporal scales in the benthic boundary layer. Varied disturbances and climate change have affected these Arctic marine ecosystems and the services they provide, the well-being of humans that depend on these services, and cascading effects cum feedbacks across social-ecological systems (SES) such as when sea-ice loss that alters food security through changes in the distribution of marine animals. In furtherance, as the high variability of ice cover and temperature subsists, the frequency and magnitude of marine heatwaves tend to increase globally and disrupt the provision of ecosystem services in decades to come. Consequences of these anticipated changes will present significant challenges to coastal communities and commercial dependents of living marine resources and can exacerbate unexpected turnouts such as deterministic microbial community assembly, and promote the development of alternative stable conditions. Current investigation approaches have been strategized to the anthropogenic processes to facilitate amelioration of the challenges encountered. Thus, the identification of these cascading changes in SES can forestall surprised outcomes of these anthropogenic perturbations and facilitate revamped responses from policymakers.","5,7,9,11"
Seabirds boost coral reef resilience,Science Advances,2023-12-09,9,49,,10.1126/sciadv.adj0390,ar,Article,28,2-s2.0-85179025566,38055814,1,"Global climate change threatens tropical coral reefs, yet local management can influence resilience. While increasing anthropogenic nutrients reduce coral resistance and recovery, it is unknown how the loss, or restoration, of natural nutrient flows affects reef recovery. Here, we test how natural seabird-derived nutrient subsidies, which are threatened by invasive rats, influence the mechanisms and patterns of reef recovery following an extreme marine heatwave using multiyear field experiments, repeated surveys, and Bayesian modeling. Corals transplanted from rat to seabird islands quickly assimilated seabird-derived nutrients, fully acclimating to new nutrient conditions within 3 years. Increased seabird-derived nutrients, in turn, caused a doubling of coral growth rates both within individuals and across entire reefs. Seabirds were also associated with faster recovery time of Acropora coral cover (<4 years) and more dynamic recovery trajectories of entire benthic communities. We conclude that restoring seabird populations and associated nutrient pathways may foster greater coral reef resilience through enhanced growth and recovery rates of corals.","8,11"
Atmospheric pathway of marine heatwaves over the Northwestern Pacific,Scientific Reports,2023-12-01,13,1,,10.1038/s41598-023-49833-4,ar,Article,12,2-s2.0-85180165404,38129479,1,"This study analyzes the influence of the Pacific–Japan (PJ) atmospheric teleconnection pattern and its interaction with oceanic processes on sea surface warming over the Northwestern Pacific. The PJ pattern is a thermally driven Rossby wave that originates over the tropical western Pacific through deep convection and propagates toward high latitudes. It plays a significant role in sea surface warming by inducing anticyclonic circulation and the corresponding northwestward extension of the subtropical high over the Northwestern Pacific. This study revealed that the key processes responsible for sea surface warming were an increase in insolation and a decrease in the ocean-to-atmosphere latent heat flux under the anticyclonic conditions driven by the PJ. This finding provides valuable insights into the role of atmospheric processes, we refer to it as the “atmospheric pathway”, in the development of East Asian marine heatwaves (MHWs). A detailed understanding of this process will contribute to the prediction and mitigation of MHWs in East Asian countries.","4,5,10,12"
Frequent marine heatwaves hidden below the surface of the global ocean,Nature Geoscience,2023-12-01,16,12,1099-1104,10.1038/s41561-023-01325-w,ar,Article,56,2-s2.0-85177188678,,1,"Marine heatwaves are extreme warm water events that can cause devastating impacts on ecosystems and have complex socio-economic ramifications. Surface signals and drivers of marine heatwaves have been extensively investigated based on satellite observations, whereas their vertical structure in the global ocean remains unclear. In this study, we identify marine heatwave events in the epipelagic zone (0–200 m) using a four-dimensional spatio-temporal framework based on three ocean reanalysis datasets. We find that only about half of the marine heatwave events have continuous surface signals during their life cycles and around one-third always reside in the subsurface ocean without any imprint on sea surface temperature. The annual number of these subsurface marine heatwave events shows a significant increase in response to subsurface mean-state warming during the past three decades. Our findings reveal the limitation of identifying marine heatwaves solely based on the sea surface temperature and underscore the necessity of subsurface observations for monitoring marine heatwaves.","3,4,5,12"
Comprehensive characterization of Marine Heatwaves in a coastal Northern Humboldt Current System regional model over recent decades,Ocean Modelling,2023-12-01,186,,,10.1016/j.ocemod.2023.102280,ar,Article,5,2-s2.0-85175469281,,0,"In this study, a high-resolution hydrodynamic model simulation was used to analyze the three-dimensional characteristics of marine heatwaves (MHWs) in the coastal region of the Northern Humboldt Current System (NHCS) over the period 2000–2019. Three distinct vertical layers were identified. The near-surface layer, extending down to 75 m depth, is identified as the region where both the maximum MHW intensity and cumulative intensity are found, predominantly concentrated along the thermocline depth. The intermediate layer, spanning from 75 to 125 m depth, exhibited the longest MHW durations and the lowest MHW frequencies. MHWs in this layer tend to be of moderate intensity and are often associated with ENSO variability. In contrast, the deep layer, from 125 to 250 m depth, was characterized by short-lived MHWs of low intensity. These MHWs exert a lesser thermal impact on the region. To understand the drivers of MHWs, a composite analysis was performed. The results highlighted the significant role exerted by wind-driven anomalies in the life cycle of MHWs. It was found that the combined effect of a sluggish coastal upwelling circulation and suppressed oceanic heat loss, as a result of weakened winds, preceded the MHW formation. Conversely, the strengthening of winds, which enhanced net heat loss, primarily driven by latent heat flux anomalies, and an enhancement of the cooling effect due to the recovery of the coastal upwelling circulation, are key processes in ending a typical MHW event in the coastal region. These findings expand our understanding of the MHWs and their associated potential drivers and help to reveal which regions are most susceptible to extreme climate events in one of the most productive marine ecosystems worldwide.","3,4,10"
Vertical structures of marine heatwaves,Nature Communications,2023-12-01,14,1,,10.1038/s41467-023-42219-0,ar,Article,75,2-s2.0-85174749524,37838721,1,"A marine heatwave (MHW) is typically defined as an anomalous warm event in the surface ocean, with wide-ranging impacts on marine and socio-economic systems. The surface warming associated with MHWs can penetrate into the deep ocean; however, the vertical structure of MHWs is poorly known in the global ocean. Here, we identify four main types of MHWs with different vertical structures using Argo profiles: shallow, subsurface-reversed, subsurface-intensified, and deep MHWs. These MHW types are characterized by different spatial distributions with hotspots of subsurface-reversed and subsurface-intensified MHWs at low latitudes and shallow and deep MHWs at middle-high latitudes. These vertical structures are influenced by ocean dynamical processes, including oceanic planetary waves, boundary currents, eddies, and mixing. The area and depth of all types of MHWs exhibit significant increasing trends over the past two decades. These results contribute to a better understanding of the physical drivers and ecological impacts of MHWs in a warming climate.","3,4,5"
Seasonal stratification and complex local dynamics control the sub-surface structure of marine heatwaves in Eastern Australian coastal waters,Communications Earth and Environment,2023-12-01,4,1,,10.1038/s43247-023-00966-4,ar,Article,32,2-s2.0-85169664811,,1,"Marine heatwaves are extreme seawater temperature events that can have severe impacts on marine life. The extent of the ecological damage depends not only on the easily observed surface signature but on the marine heatwave structure at depth. However, due to a paucity of in situ sub-surface observations the vertical structure of marine heatwaves is poorly understood. Here we analyse the sub-surface coherence and controls of marine heatwaves using one of the world’s longest (28 years) records of daily sub-surface ocean temperature off Sydney, Australia. We show that seasonal stratification, large-scale circulation and local downwelling processes control the vertical coherence of coastal marine heatwaves. We define three classes of marine heatwaves which can extend through the water column, form in the shallow surface layer, or sub-surface independently, and are therefore not always evident in surface data. We conclude that sub-surface data need to be considered in monitoring marine heatwaves in coastal areas where maximum biological damage is reported.","3,4,13"
Seasonal forecasting of subsurface marine heatwaves,Communications Earth and Environment,2023-12-01,4,1,,10.1038/s43247-023-00892-5,ar,Article,22,2-s2.0-85163360546,,1,"Marine heatwaves damage marine ecosystems and services, with effects identified mostly below the ocean surface. To create a truly user-relevant detection system, it is necessary to provide subsurface forecasts. Here, we demonstrate the feasibility of seasonal forecasting of subsurface marine heatwaves by using upper ocean heat content. We validate surface and subsurface events forecast by an operational dynamical seasonal forecasting system against satellite observations and an ocean reanalysis, respectively. We show that indicators of summer events (number of days, strongest intensity, and number of events) are predicted with greater skill than surface equivalents across much of the global ocean. We identify regions which do not display significant surface skill but could still benefit from accurate subsurface early warning tools (e.g., the mid-latitudes). The dynamical system used here outperforms a persistence model and is not widely influenced by warming trends, demonstrating the ability of the system to capture relevant subseasonal variability.","3,12,13"
Bottom marine heatwaves along the continental shelves of North America,Nature Communications,2023-12-01,14,1,,10.1038/s41467-023-36567-0,ar,Article,76,2-s2.0-85150098256,36914643,1,"Recently, there has been substantial effort to understand the fundamental characteristics of warm ocean temperature extremes—known as marine heatwaves (MHWs). However, MHW research has primarily focused on the surface signature of these events. While surface MHWs (SMHW) can have dramatic impacts on marine ecosystems, extreme warming along the seafloor can also have significant biological outcomes. In this study, we use a high-resolution (~8 km) ocean reanalysis to broadly assess bottom marine heatwaves (BMHW) along the continental shelves of North America. We find that BMHW intensity and duration varies strongly with bottom depth, with typical intensities ranging from ~0.5 °C–3 °C. Further, BMHWs can be more intense and persist longer than SMHWs. While BMHWs and SMHWs often co-occur, BMHWs can also exist without a SMHW. Deeper regions in which the mixed layer does not typically reach the seafloor exhibit less synchronicity between BMHWs and SMHWs.","3,7,13"
Combined oceanic and atmospheric forcing of the 2013/14 marine heatwave in the northeast Pacific,Npj Climate and Atmospheric Science,2023-12-01,6,1,,10.1038/s41612-023-00327-0,ar,Article,29,2-s2.0-85146818976,,1,"An unprecedented warm sea surface temperature (SST) anomaly event, namely, the Blob, occurred in the northeast Pacific during the winter (October–January) of 2013/2014, causing substantial economic and ecological impacts. Here, we explore the driving forces of the Blob from both atmospheric and oceanic perspectives and show that the Blob primarily resulted from weak wintertime cooling due to the reduced air-sea heat flux transfer from the ocean to the atmosphere and the reduced horizontal advection of cold water in the upper ocean. Both mechanisms were attributed to an anomalous high-pressure system over the study region. Specifically, the anomalous air-sea heat flux, which was dominated by turbulent heat flux anomalies, was mainly induced by the increased air temperature (i.e., with a contribution of approximately 70%) and the weakened wind speed associated with the high-pressure system. The reduced horizontal heat advection was mainly due to the weakened winds acting on the ocean temperature meridional gradient. Using a regional ocean numerical model with different experimental runs, we evaluated the contributions of air temperature and wind drivers to the Blob at both the surface and subsurface of the ocean. The Blob was absent when the model was forced by climatology-air-temperature. Both the SST and integrated ocean heat content (OHC, 0–150 m) decreased, and the mixed layer depth (MLD) was deeper than that in the control run forced by real atmospheric conditions. In the climatology-winds experiment, obvious warm anomalies still existed, which were similar to but weaker than the control run. The SST (OHC) and MLD values in the climatology-winds run were between those of the climatology-air-temperature run and the control run. Compared to former studies that attribute the formation of the Blob to an anomalous air-sea heat flux and horizontal advection mainly induced by reduced winds, our study demonstrates that anomalous warm air temperatures played a more important role in its formation.","4,5,10"
Hidden heatwaves and severe coral bleaching linked to mesoscale eddies and thermocline dynamics,Nature Communications,2023-12-01,14,1,,10.1038/s41467-022-35550-5,ar,Article,73,2-s2.0-85145778428,36609386,1,"The severity of marine heatwaves (MHWs) that are increasingly impacting ocean ecosystems, including vulnerable coral reefs, has primarily been assessed using remotely sensed sea-surface temperatures (SSTs), without information relevant to heating across ecosystem depths. Here, using a rare combination of SST, high-resolution in-situ temperatures, and sea level anomalies observed over 15 years near Moorea, French Polynesia, we document subsurface MHWs that have been paradoxical in comparison to SST metrics and associated with unexpected coral bleaching across depths. Variations in the depth range and severity of MHWs was driven by mesoscale (10s to 100s of km) eddies that altered sea levels and thermocline depths and decreased (2007, 2017 and 2019) or increased (2012, 2015, 2016) internal-wave cooling. Pronounced eddy-induced reductions in internal waves during early 2019 contributed to a prolonged subsurface MHW and unexpectedly severe coral bleaching, with subsequent mortality offsetting almost a decade of coral recovery. Variability in mesoscale eddy fields, and thus thermocline depths, is expected to increase with climate change, which, along with strengthening and deepening stratification, could increase the occurrence of subsurface MHWs over ecosystems historically insulated from surface ocean heating by the cooling effects of internal waves.","3,4,5,7,8"
Recurrent marine heatwaves threaten the resilience and viability of a key Mediterranean octocoral species,Aquatic Conservation Marine and Freshwater Ecosystems,2023-11-01,33,11,1161-1174,10.1002/aqc.3997,ar,Article,9,2-s2.0-85167338279,,1,"Long-term ecological studies are essential for understanding the resilience of temperate reefs to ocean warming and the response of their habitat-forming species to recurrent marine heatwaves (MHWs). This study evaluated the long-term response (2005–2021) of the habitat-forming octocoral Eunicella singularis (Esper, 1791) to recurrent MHWs in a Mediterranean marine protected area established more than 25 years ago, where restrictions on fishing and diving activities are well enforced. During the study period, there were two mass-mortality events (MMEs), in 2007 and 2018, that dramatically disrupted the local gorgonian population. The MMEs were triggered by different temperature dynamics, which ultimately led to differential patterns in mortality rates. The record-breaking MHW in 2018 prompted one of the largest MMEs ever recorded in the Mediterranean Sea, which affected 75% of the individuals in the gorgonian population and killed 12.5% of colonies. Furthermore, MHWs were detected in all years from 2014 to 2021, preventing injured tissues from fully recovering, leading to significant accumulated damage at the end of the study period (30 times higher than the levels prior to the first MME), and a marked decrease in resilience that threatens the population viability of this long-lived species. The octocoral studied is one of the most important structural and biomass contributors to one of the most diverse Mediterranean communities. These results underscore the great risk that annual MHWs pose to the long-term integrity of the circalittoral rocky bottoms of the Mediterranean coasts. In the face of climate change, MPAs must provide areas of reduced anthropic stress for gorgonian populations, enabling the restoration and maintenance of natural processes. Additionally, MPAs should serve as sentinel areas to test the effectiveness of coral restoration actions, which can help managers and scientists to estimate the usefulness of these techniques.","7,8,11"
Intense and prolonged subsurface marine heatwaves pose risk to biodiversity,Nature Climate Change,2023-10-01,13,10,1029-1030,10.1038/s41558-023-01796-0,ar,Article,1,2-s2.0-85173946879,,0,,"3,7,11,14"
Marine biodiversity exposed to prolonged and intense subsurface heatwaves,Nature Climate Change,2023-10-01,13,10,1114-1121,10.1038/s41558-023-01790-6,ar,Article,56,2-s2.0-85171474964,,2,"Marine heatwaves (MHWs) are becoming increasingly common, with devastating ecosystem impacts. However, MHW understanding has almost exclusively relied on sea surface temperature with limited knowledge about their subsurface characteristics. Here we estimate global MHWs from the surface to 2,000 m depth, covering the period 1993–2019, and explore biodiversity exposure to their effects. We find that MHWs are typically more intense in the subsurface at 50–200 m and their duration increases up to twofold with depth, although with large spatial variability linked to different oceanographic conditions. Cumulative intensity (a thermal stress proxy) was highest in the upper 250 m, exposing subsurface biodiversity to MHW effects. This can be particularly concerning for up to 22% of the ocean, where high cumulative intensity overlapped the warm range edge of species distributions, thus being more sensitive to thermal stress. Subsurface MHWs can hence drive biodiversity patterns, with consequent effects on ecological interactions and ecosystem processes.","3,7,14"
A marine protected area network does not confer community structure resilience to a marine heatwave across coastal ecosystems,Global Change Biology,2023-10-01,29,19,5634-5651,10.1111/gcb.16862,ar,Article,36,2-s2.0-85165035808,,1,"Marine protected areas (MPAs) have gained attention as a conservation tool for enhancing ecosystem resilience to climate change. However, empirical evidence explicitly linking MPAs to enhanced ecological resilience is limited and mixed. To better understand whether MPAs can buffer climate impacts, we tested the resistance and recovery of marine communities to the 2014–2016 Northeast Pacific heatwave in the largest scientifically designed MPA network in the world off the coast of California, United States. The network consists of 124 MPAs (48 no-take state marine reserves, and 76 partial-take or special regulation conservation areas) implemented at different times, with full implementation completed in 2012. We compared fish, benthic invertebrate, and macroalgal community structure inside and outside of 13 no-take MPAs across rocky intertidal, kelp forest, shallow reef, and deep reef nearshore habitats in California's Central Coast region from 2007 to 2020. We also explored whether MPA features, including age, size, depth, proportion rock, historic fishing pressure, habitat diversity and richness, connectivity, and fish biomass response ratios (proxy for ecological performance), conferred climate resilience for kelp forest and rocky intertidal habitats spanning 28 MPAs across the full network. Ecological communities dramatically shifted due to the marine heatwave across all four nearshore habitats, and MPAs did not facilitate habitat-wide resistance or recovery. Only in protected rocky intertidal habitats did community structure significantly resist marine heatwave impacts. Community shifts were associated with a pronounced decline in the relative proportion of cold water species and an increase in warm water species. MPA features did not explain resistance or recovery to the marine heatwave. Collectively, our findings suggest that MPAs have limited ability to mitigate the impacts of marine heatwaves on community structure. Given that mechanisms of resilience to climate perturbations are complex, there is a clear need to expand assessments of ecosystem-wide consequences resulting from acute climate-driven perturbations, and the potential role of regulatory protection in mitigating community structure changes.","7,11"
Marine heatwaves are not a dominant driver of change in demersal fishes,Nature,2023-09-14,621,7978,324-329,10.1038/s41586-023-06449-y,ar,Article,45,2-s2.0-85169162001,37648851,2,"Marine heatwaves have been linked to negative ecological effects in recent decades 1,2. If marine heatwaves regularly induce community reorganization and biomass collapses in fishes, the consequences could be catastrophic for ecosystems, fisheries and human communities 3,4. However, the extent to which marine heatwaves have negative impacts on fish biomass or community composition, or even whether their effects can be distinguished from natural and sampling variability, remains unclear. We investigated the effects of 248 sea-bottom heatwaves from 1993 to 2019 on marine fishes by analysing 82,322 hauls (samples) from long-term scientific surveys of continental shelf ecosystems in North America and Europe spanning the subtropics to the Arctic. Here we show that the effects of marine heatwaves on fish biomass were often minimal and could not be distinguished from natural and sampling variability. Furthermore, marine heatwaves were not consistently associated with tropicalization (gain of warm-affiliated species) or deborealization (loss of cold-affiliated species) in these ecosystems. Although steep declines in biomass occasionally occurred after marine heatwaves, these were the exception, not the rule. Against the highly variable backdrop of ocean ecosystems, marine heatwaves have not driven biomass change or community turnover in fish communities that support many of the world’s largest and most productive fisheries.","7,9,14"
"Observations of the association by early-juvenile western rock lobster Panulirus cygnus George, 1962 with seagrass assemblages (Decapoda: Achelata: Palinuridae)",Journal of Crustacean Biology,2023-09-01,43,3,,10.1093/jcbiol/ruad045,ar,Article,1,2-s2.0-85186111303,,1,"The fishery of the western rock lobster, Panulirus cygnus George, 1962, is Australia’s most valuable wild-caught single-species fishery. Recruitment in some regions of the fishery was observed to be significantly lower than expected after the 2010/2011 West Australian marine heatwave that caused extensive disturbance of dominant coastal habitats. This event generated interest in the study of the factors influencing survival and recruitment of post-larval benthic P. cygnus after settlement. The habitat associations of the highly cryptic post-settlement early-juveniles were previously unknown, with only anecdotal observations of individuals within limestone crevices in nearshore habitats. Our study used early-juveniles derived from ongoing monitoring of puerulus settlement to examine their habitat association mechanism in mesocosm experiments. Comparison of common nearshore habitat assemblages (bare sand, limestone crevices, and seagrasses (Posidonia and Amphibolis) at varying seagrass densities) found that most early-juveniles associated strongly with Amphibolis assemblages at high stem densities (~2,100 stems m–2). A shift in association between Amphibolis fronds and stems at high stem density to Amphibolis-shaded sand and leaf debris at low stem density indicated active habitat selection by early-juveniles. Habitat choices were tested with the scents of prey items and habitat types within Amphibolis assemblages using Y-maze bioassays. No significant olfactory choices were found, suggesting that habitat associations may be driven by multiple cues. Our study provides new laboratory-based insights into the habitat association of early-juvenile P. cygnus and suggests changes in seagrass assemblage identity and density are likely to be important. Further experimentation is needed to define the cues driving these patterns. The impact of habitat change on recruitment in this important fishery remains unknown and should be an objective of future research.","7,9,10"
A survey of coastal conditions around the continental US using a high-resolution ocean reanalysis,Progress in Oceanography,2023-08-01,216,,,10.1016/j.pocean.2023.103055,ar,Article,4,2-s2.0-85163129888,,0,"Obtaining a long-term perspective on the evolution of the ocean is hindered by a lack of sub-surface observations. Ocean reanalyses, which merge fields from an ocean model with observations using complex data assimilation techniques, provide a dynamically consistent estimate of the ocean in time and space. Recently developed ocean reanalyses, several with resolutions finer than 10 km, provide a three-dimensional view of the ocean, including on the continental shelf. Here, we use monthly fields from the 1/12° Global Ocean Reanalysis and Simulations (GLORYS) over the years 1993–2019 to provide a broad survey of temperature, salinity, and mixed layer depth over the shelf (depth < 400 m) around the continental United States. The analyses reveal noteworthy aspects of US coastal oceanography, including: i) how bathymetry shapes the seasonal cycle of bottom water temperature (BWT) and the role of the mixed layer in linking the BWT and sea surface temperature (SST) anomalies; ii) the persistence, trends and distributions of SST and BWT anomalies, which strongly influence extremes such as marine heatwaves; iii) the influence of the outflow from the Mississippi and Columbia rivers on the adjacent ocean; and iv) how the mean and anomalous vertical structure of temperature and salinity vary between the northeast, southeast, Gulf of Mexico and California Current Large Marine Ecosystems. In addition to documenting coastal ocean conditions, the broader goal of the survey is to encourage more detailed studies using high resolution ocean reanalyses such as GLORYS.","3,4,10,13"
"Impaired reproduction, energy reserves and dysbiosis: The overlooked consequences of heatwaves in a bivalve mollusc",Marine Pollution Bulletin,2023-08-01,193,,,10.1016/j.marpolbul.2023.115192,ar,Article,23,2-s2.0-85162829904,37364338,1,"Extreme events like Marine Heatwaves (MHWs) are becoming more intense, severe, and frequent, threatening benthic communities, specifically bivalves. However, the consequences of non-lethal MHWs on animals are still poorly understood. Here, we exposed the Manila clam Ruditapes philippinarum to non-lethal MHW for 30 days and provided an integrative view of its effects. Our result indicated that albeit non-lethal, MHW reduced clam's energy reserves (by reducing their hepato-somatic index), triggered antioxidant defenses (particularly in males), impaired reproduction (via the production of smaller oocytes in females), triggered dysbiosis in the digestive gland microbiota and altered animals' behaviour (by impacting their burying capacity) and filtration rate. Such effects were seen also at RNA-seq (i.e. many down-regulated genes belonged to reproduction) and metabolome level. Interestingly, negative effects were more pronounced in males than in females. Our results show that MHWs influence animal physiology at multiple levels, likely impacting its fitness and its ecosystem services.","7,11"
Shifting responses of phytoplankton to atmospheric and oceanic forcing in a prolonged marine heatwave,Limnology and Oceanography,2023-08-01,68,8,1821-1834,10.1002/lno.12388,ar,Article,32,2-s2.0-85161641391,,0,"Marine heatwaves are becoming a severe challenge for marine ecosystems. However, current understanding of their impacts on phytoplankton, especially biomass and community structure, is still deficient or fragmentary. Here, we focus on the response of phytoplankton to a prolonged (372 d) marine heatwave in the southeastern tropical Indian Ocean in 2015–2016. Despite a similar surface warming throughout the marine heatwave, we found two distinctively different changes in chlorophyll a (Chl a) concentration, based on which the marine heatwave was divided into two phases of nearly equal duration. During Phase 1, the Chl a concentration and phytoplankton biomass increased slightly, while during Phase 2 they decreased dramatically, with a marked shift in phytoplankton community toward smaller-size species. This difference mainly resulted from the change in dominant drivers of the marine heatwave, which shifted from atmospheric forcing (enhanced net air–sea heat flux) in Phase 1 to oceanic process (downwelling Kelvin waves) in Phase 2. The intensified near-surface stratification and upwelling Kelvin waves led to a slight surface nutrient increase in Phase 1, while the downwelling Kelvin waves suppressed the seasonal upwelling in Phase 2, resulting in a substantial decrease in nutrient supply from the subsurface ocean, and hence dramatic decreases in Chl a concentration and biomass. Our results demonstrate the complex responses of phytoplankton to marine heatwaves and highlight the importance of distinguishing the driving mechanisms of marine heatwaves when evaluating their ecological impacts.","4,7"
Long-term spatial variations in turbidity and temperature provide new insights into coral-algal states on extreme/marginal reefs,Coral Reefs,2023-08-01,42,4,859-872,10.1007/s00338-023-02393-5,ar,Article,15,2-s2.0-85160241456,,1,"Globally, coral reefs are under threat, with many exhibiting degradation or a shift towards algal-dominated regimes following marine heat waves, and other disturbance events. Marginal coral reefs existing under naturally extreme conditions, such as turbid water reefs, may be more resilient than their clear water counterparts as well as offer some insight into how reefs could look in the future under climate change. Here, we surveyed 27 benthic habitats across an environmental stress gradient in the Exmouth Gulf region of north Western Australia immediately following a marine heatwave event. We used multidecadal remotely sensed turbidity (from an in-situ validated dataset) and temperature, to assess how these environmental drivers influence variability in benthic communities and coral morphology. Long-term turbidity and temperature variability were associated with macroalgal colonisation when exceeding a combined threshold. Coral cover was strongly negatively associated with temperature variability, and positively associated with depth, and wave power, while coral morphology diversity was positively associated with turbidity. While moderate turbidity (long-term average ~ 2 mg/L suspended matter) appeared to raise the threshold for coral bleaching and macroalgal dominance, regions with higher temperature variability (> 3.5 °C) appeared to have already reached this threshold. The region with the least turbidity and temperature variability had the highest amount of coral bleaching from a recent heatwave event and moderate levels of both these variables may confer resilience to coral reefs.","8,11"
Two tropical seagrass species show differing indicators of resistance to a marine heatwave,Ecology and Evolution,2023-07-01,13,7,,10.1002/ece3.10304,ar,Article,10,2-s2.0-85165468417,,1,"Marine heatwaves (MHWs) are a growing threat to marine species globally, including economically and ecologically important foundation species, such as seagrasses. Seagrasses in tropical regions may already be near their thermal maxima, and, therefore, particularly susceptible to increases in temperature, such as from MHWs. Here, we conducted a 10-day MHW experiment (control +4°C) to determine the effects of such events on the two tropical seagrasses Halophila beccarii and Halophila ovalis. We found that both species were largely resistant to the MHW, however, there were differences between the species' responses. For H. beccarii, the surface area of existing leaves was smaller under MHW conditions, yet a substantial increase in the number of new leaves under the MHW indicated its tolerance to—or even increased performance under—the MHW. While there was no direct effect of the MHW on H. ovalis, this species saw less epiphyte biomass and percentage cover on its leaves under the MHW. While a lower epiphyte cover can potentially increase the health and ecophysiological performance of the seagrass, the change of epiphytes can lead to bottom-up trophic implications via the influence on mesograzer feeding. Together, the results of this study demonstrate the species-specific responses of seagrasses of the same genus to a warming event. With the current global decline of seagrasses, our results are encouraging for these important habitat formers as we show that anomalous warming events may not necessarily lead to ecosystem collapse.","7,11"
The 2022 summer marine heatwaves and coral bleaching in China's Greater Bay Area,Marine Environmental Research,2023-07-01,189,,,10.1016/j.marenvres.2023.106044,ar,Article,22,2-s2.0-85162179604,37321888,0,"From July to August 2022, scleractinian coral communities in China's Greater Bay Area (GBA) in the northern South China Sea (nSCS) experienced an unprecedented bleaching event, despite the fact that coral communities in this area are often considered coral thermal refugia due to their high latitude distribution. Field surveys of six sites covering three main coral distribution areas of the GBA revealed that coral bleaching occurred at all sites. Bleaching was more severe in shallow water (1–3 m) than in deep water (4–6 m), as indicated by both percent bleached cover (51.80 ± 10.04% vs. 7.09 ± 7.37%) and bleached colonies (45.86 ± 11.22% vs. 6.58 ± 6.53%). Coral genera Acropora, Favites, Montipora, Platygyra, Pocillopora, and Porites showed high susceptibility to bleaching, and Acropora and Pocillopora suffered high post-bleaching mortality. In the three areas surveyed, analysis of oceanographic data detected marine heatwaves (MHWs) during the summer, with mean intensities between 1.62 and 1.97 °C and durations between 5 and 22 days. These MHWs were primarily driven by increased shortwave radiation due to strong western Pacific Subtropical High (WPSH), combined with reduced mixing between the surface and deep upwelling waters due to reduced wind speed. Comparing with histological oceanographic data showed that the 2022 MHWs were unprecedented, and there was a significant increase in the frequency, intensity, and total days of MHWs during 1982–2022. Furthermore, the heterogeneous distribution of summer MHW characteristics indicates that the coastal upwelling may modulate the spatial distribution of summer MHWs in nSCS through its cooling effect. Overall, our study indicates that MHWs may have affected the structure of the subtropical coral communities in the nSCS, and impaired their potential as thermal refugia.","4,5,7,8,10"
Seafloor warm water temperature anomalies impact benthic macrofauna communities of a high-Arctic cold-water fjord,Marine Environmental Research,2023-07-01,189,,,10.1016/j.marenvres.2023.106046,ar,Article,9,2-s2.0-85161617863,37295307,1,"Amid the alarming atmospheric and oceanic warming rates taking place in the Arctic, western fjords around the Svalbard archipelago are experiencing an increased frequency of warm water intrusions in recent decades, causing ecological shifts in their ecosystems. However, hardly anything is known about their potential impacts on the until recently considered stable and colder northern fjords. We analyzed macrobenthic fauna from four locations in Rijpfjorden (a high-Arctic fjord in the north of Svalbard) along its axis, sampled intermittently in the years 2003, 2007, 2010, 2013 and 2017. After a strong seafloor warm water temperature anomaly (SfWWTA) in 2006, the abundance of individuals and species richness dropped significantly across the entire fjord in 2007, together with diversity declines at the outer parts (reflected in Shannon index drops) and increases in beta diversity between inner and outer parts of the fjord. After a period of three years with stable water temperatures and higher sea-ice cover, communities recovered through recolonization processes by 2010, leading to homogenization in community composition across the fjord and less beta diversity. For the last two periods (2010-2013 and 2013-2017), beta diversity between the inner and outer parts gradually increased again, and both the inner and outer sites started to re-assemble in different directions. A few taxa began to dominate the fjord from 2010 onwards at the outer parts, translating into evenness and diversity drops. The inner basin, however, although experiencing strong shifts in abundances, was partially protected by a fjordic sill from impacts of these temperature anomalies and remained comparatively more stable regarding community diversity after the disturbance event. Our results indicate that although shifts in abundances were behind important spatio-temporal community fluctuations, beta diversity variations were also driven by the occurrence-based macrofauna data, suggesting an important role of rare taxa. This is the first multidecadal time series of soft-bottom macrobenthic communities for a high-Arctic fjord, indicating that potential periodic marine heatwaves might drive shifts in community structure, either through direct effects from thermal stress on the communities or through changes in environmental regimes led by temperature fluctuations (i.e. sea ice cover and glacial runoff, which could lead to shifts in primary production and food supply to the benthos). Although high-Arctic macrobenthic communities might be resilient to some extent, sustained warm water anomalies could lead to permanent changes in cold-water fjordic benthic systems.","3,7,11"
Mass Mortality of Shallow-Water Temperate Corals in Marine Protected Areas of the North Aegean Sea (Eastern Mediterranean),Hydrobiology,2023-06-01,2,2,311-325,10.3390/hydrobiology2020020,ar,Article,14,2-s2.0-85179962718,,1,"Coral mortality is a global phenomenon of increasing magnitude, correlated with climate change. Prolonged marine heatwaves have particularly affected the north Aegean Sea in summer 2021, threatening shallow-water stony corals, such as Balanophyllia europaea and Cladocora caespitosa. To assess their population status, ten coastal, rocky-bottom stations dispersed in Natura 2000 sites of Chalkidiki (north Aegean) were surveyed using non-destructive techniques in autumn 2021. At each station, corals’ abundance was estimated in situ, by counting the number of B. europaea polyps within randomly placed 50 × 50 cm quadrats, and the number of C. caespitosa colonies along three replicate belt transects 1 × 10 m. The status of corals was qualitatively assigned as healthy, bleached (partially or complete), or in necrosis (partial or complete). B. europaea was found in 80% of stations; in total, 58.17% of the coral specimens were affected by necrosis. C. caespitosa was found in 30% of stations; in total, 27.49% of the coral colonies were partially bleached and 11.32% in necrosis. Another nine sessile invertebrates (sponges, bivalves, and ascidians) were observed in necrosis. These results highlight the need to establish monitoring programs on vulnerable sessile invertebrate populations along the Aegean Sea to assess climate change impacts.","7,8,9"
Long-term community shifts driven by local extinction of an iconic foundation species following an extreme marine heatwave,Ecology and Evolution,2023-06-01,13,6,,10.1002/ece3.10235,ar,Article,18,2-s2.0-85163650677,,1,"Gradual ocean warming combined with stronger marine heatwaves (MHWs) can reduce abundances of foundation species that control community structures, biodiversity, and ecosystem functioning. However, few studies have documented long-term succession trajectories following the more extreme events that cause localized extinctions of foundation species. Here, we documented long-term successional changes to marine benthic communities in Pile Bay, New Zealand, following the Tasman 2017/18 MHW, which caused localized extinctions of dominant southern bull kelp (Durvillaea sp.). Six years on, multiscale annual and seasonal surveys show no sign of Durvillaea recolonization. Instead, the invasive annual kelp (Undaria pinnatifida), rapidly colonized areas previously dominated by Durvillaea, followed by large changes to the understory community, as Durvillaea holdfasts and encrusting coralline algae were replaced by coralline turf. Between 3 and 6 years after the total loss of Durvillaea, smaller native fucoids colonized in high densities. Although Undaria initially colonized plots throughout Durvillaea's tidal range, later in the succession Undaria only retained dominance in the lower intertidal zone and only in spring. Ultimately, the tidal zone was slowly replaced by alternative foundation species, composed of different canopy-forming brown seaweeds that dominated different intertidal elevations, resulting in a net increase in canopy and understory diversity. This study is a rare example of long-term effects following an extreme MHW that caused extinctions of a locally dominant canopy-former, but these events and their associated dramatic changes to community structures and biodiversity are expected to become increasingly common as MHWs continue to increase in strength, frequency, and duration.","7,14"
Climate change-related warming reduces thermal sensitivity and modifies metabolic activity of coastal benthic bacterial communities,Isme Journal,2023-06-01,17,6,855-869,10.1038/s41396-023-01395-z,ar,Article,24,2-s2.0-85151163130,36977742,1,"Besides long-term average temperature increases, climate change is projected to result in a higher frequency of marine heatwaves. Coastal zones are some of the most productive and vulnerable ecosystems, with many stretches already under anthropogenic pressure. Microorganisms in coastal areas are central to marine energy and nutrient cycling and therefore, it is important to understand how climate change will alter these ecosystems. Using a long-term heated bay (warmed for 50 years) in comparison with an unaffected adjacent control bay and an experimental short-term thermal (9 days at 6–35 °C) incubation experiment, this study provides new insights into how coastal benthic water and surface sediment bacterial communities respond to temperature change. Benthic bacterial communities in the two bays reacted differently to temperature increases with productivity in the heated bay having a broader thermal tolerance compared with that in the control bay. Furthermore, the transcriptional analysis showed that the heated bay benthic bacteria had higher transcript numbers related to energy metabolism and stress compared to the control bay, while short-term elevated temperatures in the control bay incubation experiment induced a transcript response resembling that observed in the heated bay field conditions. In contrast, a reciprocal response was not observed for the heated bay community RNA transcripts exposed to lower temperatures indicating a potential tipping point in community response may have been reached. In summary, long-term warming modulates the performance, productivity, and resilience of bacterial communities in response to warming.","5,7,11"
Changes in the overwintering diet of Steller sea lions (Eumetopias jubatus) in relation to the 2014 – 2016 northeast Pacific marine heatwave,Global Ecology and Conservation,2023-06-01,43,,,10.1016/j.gecco.2023.e02427,ar,Article,8,2-s2.0-85149781669,,1,"Understanding variation in the diets of endangered species during critical time periods in their annual cycle is of utmost importance because of the effects that diet can have on vital rates and population trends. This may be especially true for Endangered Steller sea lions during the winter months when prey can be difficult to find, and many adult females are both lactating and pregnant. This study aimed to examine changes in the overwintering diet of Steller sea lions across an extreme climatic event, the northeast Pacific marine heatwave (PMH) that adversely affected this species and broadly impacted many others throughout the trophic spectrum. Diet analysis was conducted from scat samples using hard part remains and qPCR methods. Prior to the peak impact of the PMH, Steller sea lions fed predominantly on epipelagic and mesopelagic fishes such as capelin, walleye pollock and Pacific cod. Following the warm-water peak, capelin was strongly reduced in their diet, and diet diversity increased with greater presence of demersal and benthic prey such as skates, lumpsuckers, snailfish, and polychaetes. These results suggest that sea lions were having a difficult time finding their preferred prey, spending time searching deeper to find alternative prey with poorer energy content following the peak impact of the PMH. These changes in diet corresponded with fewer pups being born and a reduction in overall sea lion numbers in the study area, providing evidence that overwintering prey fields may have a substantial impact on population health.","7,9,14"
Assessing Future Projections of Warm-Season Marine Heatwave Characteristics With Three CMIP6 Models,Journal of Geophysical Research Oceans,2023-05-01,128,5,,10.1029/2022JC019253,ar,Article,11,2-s2.0-85160450638,,1,"Marine heatwaves in the summertime when temperatures may exceed organisms' thermal thresholds (“warm-season marine heatwaves (MHWs)”) have huge impacts on the health and function of ecosystems like kelp forests and coral reefs. While previous studies showed that MHWs are likely to become more frequent and severe under future climate change, there has been less analysis of the thermal properties of warm-season MHWs or on the effects of climate model biases on these projections. In this study, we examine CMIP6 model ability to simulate five key thermal properties of warm-season MHWs, and evaluate the global pattern of future projections for coral reef and kelp systems. The results show that the duration, accumulated heat stress and peak intensity are projected to increase by >60 days, 160°C·day and 1°C, respectively, across most of the ocean by the end of the 21st century. In contrast, the duration of “priming” (a period of sub-lethal heat stress prior to substantial MHW heat stress) is projected to decrease by >30 days in the tropics, potentially reducing organisms' ability to acclimate to heat stress. The projected increases in MHW duration and accumulated heat stress in some coral reef and kelp forest locations, however, are likely overestimated due to model limitations in simulating surface winds, deep convection and some other processes that influence MHW evolution. The findings point to some possible processes to target in model development and regional biases to be considered when projecting the impacts of MHWs on marine ecosystems.","5,7,8,12"
Variable Responses to a Marine Heat Wave in Five Fringing Reefs of Southern Taiwan,Applied Sciences Switzerland,2023-05-01,13,9,,10.3390/app13095554,ar,Article,4,2-s2.0-85159317493,,1,"In 2020 marine heatwaves elicited severe bleaching on many of Earth’s coral reefs. We compared coral reef benthic community composition before (April 2020), during (September 2020), and after (December 2020–September 2021) this event at five fringing reefs of Southern Taiwan. The four shallow (3 m) reefs were hard coral-dominated in April 2020 (cover = 37–55%), though non-bleached coral cover decreased to only 5–15% by December 2020. Coral abundance at the two shallow (3 m), natural reefs had failed to return to pre-bleaching levels by September 2021. In contrast, coral cover of two artificial reefs reached ~45–50% by this time, with only a small drop in diversity. This is despite the fact that one of these reefs, the Outlet, was characterized by temperatures >30 °C for over 80 days in a six-month period due not only to the bleaching event but also inundation with warm-water effluent from a nearby nuclear power plant. Only the lone deep (7 m) reef was spared from bleaching and maintained a coral/algal ratio >1 at all survey times; its coral cover actually increased over the 18-month monitoring period. These data suggest that (1) the natural deep reef could serve as a refuge from thermal impacts in Southern Taiwan, and (2) the remaining corals at the Outlet have either adapted or acclimatized to abnormally elevated temperatures.","7,8,11"
Oceanic differences in coral-bleaching responses to marine heatwaves,Science of the Total Environment,2023-05-01,871,,,10.1016/j.scitotenv.2023.162113,ar,Article,43,2-s2.0-85148028152,36773903,1,"Anomalously high ocean temperatures have increased in frequency, intensity, and duration over the last several decades because of greenhouse gas emissions that cause global warming and marine heatwaves. Reef-building corals are sensitive to such temperature anomalies that commonly lead to coral bleaching, mortality, and changes in community structure. Yet, despite these overarching effects, there are geographical differences in thermal regimes, evolutionary histories, and past disturbances that may lead to different bleaching responses of corals within and among oceans. Here we examined the overall bleaching responses of corals in the Atlantic, Indian, and Pacific Oceans, using both a spatially explicit Bayesian mixed-effects model and a deep-learning neural-network model. We used a 40-year global dataset encompassing 23,288 coral-reef surveys at 11,058 sites in 88 countries, from 1980 to 2020. Focusing on ocean-wide differences we assessed the relationships between the percentage of bleached corals and different temperature-related metrics alongside a suite of environmental variables. We found that while high sea-surface temperatures were consistently, and strongly, related to coral bleaching within all oceans, there were clear geographical differences in the relationships between coral bleaching and most environmental variables. For instance, there was an increase in coral bleaching with depth in the Atlantic Ocean whereas the opposite was observed in the Indian Ocean, and no clear trend could be seen in the Pacific Ocean. The standard deviation of thermal-stress anomalies was negatively related to coral bleaching in the Atlantic and Pacific Oceans, but not in the Indian Ocean. Globally, coral bleaching has progressively occurred at higher temperatures over the last four decades within the Atlantic, Indian, and Pacific Oceans, although, again, there were differences among the three oceans. Together, such patterns highlight that historical circumstances and geographical differences in oceanographic conditions play a central role in contemporary coral-bleaching responses.","7,8,10"
Temporal dynamics of the deep-sea pink urchin Strongylocentrotus fragilis on the Northeast Pacific continental margin,Deep Sea Research Part I Oceanographic Research Papers,2023-03-01,193,,,10.1016/j.dsr.2022.103958,ar,Article,6,2-s2.0-85145972675,,1,"The Northeast Pacific continental margin is characterized by strong seasonal upwelling, which drives high primary productivity, and supports high diversity and biomass of benthic megafauna. The recent occurrence of a marine heat wave (“The Blob”, sensu Kintisch, 2015) in 2013–2016 resulted in changes to phytoplankton community composition and loss of coastal kelp abundance and diversity, reducing gross primary productivity in the region. However, cumulative effects of marine heat waves and ongoing basin-scale deoxygenation in deep-sea ecosystems remain poorly understood. Here, we use a 7-year time series of physicochemical and video imagery data from Ocean Networks Canada's NEPTUNE observatory to investigate temporal dynamics of the deep-sea pink urchin Strongylocentrotus fragilis in relation to multi-year environmental variability. Using generalized additive models, we show that local S. fragilis density at Barkley Upper Slope (420 m) fluctuated over time and was partially explained by changes in dissolved oxygen concentration and suspended particulate matter in the benthic boundary layer (ADCP backscatter), with high urchin density corresponding to high oxygen and low backscatter. Seafloor dissolved oxygen ranged from 0.80 to 1.89 mL/L and varied seasonally, exhibiting a clear negative correlation with sea surface primary productivity (MODIS satellite Chl-a data), corresponding with the onset of yearly upwelling conditions. However, during the anomalously warm years affected by ‘The Blob’, dampened upwelling maintained higher dissolved oxygen conditions near the seafloor. S. fragilis density declined during ‘Blob’ conditions, likely in response to reduced kelp and phytodetritus subsidies from coastal waters. We propose a foraging-respiration trade-off hypothesis, whereby S. fragilis forages in deeper water during weak upwelling and migrates to shallower habitats during low oxygen conditions. S. fragilis is an important bioturbator and detritivore; changes in the density and distribution of this species may directly affect sediment turnover rates and nutrient cycling on the continental margin, with consequences for surface and coastal productivity. https://github.com/rjcommand/.","3,4,7,10"
Quantitative biogeography: Decreasing and more variable dynamics of critical species in an iconic meta-ecosystem,Ecological Monographs,2023-02-01,93,1,,10.1002/ecm.1556,ar,Article,6,2-s2.0-85145574261,,0,"Ecosystem stability has intrigued ecologists for decades, and the realization that the global climate was changing has sharpened and focused this interest. One possible early warning signal of decreasing stability is increasing variability in ecosystems over time with increasing climate variability. Determining climate change effects on community stability, however, requires long-term studies of structure and underlying dynamics, including bottom-up and top-down effects in natural ecosystems. Although relevant datasets were rare in the early years of community ecology, such information has increased in recent decades. We investigated spatiotemporal changes in mean and variability of ecological subsidies (nutrients, phytoplankton, prey colonization), performance metrics of a dominant space occupier (mussels) and its primary predator (sea stars), and sea star predation rates on mussels in relation to climatic oscillations, temperature, and disease on rocky shores. The research involved annually repeated multiyear (~1999–2018), multisite (13 sites nested within five regions along ~260 km of the Oregon coast) observations, measurements, and experiments. We analyzed associations between environmental variables and ecological performance of key elements of the sea star-mussel-dominated mid intertidal system. We found that upwelling declined in some regions, but became more variable across all study regions. Air and water temperatures oscillated, but their mean and variation increased through time, with peak values coinciding with the 2014–2016 combined El Niño and Marine Heat Wave. Ecological subsidies generally declined during the study period but increased in variability. Excepting growth rate, mussel (Mytilus californianus) performance (condition index, reproductive output) generally decreased and became more variable. Primarily due to a sea star wasting epidemic, reproductive output of the top predator Pisaster ochraceus decreased and became more variable, and predation rate on mussels decreased. Analyses indicated that the primary drivers of these changes were temperature-related environmental factors. As declining means and increasing variability of ecological performances can typify destabilizing ecosystems, and environmental trends are toward ever more stressful conditions, the outlook for this iconic ecosystem is discouraging. Immediate and rapid action to mitigate and ultimately reverse climate change likely is the only option available to prevent an irreversible shift in the future of this, and most other ecosystems.","5,7,14"
"Effect of marine heat waves on carbon metabolism, optical characterization, and bioavailability of dissolved organic carbon in coastal vegetated communities",Limnology and Oceanography,2023-02-01,68,2,467-482,10.1002/lno.12286,ar,Article,38,2-s2.0-85144150636,,1,"Dissolved organic carbon (DOC) plays an essential role in the global marine carbon cycle, with coastal vegetated communities as important DOC producers. However, the ultimate fate of this DOC remains still largely unknown due to the lack of knowledge about its chemical composition and lability. Furthermore, global change could alter both DOC fluxes and its bioavailability, affecting the carbon sequestration capacity of coastal vegetated communities. This study explores, in two contrasting seasons (winter and summer), the effects of an in situ simulated marine heatwave on carbon metabolism and DOC fluxes produced by seagrass (Cymodocea nodosa) and macroalgae (Caulerpa prolifera) communities. In addition, the fluorescent characteristics and biodegradability of the dissolved organic matter released directly by the communities under such conditions are evaluated. Under marine heatwave conditions, a significant increase in net community production (NCP) in C. nodosa and a shift to negative DOC fluxes in C. prolifera were observed. In control treatments, the seagrass-dominated community produced a substantial amount of labile (between 44% and 58%) and recalcitrant DOC (between 42% and 56%), while C. prolifera community produced mainly recalcitrant DOC (between 64% and 87%). Therefore, this research revealed that temperature is an important factor determining the NCP in benthic communities and the chemical structure and bioavailability of DOC produced by these communities, since both communities tended to produce more humic-like and less bioavailable DOC with increasing temperature.","7,11"
Fine-scale heterogeneity reveals disproportionate thermal stress and coral mortality in thermally variable reef habitats during a marine heatwave,Coral Reefs,2023-02-01,42,1,131-142,10.1007/s00338-022-02328-6,ar,Article,20,2-s2.0-85142149739,,1,"Increasing ocean temperatures threaten coral reefs globally, but corals residing in habitats that experience high thermal variability are thought to be better adapted to survive climate-induced heat stress. Here, we used long-term ecological observations and in situ temperature data from Heron Island, southern Great Barrier Reef to investigate how temperature dynamics within various thermally variable vs. thermally stable reef habitats change during a marine heatwave and the resulting consequences for coral community survival. During the heatwave, thermally variable habitats experienced larger surges in daily mean and maxima temperatures compared to stable sites, including extreme hourly incursions up to 36.5 °C. The disproportionate increase in heat stress in variable habitats corresponded with greater subsequent declines in hard coral cover, including a three-times greater decline within the thermally variable Reef Flat (70%) and Deep Lagoon (83%) than within thermally stable habitats along sheltered and exposed areas of the reef slope (0.3–19%). Interestingly, the thermally variable Reef Crest experienced comparatively small declines (26%), avoiding the most severe tidal ponding and resultant heat stress likely due to proximity to the open ocean equating to lower seawater residence times, greater mixing, and/or increased flow. These results highlight that variable thermal regimes, and any acclimatization or adaptation to elevated temperatures that may lead to, do not necessarily equate to protection against bleaching and mortality during marine heatwaves. Instead, thermally stable habitats that have greater seawater exchange with the open ocean may offer the most protection to corals during the severe marine heatwaves that accompany a changing climate.","7,8,11"
Marine heat waves in the Mediterranean Sea: An assessment from the surface to the subsurface to meet national needs,Frontiers in Marine Science,2023-01-30,10,,,10.3389/fmars.2023.1045138,ar,Article,54,2-s2.0-85147982099,,1,"In the Mediterranean Sea, marine ecosystems and the resource-based economy are shared among many countries, making this a regional sea of important geopolitical and economic stakes. Over the last decades, marine heat waves (MHWs) in the Mediterranean Sea have caused mass-mortality events in various marine species and critical losses for seafood industries. MHWs are expected to become more intense, longer and more frequent through anthropogenic warming. This study proposes to better understand how much each Mediterranean country’s Exclusive Economic Zone (EEZ) waters may be affected by MHW changes, to contribute to decision support for management and adaptation at national scale. The variability of surface and subsurface MHWs is assessed over the 1987-2019 period in the Mediterranean EEZs, which are ocean areas where sovereign states have special rights. Combining high-resolution satellite observations and a regional reanalysis, sea surface temperature and ocean heat content are used to define surface and subsurface MHWs. The MHW characteristics selected in this study highlight the important differences between surface and subsurface extreme events. MHW frequency is higher at the surface than in the subsurface and has significantly increased in most EEZs both at the surface and in the subsurface, while MHW duration is longer in the subsurface than at the surface in all EEZs. MHW intensities decrease with depth, while its increase over time is more disparate throughout the basin. MHW maximum intensity displays significant positive trends with higher surface values in the western Mediterranean Sea, while in the subsurface it reaches its extreme values in the EEZs of the Levantine basin. In contrast, MHW cumulative intensity exhibits its extreme trend values in the eastern Mediterranean Sea both at the surface and in the subsurface. The choice of a “Top-Ten” list of EEZs shows that the impact to EEZs is different depending on the MHW characteristics and the depth, emphasizing the need to consider all MHW characteristics and to avoid focusing only on the surface. Overall, the results highlight the necessity of strengthening surface and subsurface observing systems in most national waters to better establish local-scale risk assessments and to respond to diverse stakeholder needs.","2,3,5,7,10"
Changes in macrofauna bioturbation during repeated heatwaves mediate changes in biogeochemical cycling of nutrients,Frontiers in Marine Science,2023-01-16,9,,,10.3389/fmars.2022.1070377,ar,Article,12,2-s2.0-85147161594,,1,"The increasing frequency and intensity of marine heatwaves (MHWs) observed worldwide entails changes in the structure and functioning of ecological communities. While severe and extreme heatwaves often have more destructive effects, the more subtle effects of moderate and strong heatwaves may nevertheless affect ecosystem functioning through complex, context-dependent linkages between different processes. Here we conducted a laboratory experiment to study the effects of repeated short-term, strong MHWs on macrofauna bioturbation and associated solute fluxes as a measure of ecosystem functioning using natural soft-sediment communities from the Baltic Sea. Our results showed changes in both bioturbation and biogeochemical cycling of nutrients following short-term, strong heatwaves, which seemed to contribute to an enhanced degradation of organic matter in the seafloor and an enhanced exchange of solutes across the sediment-water interface as well as increased sediment oxygen consumption. Following changes in these processes, the relative contribution of macrofauna and the environmental context to ecosystem functioning was altered. Our results highlight the potential of even shorter-term, strong MHWs of having system-wide impacts due to changes in the mechanistic process of bioturbation underpinning the biogeochemical cycling of nutrients. This study also highlights the need to measure a wide range of variables for a comprehensive understanding of the changes in functioning under disturbances, such as MHWs.","7,11,14"
"Changes in kelp forest communities off Washington, USA, during and after the 2014-2016 marine heatwave and sea star wasting syndrome",Marine Ecology Progress Series,2023-01-12,703,,47-66,10.3354/meps14220,ar,Article,20,2-s2.0-85148381806,,1,"Canopy-forming kelps are foundation species in many coastal ecosystems, but kelp-forest communities are subject to abrupt state changes caused by environmental drivers and trophic dynamics. We examined changes in kelp communities at 5 sites along the Olympic Coast of Washington State, USA, during and following the recent perturbations of anomalous warm-water events and sea star wasting syndrome (SSWS). Anomalously warm water in 2013 and 2014 corresponded with a loss of approximately 50% of Macrocystis pyrifera and Nereocystis luetkeana canopy. However, the canopy quickly recovered, and stipe density increased after 2015. Purple sea urchins Strongylocentrotus purpuratus increased in density 164-fold, largely at one site, but this increase was first observed in 2017 and peaked in 2019, after the warm period. Sea stars did not show recovery from SSWS, with several species including Pycnopodia helianthoides continuing to decline. The majority of variation in assemblage structure occurred at the site level for kelps, macroinvertebrates, and fishes, while year explained most of the variability for juvenile rockfishes Sebastes spp. We did not see strong top-down effects of urchins on kelp, suggesting that top-down impacts were not dominant regionally during this period. In contrast, we found evidence for a bottom-up influence of kelp habitat on juvenile rockfishes, as rockfish recruits occurred with higher probability where kelp stipe density was higher. Our analyses highlight the importance of spatial variation in structuring changes in kelp forest communities associated with disturbance and suggest that it is essential to ensure the protection of a diversity of kelp forests.","7,11"
"Mass mortality event of the giant barrel sponge Xestospongia sp.: population dynamics and size distribution in Koh Phangan, Gulf of Thailand",Peerj,2023-01-01,11,,,10.7717/peerj.16561,ar,Article,4,2-s2.0-85180959464,,1,"Marine sponges are prominent organisms of the benthic coral reef fauna, providing important ecosystem services. While there have been increasing reports that sponges are becoming one of the dominant benthic organisms in some locations and ecoregions (e.g. Caribbean), they can be impacted by changing environmental conditions. This study presents the first documentation of a mass mortality event of the barrel sponge Xestospongia sp. in the lower Gulf of Thailand and its consequences on population dynamics and size distribution. Two anthropogenic impacted reefs (Haad Khom and Mae Haad) of the island Koh Phangan and two anthropogenic non-impacted reefs of the islands Koh Yippon and Hin Yippon within the Mu Ko Ang Thong Marine National Park were surveyed in the years 2015 and 2016. The results showed a strong shift in population densities at Koh Phangan. Fatal “bleaching” ending up in mass mortality was observed for these reefs in 2015. Xestospongia sp. abundance decreased from 2015 to 2016 by 80.6% at Haad Khom and by 98.4% at Mae Haad. Sponges of all sizes were affected, and mortality occurred regardless of the survey depth (4 and 6 m). However, Xestospongia population densities in the Marine Park were at a constant level during the surveys. The abundances in 2015 were 65% higher at the Marine Park than at Koh Phangan and 92% higher in 2016. The most likely causes of the mass mortality event was a local harmful algal bloom event, pathogens, undetected local higher water temperatures, or a combination of these factors, whereas sea surface temperature analyses showed no marine heatwave during the observed mass mortality event in 2015. Considering the ecological importance of sponges such as Xestospongia sp., long-term monitoring of reefs and their environmental parameters should be implemented to prevent such mass die-offs.","7,8,9"
The deep vault: a temporary refuge for temperate gorgonian forests facing marine heat waves,Mediterranean Marine Science,2023-01-01,24,3,601-609,10.12681/MMS.35564,ar,Article,17,2-s2.0-85180337538,,1,"Climate change poses a significant threat to coastal areas, marked by the increasing intensity and frequency of marine heat waves observed in various ecosystems around the world. Over the last 25 years, a vast number of Mediterranean populations of the red gorgonian Paramuricea clavata have been impacted by marine heatwaves. The last mass mortality occurred during the summer of 2022 in the Western Mediterranean Sea, affecting mostly shallow populations (down to 30 m depth). Here we provide an assessment of the health status of mesophotic P. clavata populations down to 90 m depth to investigate a depth refuge hypothesis. Results show that the impact of marine heat waves decreases with depth, with a significant drop in mortality below 40 m depth. These observations support the hypothesis of a depth refuge from marine heat waves that may allow, at least temporarily, the maintenance of P. clavata in the Western Mediterranean Sea. The present study strongly advocates for further investigations and monitoring of the mesophotic zone to chart potential areas that could serve as deep refuge for gorgonians.","3,7,11"
Nearshore subtidal community response during and after sediment disturbance associated with dam removal,Frontiers in Ecology and Evolution,2023-01-01,11,,,10.3389/fevo.2023.1233895,ar,Article,4,2-s2.0-85168700359,,1,"Dam removal is used increasingly to restore aquatic ecosystems and remove unnecessary or high-risk infrastructure. As the number of removals increases, there is a growing understanding about the hydrologic, geomorphic, and ecological responses to these removals. Most dam removal studies, however, focus on river and watershed responses to dam removal. The removal of two dams on the Elwha River provided a unique opportunity to characterize the response of nearshore (coastal) ecosystems. We conducted SCUBA surveys between 2011 and 2022 to quantify trajectories of change in a nearshore ecosystem during and after dam removal. We focused on the degree to which the abundances of kelp, benthic invertebrates, and fish changed in response to patterns of sediment fluxes during and after dam removal. Our findings point to two pathways of response depending on the disturbance mechanism and species type. Sites with persistent sediment deposition were characterized by wholesale community changes that did not recover to a before dam removal condition. Instead, the sites were colonized by new species that were largely absent prior to dam removal. Sites that experienced high turbidity but lacked persistent seafloor deposition were primarily characterized by a reduction in the abundance of kelp and other algae during dam removal and a rapid recovery after sediment flux to the nearshore declined. Dam removal influences on invertebrates and fish at these sites were more variable, benefiting some species and disadvantaging others. In addition to dam removal, sea star wasting syndrome and a marine heatwave exerted distinct controls on subtidal communities during the same period. The loss of the predatory sea star Pycnopodia helianthoides was associated with gains in some of its prey species, and kelp community changes reflected regional trends in ocean temperature and kelp abundance. The results presented here have important implications for understanding the response of marine ecosystems to future dam removals and similar sediment perturbation events.","7,10"
"Marine heatwave temperatures enhance larval performance but are meditated by paternal thermal history and inter-individual differences in the purple sea urchin, Strongylocentrotus purpuratus",Frontiers in Physiology,2023-01-01,14,,,10.3389/fphys.2023.1230590,ar,Article,7,2-s2.0-85168315763,,1,"Marine heatwave (MHW) events, characterized by periods of anomalous temperatures, are an increasingly prevalent threat to coastal marine ecosystems. Given the seasonal phenology of MHWs, the full extent of their biological consequences may depend on how these thermal stress events align with an organism’s reproductive cycle. In organisms with more complex life cycles (e.g., many marine invertebrate species) the alignment of adult and larval environments may be an important factor determining offspring success, setting the stage for MHW events to influence reproduction and development in situ. Here, the influence of MHW-like temperatures on the early development of the California purple sea urchin, Strongylocentrotus purpuratus, were explored within the context of paternal thermal history. Based on temperature data collected during MHW events seen in Southern California from 2014–2020, adult urchins were acclimated to either MHW or non-MHW temperatures for 28 days before their sperm was used to produce embryos that were subsequently raised under varying thermal conditions. Once offspring reached an early larval stage, the impact of paternal and offspring environments were assessed on two aspects of offspring performance: larval size and thermal tolerance. Exposure to elevated temperatures during early development resulted in larger, more thermally tolerant larvae, with further influences of paternal identity and thermal history, respectively. The alignment of paternal and offspring exposure to MHW temperatures had additional positive benefits on larval thermal tolerance, but this tolerance significantly decreased when their thermal experience mismatched. As the highest recorded temperatures within past MHW events have occurred during the gametogenesis of many kelp forest benthic marine invertebrate species, such as the purple sea urchin, such parental mediated impacts may represent important drivers of future recruitment and population composition for these species.","7,11"
"Transgenerational plasticity as a mechanism of response to marine heatwaves in the purple sea urchin, Strongylocentrotus purpuratus",Frontiers in Marine Science,2023-01-01,10,,,10.3389/fmars.2023.1212781,ar,Article,14,2-s2.0-85167357420,,1,"Kelp forests of the California Current System have experienced prolonged marine heatwave (MHW) events that overlap in time with the phenology of life history events (e.g., gametogenesis and spawning) of many benthic marine invertebrates. To study the effect of thermal stress from MHWs during gametogenesis in the purple sea urchin (Strongylocentrotus purpuratus) and further, whether MHWs might induce transgenerational plasticity (TGP) in thermal tolerance of progeny, adult urchins were acclimated to two conditions in the laboratory – a MHW temperature of 18°C and a non-MHW temperature of 13°C. Following a four-month long acclimation period (October–January), adults were spawned and offspring from each parental condition were reared at MHW (18°C) and non-MHW temperatures (13°C), creating a total of four embryo treatment groups. To assess transgenerational effects for each of the four groups, we measured thermal tolerance of hatched blastula embryos in acute thermal tolerance trials. Embryos from MHW-acclimated females were more thermally tolerant with higher LT50 values as compared to progeny from non-MHW-acclimated females. Additionally, there was an effect of female acclimation state on offspring body size at two stages of embryonic development - early gastrulae and prism, an early stage echinopluteus larvae. To assess maternal provisioning as means to also alter embryo performance, we assessed gamete traits from the differentially acclimated females, by measuring size and biochemical composition of eggs. MHW-acclimated females had eggs with higher protein concentrations, while egg size and lipid content showed no differences. Our results indicate that TGP plays a role in altering the performance of progeny as a function of the thermal history of the female, especially when thermal stress coincides with gametogenesis. In addition, the data on egg provisioning show that maternal experience can influence embryo traits via egg protein content. Although this is a laboratory-based study, the results suggest that TGP may play a role in the resistance and tolerance of S. purpuratus early stages in the natural kelp forest setting.","7,11"
Editorial: Advances in marine heatwave interactions,Frontiers in Climate,2023-01-01,5,,,10.3389/fclim.2023.1177781,ed,Editorial,2,2-s2.0-85153407766,,1,,
Planktonic foraminiferal assemblages reflect warming during two recent mid-latitude marine heatwaves,Frontiers in Marine Science,2023-01-01,10,,,10.3389/fmars.2023.1155761,ar,Article,3,2-s2.0-85152581283,,1,"Under future climate scenarios, ocean temperatures that are presently extreme and qualify as marine heatwaves (MHW) are forecasted to increase in frequency and intensity, but little is known about the impact of these events on one of the most common paleoproxies, planktonic foraminifera. Planktonic foraminifera are globally ubiquitous, shelled marine protists. Their abundances and geochemistry vary with ocean conditions and fossil specimens are commonly used to reconstruct ancient ocean conditions. Planktonic foraminiferal assemblages are known to vary globally with sea surface temperature, primary productivity, and other hydrographic conditions, but have not been studied in the context of mid-latitude MHWs. For this study, the community composition and abundance of planktonic foraminifera were quantified for 2010-2019 along the Newport Hydrographic Line, a long-term monitoring transect at 44.6°N in the Northern California Current (NCC). Samples were obtained from archived plankton tows spanning 46 to 370 km offshore during annual autumn (August – October) cruises. Two MHWs impacted the region during this timeframe: the first during 2014-2016 and a second, shorter duration MHW in 2019. During the 2014-2016 MHW, warm water subtropical and tropical foraminifera species were more prevalent than the typical polar, subpolar, and transitional species common to this region. Cold water species were abundant again after the first MHW dissipated in late 2016. During the second, shorter-duration MHW in 2019, the assemblage consisted of a warm water assemblage but did not include tropical species. The foraminiferal assemblage variability correlated with changes in temperature and salinity in the upper 100 meters and was not correlated with distance offshore or upwelling. These results suggest that fossil foraminiferal assemblages from deep sea sediment cores may provide insight into the magnitude and frequency of past MHWs.","7,14"
Heatwaves and a decrease in turbidity drive coral bleaching in Atlantic marginal equatorial reefs,Frontiers in Marine Science,2023-01-01,10,,,10.3389/fmars.2023.1061488,ar,Article,6,2-s2.0-85149637095,,1,"Tropical reefs can occur naturally under suboptimal environmental conditions, where few reef-building corals thrive. These unique reefs are especially important for understanding resistance to global warming, but they are understudied. We studied a coral bleaching event that occurred in turbid reefs (~ 19 m deep) in the equatorial southwestern Atlantic. Mass bleaching was observed in 91% of the Siderastrea stellata colonies in 2020, whereas only 7.7% of the colonies were bleached in 2019 and 10.9% in 2022. The year 2020 had the highest heat stress recorded in this century in this region according to the degree of heating weeks such as 17.6°C-week. In the first semester of 2020, the region also underwent three marine heatwaves (MHWs) above the average temperatures (1.3, 1.5, and 2.0°C). The lowest turbidity and wind speed matched long-lasting, repeated, and severe MHWs. These reef-building corals are dominant under moderate turbid waters and high sea temperature (26–29°C), however they are near the maximum tolerance limit. In this regard, these low-latitude reefs are warming twice as fast (0.2°C/decade) as other regions (e.g., Abrolhos and Coral Coast) (0.1 to 0.13°C/decade) in the South America reef system demonstrating that they cannot be considered climate-change refugia. These results suggest that even turbid marginal reefs and tolerant corals are highly susceptible to mass bleaching, especially when heatwaves and a decrease in turbidity occur simultaneously.","5,7,8"
An evaluation of high-resolution ocean reanalyses in the California current system,Progress in Oceanography,2023-01-01,210,,,10.1016/j.pocean.2022.102951,ar,Article,37,2-s2.0-85145174692,,0,"Sparse and inconsistent coverage of ocean observations makes analysis of climate impacts on ocean physics and marine ecosystems challenging. As a result, ocean reanalyses (i.e., ocean models constrained by observations through data assimilation) were developed to provide historical ocean state estimates that are spatially and temporally uniform. Recent advances in high performance computing and the number and quality of observations have led to the development of high-resolution ocean reanalyses, which offer an opportunity to investigate coastal ocean variability with enhanced fidelity. In this study, we evaluate the ability of three high-resolution ocean reanalyses, including the Global Ocean Reanalysis and Simulations (GLORYS), the Ocean Reanalysis System version 5 (ORAS5), and the California Current System Reanalysis (CCSRA), to accurately represent ocean temperature and salinity (from the surface to the bottom), sea surface height, and mesoscale activity in the California Current Large Marine Ecosystem (CCLME). Specifically, we compare these reanalyses to a variety of assimilated and independent in situ and satellite derived observations along the U.S. west coast. We find that the reanalyses generally reproduce large-scale variability in temperature and sea surface height within the CCLME, including effects of major ENSO events and recent marine heatwaves. We also show that GLORYS and CCSRA, with their finer horizontal resolution, have enhanced fidelity in simulating nearshore ocean parameters such as coastal sea level and bottom temperature along the continental shelf. Our results suggest that these tools can be used to study the fine-scale features of the California Current System over the past several decades.","2,10,12"
Exploring the response of a key Mediterranean gorgonian to heat stress across biological and spatial scales,Scientific Reports,2022-12-01,12,1,,10.1038/s41598-022-25565-9,ar,Article,18,2-s2.0-85143407389,36473926,1,"Understanding the factors and processes that shape intra-specific sensitivity to heat stress is fundamental to better predicting the vulnerability of benthic species to climate change. Here, we investigate the response of a habitat-forming Mediterranean octocoral, the red gorgonian Paramuricea clavata (Risso, 1826) to thermal stress at multiple biological and geographical scales. Samples from eleven P. clavata populations inhabiting four localities separated by hundreds to more than 1500 km of coast and with contrasting thermal histories were exposed to a critical temperature threshold (25 °C) in a common garden experiment in aquaria. Ten of the 11 populations lacked thermotolerance to the experimental conditions provided (25 days at 25 °C), with 100% or almost 100% colony mortality by the end of the experiment. Furthermore, we found no significant association between local average thermal regimes nor recent thermal history (i.e., local water temperatures in the 3 months prior to the experiment) and population thermotolerance. Overall, our results suggest that local adaptation and/or acclimation to warmer conditions have a limited role in the response of P. clavata to thermal stress. The study also confirms the sensitivity of this species to warm temperatures across its distributional range and questions its adaptive capacity under ocean warming conditions. However, important inter-individual variation in thermotolerance was found within populations, particularly those exposed to the most severe prior marine heatwaves. These observations suggest that P. clavata could harbor adaptive potential to future warming acting on standing genetic variation (i.e., divergent selection) and/or environmentally-induced phenotypic variation (i.e., intra- and/or intergenerational plasticity).","7,11,14"
The Blob marine heatwave transforms California kelp forest ecosystems,Communications Biology,2022-12-01,5,1,,10.1038/s42003-022-04107-z,ar,Article,44,2-s2.0-85140784389,36307673,1,"Ocean warming has both direct physiological and indirect ecological consequences for marine organisms. Sessile animals may be particularly vulnerable to anomalous warming given constraints in food acquisition and reproduction imposed by sessility. In temperate reef ecosystems, sessile suspension feeding invertebrates provide food for an array of mobile species and act as a critical trophic link between the plankton and the benthos. Using 14 years of seasonal benthic community data across five coastal reefs, we evaluated how communities of sessile invertebrates in southern California kelp forests responded to the “Blob”, a period of anomalously high temperatures and low phytoplankton production. We show that this event had prolonged consequences for kelp forest ecosystems. Changes to community structure, including species invasions, have persisted six years post-Blob, suggesting that a climate-driven shift in California kelp forests is underway.","7,8,11"
Ninety years of coastal monitoring reveals baseline and extreme ocean temperatures are increasing off the Finnish coast,Communications Earth and Environment,2022-12-01,3,1,,10.1038/s43247-022-00545-z,ar,Article,31,2-s2.0-85138350851,,1,"Global marine heatwave assessments often rely on satellite-derived sea surface temperature. However, these data have low accuracy in coastal areas, are unable to measure sub-surface temperatures and have only been available since the 1980s. Here, we analyse 90 years of in situ surface and bottom (30 m) water temperature data from a Finnish coastal monitoring site. Water temperatures were significantly higher between 1991–2020 than 1931–1960 and 1961–1990. We find strong differences between satellite-derived and in situ temperatures, with in situ temperatures being lower in autumn and winter and higher in spring. Measurements at the seafloor indicate marine heatwaves occurred during all seasons between 2016 and 2020, with intensities and durations exceeding previous records. Since the 1990s, we find an upward shift of the baseline temperature and increasingly frequent occurrence of temperatures previously considered as an extreme. Our findings highlight the importance of long-term in situ data and choice of climatological reference periods for assessing change.","1,2,5,10,15"
Bleaching in sponges on temperate mesophotic reefs observed following marine heatwave events,Climate Change Ecology,2022-12-01,3,,,10.1016/j.ecochg.2021.100046,ar,Article,22,2-s2.0-85131933504,,1,"Climate change driven extreme events such as marine heatwaves (MHWs) can have dramatic impacts on ecosystems, with thermal stress often resulting in localised die-offs and visible signs of impacts such as bleaching of organisms. Such impacts are reported widely in shallower ecosystems but are less studied on deeper mesophotic ecosystems (MEs) where collecting data is more expensive. However, these deeper ecosystems are often biodiverse and play important ecological roles, and so understanding climate change impacts at these depths is important. Here we use benthic imagery collected as part of a large-scale monitoring program to explore bleaching in a cup sponge ‘morphospecies’ (i.e. morphologically distinct organisms readily identified in imagery) in MEs across eastern Tasmania, a region experiencing rapid ocean warming. We find an increased incidence of bleaching in surveys following MHWs, but currently no evidence for mass mortality following bleaching. Our results suggest that this cup sponge morphospecies may be useful for tracking climate change impacts on MEs in the region. Future efforts should be directed towards a better understanding of the physiological limits of this morphospecies across its range and timing surveys to more closely follow MHW events. Sponges form an important and dominant component of temperate MEs and monitoring the impacts of climate change on sponges across these ecosystems should therefore be an ongoing priority.","3,7,11"
Marine heatwaves of differing intensities lead to distinct patterns in seafloor functioning,Proceedings of the Royal Society B Biological Sciences,2022-11-09,289,1986,,10.1098/rspb.2022.1159,ar,Article,14,2-s2.0-85141491396,36350209,1,"Marine heatwaves (MHWs) are increasing in frequency and intensity due to climate change. Several well-documented effects of heatwaves on community structure exist, but examples of their effect on functioning of species, communities or ecosystems remain scarce. We tested the effects of short-term, moderate and strong MHWs on macrofauna bioturbation and associated solute fluxes as examples of ecosystem functioning. We also measured macrofaunal excretion rates to assess effects of temperature on macrofauna metabolism. For this experiment, we used unmanipulated sediment cores with natural animal communities collected from a muddy location at 32 m depth in the northern Baltic Sea. Despite the mechanistic effect of bioturbation remaining unchanged between the treatments, there were significant differences in oxygen consumption, solute fluxes and excretion. Biogeochemical and biological processes were boosted by the moderate heatwave, whereas biogeochemical cycling seemed to decrease under a strong heatwave. A prolonged, moderate heatwave could possibly lead to resource depletion if primary production cannot meet the demands of benthic consumption. By contrast, decreased degradation activities under strong heatwaves could lead to a build-up of organic material and potentially hypoxia. The strong variability and the complexity of the response highlight the context dependency of these processes complicating future predictions.","7,11"
Marine Heatwaves in the South China Sea: Tempo-Spatial Pattern and Its Association with Large-Scale Circulation,Remote Sensing,2022-11-01,14,22,,10.3390/rs14225829,ar,Article,16,2-s2.0-85142719952,,1,"A marine heatwave (MHW) can significantly harm marine ecosystems and fisheries. Based on a remotely sensed sea surface temperature (SST) product, this study investigated MHWs behaviors in the South China Sea (SCS) throughout the warm season (May to September) from 1982 to 2020. The distributions of the three MHW indices used in this study showed significant latitudinal variations: more frequent, longer, and more intense MHWs appear in the northern SCS, and less frequent, shorter, and weaker MHWs appear in the southern SCS. Using the empirical orthogonal function (EOF) method, we found that the first leading modes of the three MHW indices account for more than half of the total variance. The first leading modes reveal uniform anomalies throughout the SCS, with the maximum in the deep central portion and its surroundings. Their corresponding time series showed significant interdecadal variations, with a turning point around 2009. Since 2010, the SCS has seen an increase in the frequency, length, and severity of MHWs. The incidence of MHWs has been linked to the presence of stable near-surface anticyclonic anomalies, which reduced cloud cover and increased solar radiation. This abnormal pattern was usually accompanied by the intensification and westward shift of the western North Pacific subtropical high (WNPSH). The findings imply that MHWs in the SCS may be predictable on interannual and decadal scales.","2,4,5,10,12"
Interaction of marine heatwaves and grazing on two canopy-forming algae,Journal of Experimental Marine Biology and Ecology,2022-11-01,556,,,10.1016/j.jembe.2022.151795,ar,Article,16,2-s2.0-85135716711,,0,"Brown canopy-forming macroalgae species form complex assemblages known as marine forests, which are highly productive systems and provide multiple ecosystem services. In many regions worldwide, these key foundation species are being replaced by generalist species due to numerous underlying impacts acting at local, regional and global scales (i.e. overgrazing, marine heatwaves (MHWs), rising temperatures, among others). In Madeira Island (Macaronesia, NE Atlantic Ocean), rocky bottoms on the south coast are dominated by bare rocks, sediments and high densities of sea urchins and turfs. One of the most common macroalgae in these degraded systems is the cryptogenic red algae Asparagopsis taxiformis, naturally competing with other canopy-forming algae such as Cystoseira foeniculacea. In this study, we analysed 37-year high-resolution sea surface temperature data on the occurrence of MHWs in Macaronesia, finding a significant increase in the frequency of moderate and extreme events in the last 20 years. We performed a mesocosm experiment to understand how these two foundation species respond to heat stress and grazing activity by the sea urchin Paracentrotus lividus under different scenarios simulating moderate and extreme MHWs. Biomass and productivity of C. foeniculacea showed a significant reduction under the interaction of MHWs and grazing, with higher loss of biomass at the moderate event. The biomass of A. taxiformis decreased significantly by the increase in temperatures, independetly of the grazing pressure. The productivity of A. taxiformis was significantly reduced at extreme MHWs, where respiration rate was higher than C. foeniculacea, which outperformed in the dark phase. Results suggest that under control conditions and moderate MHWs, A. taxiformis is not impacted by grazing and is possibly more efficient in resource utilisation than C. foeniculacea, but losing this potential advantage under extreme MHWs. Under the context of future climate change, marine forests in Madeira are, thus, expected to be threatened by the combined effects of more common extreme climatic events (e.g. MHWs) and local changes in the biotic interactions (e.g. grazing and competition).","5,7,8,14"
Drivers of upper ocean heat content extremes around New Zealand revealed by Adjoint Sensitivity Analysis,Frontiers in Climate,2022-10-28,4,,,10.3389/fclim.2022.980990,ar,Article,11,2-s2.0-85141957407,,1,"Marine heatwaves can have devastating ecological and economic impacts and understanding what drives their onset is crucial to achieving improved prediction. A key knowledge gap exists around the subsurface structure and temporal evolution of MHW events in continental shelf regions, where impacts are most significant. Here, we use a realistic, high-resolution ocean model to identify marine heatwaves using upper ocean heat content (UOHC) as a diagnostic metric. We show that, embedded in the inter-annual variability of UOHC across the Tasman Sea, regional UOHC around New Zealand varies at short temporal and spatial scales associated with local circulation which drives the onset of extreme events with median duration of 5–20 days. Then, using a novel application of Adjoint Sensitivity Analysis, we diagnose the regional drivers of extreme UOHC events and their 3-dimensional structure. We compute the sensitivity of UOHC to changes in the ocean state and atmospheric forcing over the onset of MHW events using ensembles of between 34 and 64 MHW events across 4 contrasting regions over a 25-year period. The results reveal that changes in regional UOHC on short (5-day) timescales are largely driven by local ocean circulation rather than surface heat fluxes. Where the circulation is dominated by boundary currents, advection of temperature in the mixed layer dominates the onset of extreme UOHC events. Higher magnitude MHW events are typically associated with shallower mixed layer and thermocline depths, with higher sensitivity to temperature changes in the upper 50–80 m. On the west coast, where boundary currents are weak, UOHC extremes are sensitive to density changes in the upper 1,000 m and likely caused by downwelling winds. Our results highlight the importance of understanding the different temporal and spatial scales of UOHC variability. Understanding the local circulation associated with heat content extremes is an important step toward accurate MHW predictability in economically significant shelf seas.","3,4,12"
Characteristics and Drivers of Marine Heatwaves in the Western Equatorial Indian Ocean,Journal of Geophysical Research Oceans,2022-10-01,127,10,,10.1029/2022JC018732,ar,Article,25,2-s2.0-85141688373,,0,"The spatio-temporal characteristics of the interannual variability and long-term trend of the marine heatwaves (MHWs) and related dynamic mechanisms in the western equatorial Indian Ocean (WEIO) are investigated using satellite observations. A prominent MHW hot spot is found in a region of the WEIO (48°E−54°E, 2°S–2°N), with a mean MHWs' intensity, duration, and frequency of 1.54°C, 13.33 days, and 1.97 times, respectively. MHWs in the hot spot region have significant interannual variability after removing the long-term trend, associated with Indo-Pacific major climate modes. In 1982/1983, 1983/1984, 1987/1988, 1997/1998, 2006/2007, 2009/2010, 2011/2012, 2012/2013, 2014/2015, 2015/2016, and 2019/2020, the MHWs occurred with longer duration, higher frequency, and more total days. These years correspond to a positive Indian Ocean Dipole, or an El Niño event, or both. The occurrence of MHWs accompanied by anomalous positive sea surface height suggests that oceanic planetary wave processes modulate MHWs in the WEIO. Westward-propagating downwelling equatorial Rossby waves triggered by anomalous equatorial easterly winds drive the convergence of warm upper-ocean water and weaken the upwelling of cool subsurface water, which favor anomalously warm sea surface temperature (SST) and the occurrence of MHWs. In addition, the westward-propagating off-equatorial downwelling Rossby waves in the southern tropical Indian Ocean also affect MHWs in the WEIO through the propagation and reflection of waves. The annual MHW frequency, duration, and total days in the hot spot region increase up to 1.56 times, 4.95 days, and 31.72 days per decade, respectively, related to the significant increase in mean SST under global warming.","1,4,5,10"
Thermotaxic diel vertical migration of the harmful dinoflagellate Cochlodinium (Margalefidinium) polykrikoides: Combined field and laboratory studies,Harmful Algae,2022-10-01,118,,,10.1016/j.hal.2022.102315,ar,Article,11,2-s2.0-85137277061,36195428,0,"The harmful dinoflagellate Cochlodinium polykrikoides, a species that causes mass mortality of farmed fish, uses diel vertical migration (DVM) as an ecological strategy. In summer 2018, a bloom of C. polykrikoides occurred on the southern coast of Korea when the surface water temperature exceeded 29 °C, as a result of a marine heatwave. To understand the effect of high temperature conditions on the DVM of C. polykrikoides, vertical profiles of environmental variables and the occurrence of the dinoflagellate were investigated through a 48 h field survey. In addition, a thermally stratified environment (6–12 °C difference between the surface and bottom layers) was established in a laboratory study to investigate the effect of temperature difference between water layers on the DVM of C. polykrikoides. In the field, most of the C. polykrikoides population was at a depth of 3–6 m during the day, where the water temperature was significantly lower (p < 0.01; Chi square = 57.98; Kruskal–Wallis test) than in the surface layer (0 m), and only the water temperature at 0 m was not correlated with weighted mean depth of C. polykrikoides, suggesting the usage of DVM to avoid high temperature stress. According to our field and laboratory results, there was a trend of greater DVM velocity by thermotaxis when moving from “unfavorable” water temperature (30 °C hot and 12 °C cold) to “favorable” water temperature for growth (optimal 24 °C) of C. polykrikoides. Our findings suggest that thermotaxic DVM is an important ecological strategy used by C. polykrikoides to optimize environmental conditions for growth through vertical positioning and changing migration velocity.","3,7"
Microclimate predicts kelp forest extinction in the face of direct and indirect marine heatwave effects,Ecological Applications,2022-10-01,32,7,,10.1002/eap.2673,ar,Article,58,2-s2.0-85135945261,35584048,0,"Marine heatwaves threaten the persistence of kelp forests globally. However, the observed responses of kelp forests to these events have been highly variable on local scales. Here, we synthesize distribution data from an environmentally diverse region to examine spatial patterns of canopy kelp persistence through an unprecedented marine heatwave. We show that, although often overlooked, temperature variation occurring at fine spatial scales (i.e., a few kilometers or less) can be a critical driver of kelp forest persistence during these events. Specifically, though kelp forests nearly all persisted toward the cool outer coast, inshore areas were >3°C warmer at the surface and experienced extensive kelp loss. Although temperatures remained cool at depths below the thermocline, kelp persistence in these thermal refugia was strongly constrained by biotic interactions, specifically urchin populations that increased during the heatwave and drove transitions to urchin barrens in deeper rocky habitat. Urchins were, however, largely absent from mixed sand and cobble benthos, leading to an unexpected association between bottom substrate and kelp forest persistence at inshore sites with warm surface waters. Our findings demonstrate both that warm microclimates increase the risk of habitat loss during marine heatwaves and that biotic interactions modified by these events will modulate the capacity of cool microclimates to serve as thermal refugia.","7,11"
A deep learning model for forecasting global monthly mean sea surface temperature anomalies,Frontiers in Climate,2022-09-28,4,,,10.3389/fclim.2022.932932,ar,Article,42,2-s2.0-85139751340,,1,"Sea surface temperature (SST) variability plays a key role in the global weather and climate system, with phenomena such as El Niño-Southern Oscillation (ENSO) regarded as a major source of interannual climate variability at the global scale. The ability to make long-range forecasts of SST variations and extreme marine heatwave events have potentially significant economic and societal benefits, especially in a warming climate. We have developed a deep learning time series prediction model (Unet-LSTM), based on more than 70 years (1950–2021) of ECMWF ERA5 monthly mean SST and 2-m air temperature data, to predict global 2-dimensional SSTs up to a 24-month lead. Model prediction skills are high in the equatorial and subtropical Pacific. We have assessed the ability of the model to predict SST anomalies in the Niño3.4 region, an ENSO index in the equatorial Pacific, and the Blob marine heatwave events in the northeast Pacific in detail. An assessment of the predictions of the 2019–2020 El Niño and the 2016–2017 and 2017–2018 La Niña show that the model has skill up to 18 months in advance. The prediction of the 2015–2016 extreme El Niño is less satisfactory, which suggests that subsurface ocean information may be crucial for the evolution of this event. Note that the model makes predictions of the 2-d monthly SST field and Nino 3.4 is just one region embedded in the global field. The model also shows long lead prediction skills for the northeast Pacific marine heatwave, the Blob. However, the prediction of the marine heatwaves in the southeast Indian Ocean, the Ningaloo Niño, shows a short lead prediction. These results indicate the significant potential of data-driven methods to yield long-range predictions of SST anomalies.",12
"Characterization of marine heatwaves in the Cantabrian Sea, SW Bay of Biscay",Estuarine Coastal and Shelf Science,2022-09-05,274,,,10.1016/j.ecss.2022.107923,ar,Article,19,2-s2.0-85131453207,,1,"The trend towards an increased incidence of marine heatwaves (MHWs) due to climate change poses a serious threat to the health of coastal ecosystems. Here, we characterized MHWs based on daily in situ water temperature measurements collected from 1998 to 2019 in two intertidal coves, Oleiros and La Franca, located in the central Cantabrian Sea coast, N Spain. The two study locations cover the transition zone between cold- and warm-temperate benthic communities that characterizes the biogeography of intertidal assemblages along the SW Bay of Biscay. We examined the incidence, duration and magnitude of MHWs, and assessed the emergence of trends towards more frequent, prolonged and intense MHWs during the study period. We further assessed mechanistic links with modes of climate variability by examining the association between MHW occurrence and the East Atlantic pattern (EA). We detected 78 MHW events between Jan. 1998 and Mar. 2019 (40 in Oleiros, 38 in La Franca) and more than half were synchronous among study locations. The incidence, duration, and intensity of MHWs were higher during the positive phase of the EA, which is associated with air pressures above normal and southwesterly winds during summer. The recorded MHWs also coincided with documented shifts in the abundance and distribution of dominant macroalgae species that triggered abrupt changes in the structure of intertidal communities of the region. Our findings and the present scenario of climate change emphasize the need to enhance research around the trends in the occurrence of MHWs in the coast of northern Spain, and the NE Atlantic Ocean coast in general.","1,4,5,7,10"
Wintertime marine extreme temperature events modulate phytoplankton blooms in the North Pacific through subtropical mode water,Environmental Research Letters,2022-09-01,17,9,,10.1088/1748-9326/ac8e8a,ar,Article,3,2-s2.0-85138658149,,1,"Marine extreme temperature events (METs), including marine heatwaves (MHWs) and cold spells, have recently gained much attention owing to their vital influence on the marine ecosystem and social economy. Since METs can alter the upper ocean stratification and wintertime convective mixing in the northwestern North Pacific subtropical gyre (NPSG), their activities may modulate phytoplankton blooms by regulating entrainment of the subtropical mode water (STMW) with high NO 3 − . Furthermore, because STMW formed in the previous winter reemerges east of its formation site in the following winter, the METs activities imprinted in STMW affect phytoplankton blooms remote from its formation site. Here, we examined the relationship between the MET activities, STMW volume, and phytoplankton blooms using satellite observations and a data-assimilative coupled physical-biogeochemical model dataset. MET activities appearing in the STMW formation region during winter regulate the formation of STMW and the supply of NO 3 − from the subsurface, with the latter controlling the spring/autumn blooms in that region under NO 3 − -limited conditions. Subsequently, this water mass is transported eastward in the subsurface within the northern flank of the NPSG before reemerging east of the STMW formation site the following spring. This process results in a negative lag-correlation between MET activities and surface chlorophyll in the reemergence region; for example, MHWs in winter at the STMW formation site tend to lower the surface chlorophyll concentration one year later in the reemergence region. Our study suggests that the oceanic processes allow one year of predictability of the marine ecosystems by monitoring METs in the STMW formation site.","3,4,7,10"
Temperature variations in the northern Gulf of Alaska across synoptic to century-long time scales,Deep Sea Research Part II Topical Studies in Oceanography,2022-09-01,203,,,10.1016/j.dsr2.2022.105155,ar,Article,29,2-s2.0-85136775232,,1,"Surface and subsurface moored buoy, ship-based, remotely sensed, and reanalysis datasets are used to investigate thermal variability of northern Gulf of Alaska (NGA) nearshore, coastal, and offshore waters over synoptic to century-long time scales. NGA sea surface temperature (SST) showed a larger positive trend of 0.22 ± 0.10 °C per decade over 1970–2021 compared to 0.10 ± 0.03 °C per decade over 1900–2021. Over synoptic time scales, SST covariance between two stations is small (<10%) when separation exceeds 100 km, while stations separated by 500 km retain 50% of their co-variability for seasonal and longer fluctuations. Relative to in situ sensor data, remotely sensed SST data has limited accuracy in some NGA settings, capturing 60–70% of the daily SST anomaly in coastal and offshore waters, but often <25% nearshore. North Pacific and NGA leading modes of SST variability leave 25–50% of monthly variance unresolved. Analysis of the 2014–2016 Pacific marine heatwave shows that NGA coastal surface temperatures warmed contemporaneously with offshore waters through 2013, but deep inner shelf waters (200–250 m) exhibited delayed warming. Offshore surface waters cooled from 2014 to 2016, while shelf waters continued to warm from the combined effects of local air-sea and advective heat fluxes. We find that annually averaged Sitka air temperature is a leading predictor (r2 = 0.37, p < 0.05) for following-year NGA coastal water column temperature. Our results can inform future environmental monitoring designs, assist forward-looking projections of marine conditions, and show the importance of in situ measurements for nearshore studies that require knowledge of thermal conditions over time scales of days and weeks.","2,4,5,10,12"
Observing system simulation experiments reveal that subsurface temperature observations improve estimates of circulation and heat content in a dynamic western boundary current,Geoscientific Model Development,2022-08-31,15,17,6541-6565,10.5194/gmd-15-6541-2022,ar,Article,14,2-s2.0-85140408348,,1,"Western boundary currents (WBCs) form the narrow, fast-flowing poleward return flows of the great subtropical ocean gyres and are sources of rapidly varying mesoscale eddies. Accurate simulation of the vertical structure, separation latitude, and ocean heat content of WBCs is important for understanding the poleward transport of heat in the global ocean. However, state estimation and forecasting in WBC regions, such as the East Australian Current (EAC), the WBC of the South Pacific subtropical gyre, is challenging due to their dynamic nature and lack of observations at depth. Here we use observing system simulation experiments to show that subsurface temperature observations in a high eddy kinetic energy region yield large improvement in representation of key EAC circulation features, both downstream and ∼ 600 km upstream of the observing location. These subsurface temperature observations (in concert with sea surface temperature and height measurements) are also critical for correctly representing ocean heat content along the length of the EAC. Furthermore, we find that a more poleward separation latitude leads to an EAC and eddy field that is represented with far reduced error, compared to when the EAC separates closer to the Equator. Our results demonstrate the importance of subsurface observations for accurate state estimation of the EAC and ocean heat content that can lead to marine heatwaves. These results provide useful suggestions for observing system design under different oceanographic regimes, for example, adaptive sampling to target high energy states with more observations and low energy states with fewer observations.","3,4,13"
Governing factors of the record-breaking marine heatwave over the mid-latitude western North Pacific in the summer of 2021,Frontiers in Marine Science,2022-08-08,9,,,10.3389/fmars.2022.946767,ar,Article,19,2-s2.0-85137234671,,1,"During July of 2021, the sea surface temperature of the mid-latitude western North Pacific had increased by five degrees over 10 days. This high temperature was maintained for approximately a month before it disappeared rapidly in approximately five days. The underlying mechanisms of this unprecedented marine heatwave event have not yet been researched through a quantitative approach. The development and decay processes of the marine heatwave event were investigated using heat budget analysis and one-dimensional modeling. In mid-July, an anomalous high-pressure atmospheric circulation, affecting to the reduced cloud coverage and increased solar radiation, anchored where the marine heatwave occurred. The increased solar radiation accompanied by the weakened wind reduced the vertical mixing and resulted in a thinner mixed-layer, which accelerated the sea surface warming. The impact of reduced mixing is as important as the increase in solar radiation. In mid-August, typhoon-induced entrainment mainly caused sea surface cooling. The wind-driven mechanical mixing between warm surface water and cooler subsurface water lowered the SST. Additionally, evaporative cooling by strong winds, which drives buoyancy-driven vertical mixing, contributed to the decay of the MHW. The effect of mechanical mixing on cooling is comparable to that of buoyancy-driven mixing.","4,5,10"
Extent and Magnitude of Subsurface Anomalies During the Northeast Pacific Blob as Measured by Animal-Borne Sensors,Journal of Geophysical Research Oceans,2022-07-01,127,7,,10.1029/2021JC018356,ar,Article,18,2-s2.0-85136800909,,1,"Marine heatwaves (MHWs) are prolonged warm water events that are increasing in frequency and magnitude due to rising global temperatures. The Northeast Pacific Blob was an unusually widespread MHW that affected ecosystems across the Northeast Pacific, from producers to top predators. Temperature and salinity data collected by northern elephant seals (Mirounga angustirostris) from 2014 to 2017 show significant (>2 sd) warm anomalies throughout the top 1,000 m of the water column, with peak warming in late 2015. Using temperature and salinity as a tracer of layers of constant density, we looked at how lateral advection may have contributed to the development of the Blob. Temperature and salinity anomalies and the expansion of the water column at the base of the pycnocline both indicate that northward advection of warm, salty water played an important role in the observed accumulation of warm water, in addition to surface warming. These findings contribute to our understanding of the physical dynamics of the Blob, especially the thermal content and structure of the water column, and offer mechanisms for its formation and maintenance, which are crucial to assessing the ecological effects of MHWs now and in the future.","3,4,13"
Marine Heatwaves and Their Depth Structures on the Northeast U.S. Continental Shelf,Frontiers in Climate,2022-06-15,4,,,10.3389/fclim.2022.857937,ar,Article,27,2-s2.0-85133552031,,1,"Marine Heatwaves (MHWs) are ocean extreme events, characterized by anomalously high temperatures, which can have significant ecological impacts. The Northeast U.S. continental shelf is of great economical importance as it is home to a highly productive ecosystem. Local warming rates exceed the global average and the region experienced multiple MHWs in the last decade with severe consequences for regional fisheries. Due to the lack of subsurface observations, the depth-extent of MHWs is not well-known, which hampers the assessment of impacts on pelagic and benthic ecosystems. This study utilizes a global ocean circulation model with a high-resolution (1/20°) nest in the Atlantic to investigate the depth structure of MHWs and associated drivers on the Northeast U.S. continental shelf. It is shown that MHWs exhibit varying spatial extents, with some only occurring at depth. The highest intensities are found around 100 m depth with temperatures exceeding the climatological mean by up to 7°C, while surface intensities are typically smaller (around 3°C). Distinct vertical structures are associated with different spatial MHW patterns and drivers. Investigation of the co-variability of temperature and salinity reveals that over 80% of MHWs at depth (>50 m) coincide with extreme salinity anomalies. Two case studies provide insight into opposing MHW patterns at the surface and at depth, being forced by anomalous air-sea heat fluxes and Gulf Stream warm core ring interaction, respectively. The results highlight the importance of local ocean dynamics and the need to realistically represent them in climate models.","3,4,10"
Interactions Between a Marine Heatwave and Tropical Cyclone Amphan in the Bay of Bengal in 2020,Frontiers in Climate,2022-06-07,4,,,10.3389/fclim.2022.861477,ar,Article,50,2-s2.0-85133515870,,1,"Interactions are diagnosed between a marine heatwave (MHW) event and tropical super cyclone Amphan in the Bay of Bengal. In May 2020, an MHW developed in the Bay of Bengal driven by coupled ocean-atmosphere processes which included shoaling of the mixed layer depth due to reduced wind speed, increased net surface shortwave radiation flux into the ocean, increased upper ocean stratification, and increased sub-surface warming. Ocean temperature, rather than salinity, dominated the stratification that contributed to the MHW development and the subsurface ocean warming that also increased tropical cyclone heat potential. The presence of this strong MHW with sea surface temperature anomalies >2.5°C in the western Bay of Bengal coincided with the cyclone track and facilitated the rapid intensification of tropical cyclone Amphan to a super cyclone in just 24 h. This rapid intensification of a short-lived tropical cyclone, with a lifespan of 5 days over the ocean, is unprecedented in the Bay of Bengal during the pre-monsoon period (March-May). As the cyclone approached landfall in northern India, the wind-induced mixing deepened the mixed layer, cooled the ocean's surface, and reduced sub-surface warming in the bay, resulting in the demise of the MHW. This study provides new perspectives on the interactions between MHWs and tropical cyclones that could aid in improving the current understanding of compound extreme events that have severe socio-economic consequences in affected countries.","4,6,9"
"Effects of Field Simulated Marine Heatwaves on Sedimentary Organic Matter Quantity, Biochemical Composition, and Degradation Rates",Biology,2022-06-01,11,6,,10.3390/biology11060841,ar,Article,6,2-s2.0-85131678562,,1,"Since rising temperature (T) will enhance biochemical reactions and coastal marine sediments are hotspots of carbon cycling, marine heatwaves’ (MHWs’) intensification caused by climate change will affect coastal biogeochemistry. We investigated the effects of MHWs on sediment organic matter (OM) in a nearshore locality (NW Sardinia, Mediterranean Sea) receiving an artificial warm water plume generating T anomalies of 1.5–5.0 °C. Sediments were collected before and after 3 and 11 weeks from the initial plume release. Both MHWs influenced sedimentary OM quantity, composition, and degradation rates, with major effects associated with the highest T anomaly after 3 weeks. Both MHWs enhanced sedimentary OM contents, with larger effects associated with the highest T anomaly. Phytopigment contents increased in the short term but dropped to initial levels after 11 weeks, suggesting the occurrence of thermal adaptation or stress of microphytobenthos. In the longer term we observed a decrease in the nutritional quality of OM and a slowdown of its turnover mediated by extracellular enzymes, suggestive of a decreased ecosystem functioning. We anticipate that intensification of MHWs will affect benthic communities not only through direct effects on species tolerance but also by altering benthic biogeochemistry and the efficiency of energy transfer towards higher trophic levels.","3,7,11"
Ecosystem-scale mapping of coral species and thermal tolerance,Frontiers in Ecology and the Environment,2022-06-01,20,5,285-291,10.1002/fee.2483,ar,Article,17,2-s2.0-85127354040,,1,"The global decline of coral reefs urgently requires scalable colony-level data about phenotypic variation to improve coral conservation and management. To address this, we leveraged historical bleaching phenotypes, airborne imaging spectroscopy, and recurrent temperature stress to map coral species composition and thermal tolerance across four focal reefs with a cumulative area of ~15 ha. Spectral data accurately distinguished benthic composition and coral species, and showed substantial capacity for mapping thermal tolerance in two species of healthy coral. We used thermal stress from a 2019 marine heatwave to demonstrate high prediction accuracy during a natural bleaching event, and to strengthen the links between predictions, conserved tolerance phenotypes, and spectral signatures. Large differences in the proportion of tolerant corals at individual reefs suggest that ecosystem-scale “winners” and “losers” in future bleaching can be predicted, which may greatly increase the efficacy of management. This framework provides foundational evidence for the applicability of organismic-scale remote sensing to coral conservation.","7,8,9"
"Large-scale, multidecade monitoring data from kelp forest ecosystems in California and Oregon (USA)",Ecology,2022-05-01,103,5,,10.1002/ecy.3630,dp,Data Paper,21,2-s2.0-85127374497,35048367,1,"Kelp forests are among the most productive ecosystems on Earth. In combination with their close proximity to the shore, the productivity and biodiversity of these ecosystems generate a wide range of ecosystem services including supporting (e.g., primary production, habitat), regulating (e.g., water flow, coastal erosion), provisioning (e.g., commercial and recreational fisheries), and cultural (e.g., recreational, artisanal) services. For these reasons, kelp forests have long been the target of ecological studies. However, with few exceptions, these studies have been localized and short term (<5 years). In 1999, recognizing the importance of large-scale, long-term studies for understanding the structure, functioning, and dynamics of coastal marine ecosystems, and for informing policy, the Partnership for Interdisciplinary Studies of Coastal Oceans (PISCO) designed and initiated a large-scale, long-term monitoring study of kelp forest ecosystems along 1400 km of coast stretching from southern California to southern Oregon, USA. The purpose of the study has been to characterize the spatial and temporal patterns of kelp forest ecosystem structure and evaluate the relative contributions of biological and environmental variables derived from external sources (e.g., sea otter density, Chl-a concentration, sea surface temperature, wave energy) in explaining observed spatial and temporal patterns. For this purpose, the ecological community (i.e., density, percent cover, or biomass of conspicuous fishes, invertebrates, and macroalgae) and geomorphological attributes (bottom depth, substratum type, and vertical relief) of kelp forest ecosystems have been surveyed annually using SCUBA divers trained in both scientific diving and data collection techniques and the identification of kelp forest species. The study region spans distinct ecological and biogeographic provinces, which enables investigations of how variation in environmental drivers and distinctive species compositions influence community structure, and its response to climate-related environmental change across a portion of the California Current Large Marine Ecosystem. These data have been used to inform fisheries management, design and evaluate California's state-wide network of marine protected areas (MPAs), and assess the ecological consequences of climate change (e.g., marine heatwaves). Over time, the spatial and temporal design of the monitoring program was adapted to fill its role in evaluating the ecological responses to the establishment of MPAs. There are no copyright restrictions; please cite this paper when data are used.","7,9,11,14"
Why the Mixed Layer Depth Matters When Diagnosing Marine Heatwave Drivers Using a Heat Budget Approach,Frontiers in Climate,2022-03-25,4,,,10.3389/fclim.2022.838017,ar,Article,25,2-s2.0-85128312686,,1,"Marine heatwaves (MHWs) are extreme warming events that can result in significant damage to marine ecosystems and local economies. The primary drivers of these events have been frequently studied using an upper ocean heat budget. However, various surface mixed layer (SML) depths have been used with little attention paid to the impact of the depth chosen on heat budget term estimates. We analyse MHW drivers in two dynamically contrasting regions off the east coast of Australia (East Australian Current extension) and the west coast of New Zealand over a 30-year period (1985–2014, inclusive). We compare the magnitude of the air-sea heatflux and advection terms in a volume-averaged heat budget using three different SML depth estimates. We show that the SML depth over which the heat budget is calculated has direct consequences on the identification of MHW dominant drivers. The air-sea heatflux term is amplified when the SML depth is underestimated and dampened when overestimated. The variation in the magnitude of the advection term is dependent on the barotropic or baroclinic structure of the currents. We, also, show that the impact on MHW driver classification is both temporally and regionally dependent. Generally, a deep SML estimate results in more MHWs being classified as advection and less classified as air-sea heatflux-driven. However, during the cool months, a shallow estimate produces the opposite pattern and to a varying degree of intensity depending on the region's dynamics. Use of daily and spatially variable SML depth in a heat budget calculation allows the comparison between regions with different dynamics influencing the mixed layer depth. These results show that when using a heat budget approach to explore marine heatwaves over extended time and space (e.g., regions and seasons), it is imperative to consider the temporal and spatial variability in the SML depth.","1,4"
An Optimal Precursor of Northeast Pacific Marine Heatwaves and Central Pacific El Niño Events,Geophysical Research Letters,2022-03-16,49,5,,10.1029/2021GL097350,ar,Article,58,2-s2.0-85127213723,,1,"The intensity of Northeast Pacific marine heatwaves (MHWs) has been related to local stochastic atmospheric forcing with limited predictability, but their evolution and persistence may be controlled by large-scale climate influences. A Linear Inverse Model containing both sea surface temperature and sea surface height (SSH) anomalies is used to identify the “optimal” conditions for observed Northeast Pacific MHW events that developed two-to-four seasons later. These optimal initial conditions include SSH anomalies that are responsible for most of the MHW growth, suggesting the relevance of subsurface ocean dynamics. Moreover, Northeast Pacific MHW growth occurs as part of a basin-scale dynamical mode that links the North Pacific to central equatorial Pacific El Niño events, whose subsequent development may lengthen MHW duration.","4,5,10,12"
Marine Heatwaves in the Chesapeake Bay,Frontiers in Marine Science,2022-01-07,8,,,10.3389/fmars.2021.750265,ar,Article,21,2-s2.0-85123201123,,1,"Prolonged events of anomalously warm sea water temperature, or marine heatwaves (MHWs), have major detrimental effects to marine ecosystems and the world's economy. While frequency, duration and intensity of MHWs have been observed to increase in the global oceans, little is known about their potential occurrence and variability in estuarine systems due to limited data in these environments. In the present study we analyzed a novel data set with over three decades of continuous in situ temperature records to investigate MHWs in the largest and most productive estuary in the US: the Chesapeake Bay. MHWs occurred on average twice per year and lasted 11 days, resulting in 22 MHW days per year in the bay. Average intensities of MHWs were 3°C, with maximum peaks varying between 6 and 8°C, and yearly cumulative intensities of 72°C × days on average. Large co-occurrence of MHW events was observed between different regions of the bay (50–65%), and also between Chesapeake Bay and the Mid-Atlantic Bight (40–50%). These large co-occurrences, with relatively short lags (2–5 days), suggest that coherent large-scale air-sea heat flux is the dominant driver of MHWs in this region. MHWs were also linked to large-scale climate modes of variability: enhancement of MHW days in the Upper Bay were associated with the positive phase of Niño 1+2, while enhancement and suppression of MHW days in both the Mid and Lower Bay were associated with positive and negative phases of North Atlantic Oscillation, respectively. Finally, as a result of long-term warming of the Chesapeake Bay, significant trends were detected for MHW frequency, MHW days and yearly cumulative intensity. If these trends persist, by the end of the century the Chesapeake Bay will reach a semi-permanent MHW state, when extreme temperatures will be present over half of the year, and thus could have devastating impacts to the bay ecosystem, exacerbating eutrophication, increasing the severity of hypoxic events, killing benthic communities, causing shifts in species composition and decline in important commercial fishery species. Improving our basic understanding of MHWs in estuarine regions is necessary for their future predictability and to guide management decisions in these valuable environments.","2,5,7,9,10"
Controlling factors of large-scale harmful algal blooms with Karenia selliformis after record-breaking marine heatwaves,Frontiers in Marine Science,2022-01-01,9,,,10.3389/fmars.2022.939393,ar,Article,19,2-s2.0-85146243709,,1,"Unprecedented, large-scale harmful algal blooms (HABs) dominated by Karenia selliformis occurred off the southeastern coast of Hokkaido, Japan, from late September to early November 2021, about a month after intense and extensive marine heatwaves (MHWs) had subsided. The aims of the present study were to understand the mechanism of development, maintenance, and decay of the HABs as well as to investigate the effect of the MHWs on the HABs. We developed a one-dimensional, lower trophic-level ecosystem model (NEMURO+) to simulate the HABs. The model successfully simulated the 2021 HABs and indicated that their development, maintenance, and decay were controlled primarily by changes of water temperature. Nitrate supply from subsurface layers by seasonal vertical diffusion in autumn also helped to maintain the HABs. Vertical diffusion following MHWs in 2021 contributed to the long duration of the preferred temperature for K. selliformis and the occurrence of pre-bloom of K. selliformis, resulting in preconditioning and accelerating the HABs. However, simulations for normal years (i.e., the climatological mean during 2003–2018) showed that HABs could have occurred, even in the absence of MHWs. The simulations indicated that massive blooms of other phytoplankton species (e.g., diatoms) would not have occurred in 2021, even in the absence of a K. selliformis bloom. The implication was that the HABs in 2021 were the species-specific responses of K. selliformis. The proposed mechanism of the HABs was peculiar to our study area and differed from that previously reported for other K. selliformis blooms. Specifically, the preferred temperature for the HABs of K. selliformis was clearly lower than the previously reported preferred temperature of K. selliformis; thus, the physiological characteristics of the K. selliformis that bloomed in our study area differed from those of other K. selliformis strains. These discoveries provide the first evidence to explain how MHWs affect HABs, and to understand how inter-regional dissimilarities of K. selliformis can lead to large-scale, devastating outbreaks under different oceanographic conditions.","6,7,14"
Mesoscale and Submesoscale Shelf-Ocean Exchanges Initialize an Advective Marine Heatwave,Journal of Geophysical Research Oceans,2022-01-01,127,1,,10.1029/2021JC017927,ar,Article,23,2-s2.0-85123702630,,2,"Observations and high-resolution numerical modeling are used to investigate the dynamical processes related to the initiation of an advective Marine Heatwave in the Middle Atlantic Bight of the Northwest Atlantic continental shelf. Both the observations and the model identify two significant cross-shelf intrusions in November 2016 and January 2017, with the latter inducing large-magnitude water mass anomalies across the shelf. Model prognostic fields reveal the importance of the combination of cyclonic eddies or ringlets and upwelling-favorable winds in producing the large-distance cross-shelf penetration and temperature/salinity anomalies. The cyclonic eddies in close proximity to the shelfbreak set up local along-isobath pressure gradients and provide favorable conditions for the intensification of the shelfbreak front, both processes driving cross-isobath intrusions of warm, salty offshore water onto the outer continental shelf. Subsequently, strong and persistent upwelling-favorable winds drive a rapid, bottom intensified cross-shelf penetration in January 2017 composed of the anomalous water mass off the shelfbreak. The along-shelf settings including realistic representation of bathymetric features are essential in the characteristics of the cross-shelf penetration. The results highlight the importance of smaller scale cyclonic eddies and the intricacy of the interplay between multiple processes to drive significant cross-shelf events.","3,4"
Living in a Fluctuating Environment Increases Tolerance to Marine Heatwaves in the Free-Living Coralline Alga Phymatolithon lusitanicum,Frontiers in Marine Science,2021-12-23,8,,,10.3389/fmars.2021.791422,ar,Article,10,2-s2.0-85122351904,,1,"Recently, increased attention is being paid to the importance of environmental history in species’ responses to climate-change related stressors, as more variable and heterogeneous environments are expected to select for higher levels of plasticity in species tolerance traits, compared to stable conditions. For example, organisms inhabiting environments with highly fluctuating thermal regimes might be less susceptible to the increasing frequency and intensity of marine heatwaves (MHWs). In this study, we assessed the metabolic and calcification responses of the rhodolith-bed forming Phymatolithon lusitanicum, from a coastal region that is strongly influenced by frequent changes between upwelling and downwelling conditions, to a simulated MHW scenario, with and without prior exposure to a moderate thermal stress. This allowed determining not only the influence of the species’ long-term thermal history on its resilience against MHWs, but also the rhodoliths capacity for short-term thermal stress memory and its importance during posterior MHW-exposure. Our findings indicate that the rhodoliths experienced negative impacts on daily net primary production (DNP) and calcification (DNC) during the MHW. The effect on the former was only temporary at the beginning of the MHW, while DNC was highly impacted, but exhibited a quick recovery after the event, suggesting a high resilience of the species. Furthermore, prior exposure to a moderate temperature increase, such as those occurring frequently in the natural habitat of the species, mitigated the effects of a subsequent MHW on DNP, while promoting a faster recovery of DNC after the event. Thus, our findings (1) support the hypothesis that benthic organisms living in nearshore habitats may benefit from the natural short-term temperature fluctuations in these environments with an increased resistance to MHW impacts and (2) provide first-time evidence for thermally induced stress memory in coralline algae.","7,11"
Understanding physical drivers of the 2015/16 marine heatwaves in the Northwest Atlantic,Scientific Reports,2021-12-01,11,1,,10.1038/s41598-021-97012-0,ar,Article,29,2-s2.0-85114648893,34475486,1,"The Northwest Atlantic, which has exhibited evidence of accelerated warming compared to the global ocean, also experienced several notable marine heatwaves (MHWs) over the last decade. We analyze spatiotemporal patterns of surface and subsurface temperature structure across the Northwest Atlantic continental shelf and slope to assess the influences of atmospheric and oceanic processes on ocean temperatures. Here we focus on MHWs from 2015/16 and examine their physical drivers using observational and reanalysis products. We find that a combination of jet stream latitudinal position and ocean advection, mainly due to warm core rings shed by the Gulf Stream, plays a role in MHW development. While both atmospheric and oceanic drivers can lead to MHWs they have different temperature signatures with each affecting the vertical structure differently and horizontal spatial patterns of a MHW. Northwest Atlantic MHWs have significant socio-economic impacts and affect commercially important species such as squid and lobster.","4,5,9"
Benthic estuarine communities' contribution to bioturbation under the experimental effect of marine heatwaves,Scientific Reports,2021-12-01,11,1,,10.1038/s41598-021-90720-7,ar,Article,19,2-s2.0-85107421410,34075082,1,"Marine heatwaves are increasing worldwide, with several negative impacts on biological communities and ecosystems. This 24-day study tested heatwaves' effect with distinct duration and recovery periods on benthic estuarine communities' diversity and contribution to ecosystem functioning experimentally. The communities were obtained from a temperate estuary, usually subjected to high daily thermal amplitudes. Our goal was to understand the communities' response to the thermal change, including the community descriptors and behavioural changes expected during heat extremes. We measured community composition and structural changes and the bioturbation process and nutrient release as ecosystem functioning measurements. Overall, our findings highlight the potential tolerance of studied estuarine species to the temperature ranges tested in the study, as community composition and structure were similar, independently of the warming effect. We detected a slight trend for bioturbation and nutrient release increase in the communities under warming, yet these responses were not consistent with the heatwaves exposure duration. Overall, we conclude on the complexity of estuarine communities’ contribution to functioning under warming, and the importance of scalable experiments with benthic organisms' responses to climate variability, accommodating longer time scales and replication. Such an approach would set more efficient expectations towards climate change mitigation or adaptation in temperate estuarine ecosystems.","7,11"
"Progress in understanding of Indian Ocean circulation, variability, air-sea exchange, and impacts on biogeochemistry",Ocean Science,2021-11-26,17,6,1677-1751,10.5194/os-17-1677-2021,re,Review,105,2-s2.0-85120687613,,1,"Over the past decade, our understanding of the Indian Ocean has advanced through concerted efforts toward measuring the ocean circulation and air-sea exchanges, detecting changes in water masses, and linking physical processes to ecologically important variables. New circulation pathways and mechanisms have been discovered that control atmospheric and oceanic mean state and variability. This review brings together new understanding of the ocean-atmosphere system in the Indian Ocean since the last comprehensive review, describing the Indian Ocean circulation patterns, air-sea interactions, and climate variability. Coordinated international focus on the Indian Ocean has motivated the application of new technologies to deliver higher-resolution observations and models of Indian Ocean processes. As a result we are discovering the importance of small-scale processes in setting the large-scale gradients and circulation, interactions between physical and biogeochemical processes, interactions between boundary currents and the interior, and interactions between the surface and the deep ocean. A newly discovered regional climate mode in the southeast Indian Ocean, the Ningaloo Niño, has instigated more regional air-sea coupling and marine heatwave research in the global oceans. In the last decade, we have seen rapid warming of the Indian Ocean overlaid with extremes in the form of marine heatwaves. These events have motivated studies that have delivered new insight into the variability in ocean heat content and exchanges in the Indian Ocean and have highlighted the critical role of the Indian Ocean as a clearing house for anthropogenic heat. This synthesis paper reviews the advances in these areas in the last decade.","4,5,10"
Integrating Oceanographic Data and Benthic Community Structure Temporal Series to Assess the Dynamics of a Marginal Reef,Frontiers in Marine Science,2021-11-01,8,,,10.3389/fmars.2021.762453,ar,Article,7,2-s2.0-85119247686,,1,"Reefs are the richest marine ecosystems. Their benthic communities generate structural complexity and participate in nutrient cycles, providing habitat and food for many marine species. These ecosystems have been threatened by local and global anthropogenic impacts and changes in community structure have led to loss of biodiversity, ecosystem function and services worldwide. Most studies about these structural changes have been conducted in Caribbean and Indo-Pacific coral reefs. In the Southwestern Atlantic, where reefs are naturally algae-dominated, these efforts are incipient, especially at oceanic islands where local anthropic impacts tend to be lower, and natural and climate-induced fluctuations might be easily detected. We conducted the first temporal assessment of benthic communities and the influence of oceanographic parameters between 2013 and 2019 in Fernando de Noronha (FNA), the largest Brazilian oceanic archipelago. We annually sampled benthic communities in FNA’s shallow reefs (2–21 m) using photoquadrats, quantified and gathered organisms in major groups according to their functional roles. We also characterized and tested “sea surface temperature,” “marine heatwaves,” “diffuse attenuation coefficient,” and “wave energy” influence for the same period. The most abundant groups were epilithic algal matrix (EAM; mean annual coverage: 23–60%), macroalgae (15–35%) and calcifiers (15–29%), followed by cyanobacteria (1–37%), suspension/filter-feeders (<2%), zoanthids (<1%) and other invertebrates (<0.1%). EAM was negatively correlated with “marine heatwaves” and positively correlated with “wave energy,” while macroalgae and calcifiers showed opposite responses to “marine heatwaves” and “wave energy,” respectively. Cyanobacteria was positively correlated with “marine heatwaves.” The dominance of EAM and macroalgae was already described for reefs along the Brazilian Province and we demonstrated the persistence of this structure over the years in FNA, with the exception of 2019 when there was a substantial increase of cyanobacteria after a strong marine heatwave. Our results suggest a flickering dynamic between EAM and macroalgae, which vary according to the oceanographic conditions, reinforcing its distinct dynamics from most tropical coral reefs. However, the increase of cyanobacteria added to projections of more frequent and stronger marine heatwaves worldwide indicate possible structural changes in this community. Continued monitoring of community and oceanographic drivers is key for better understanding and predicting changes in important marginal reefs.","3,7,8,10,11"
Marine heatwaves in Siberian arctic seas and adjacent region,Remote Sensing,2021-11-01,13,21,,10.3390/rs13214436,ar,Article,23,2-s2.0-85118737488,,1,"We used a satellite-derived global daily sea surface temperature (SST) dataset with resolution 0.25 × 0.25◦ to analyze interannual changes in the Arctic Shelf seas from 2000 to 2020 and to reveal extreme events in SST distribution. Results show that the second decade of the 21st century for the Siberian Arctic seas turned significantly warmer than the first decade, and the increase in SST in the Arctic seas could be considered in terms of marine heatwaves. Analyzing the spatial distribution of heatwaves and their characteristics, we showed that from 2018 to 2020, the surface warming extended to the northern deep-water region of the Laptev Sea 75◦ to 81◦N. To reveal the most important forcing for the northward extension of the marine heatwaves, we used three-dimensional numerical modeling of the Arctic Ocean based on a sea-ice and ocean model forced by the NCEP/NCAR Reanalysis. The simulation of the Arctic Ocean variability from 2000 to 2020 showed marine heatwaves and their increasing intensity in the northern region of the Kara and Laptev seas, closely connected to the disappearance of ice cover. A series of numerical experiments on the sensitivity of the model showed that the main factors affecting the Arctic sea-ice loss and the formation of anomalous temperature north of the Siberian Arctic seas are equally the thermal and dynamic effects of the atmosphere. Numerical modeling allows us to examine the impact of other physical mechanisms as well. Among them were the state of the ocean and winter sea ice, the formation of fast ice polynias and riverine heat influx.","2,4,5,10"
"Impact of extreme environmental conditions: Foraging behaviour and trophic ecology responses of a diving seabird, the common diving petrel",Progress in Oceanography,2021-11-01,198,,,10.1016/j.pocean.2021.102676,ar,Article,24,2-s2.0-85114451685,,2,"The reproductive success of birds is strongly driven by environmental conditions at different time scales. Thus, during periods of low food availability, breeding success is constrained by the ability of adults to adapt their foraging effort and feeding behaviour to maintain regular incubation shifts and chick provisioning. However, while large seabirds can buffer disruptions in prey availability, the ecophysiological constraints of smaller species may limit their behavioural flexibility. By combining information on at-sea movements, foraging habitat, trophic niche, and breeding success, this study evaluated the effects of intense variability in oceanographic conditions on common diving petrels (Pelecanoides urinatrix) at the northern extent of their range in south-eastern Australia during four consecutive breeding seasons. Unusually low breeding success (6 and 0%) was observed during two years with intense heatwave events, which were associated with higher foraging effort (foraging trips twice longer) and a substantial shift in trophic niche (lower blood δ15N values). These findings suggest that common diving petrels in Bass Strait may have reached a critical threshold above which buffering the effects of environmental variability on their reproductive output is not possible. The clear cascading impacts that marine heatwaves have on zooplankton feeders illustrate the profound bottom-up effect induced by such extreme environmental variations, and suggest strong impact on higher-trophic levels. The wide, circumpolar breeding distribution of the common diving petrel, and its high sensitivity to variations in oceanographic conditions, suggest that this species may be a suitable model to study short-term and long-term behavioural responses to the effects of climate change throughout the Southern Ocean.","7,9,14"
"The effects of climate, oceanography, and habitat on the distribution and abundance of northern California Current continental shelf groundfishes",Fisheries Oceanography,2021-11-01,30,6,707-725,10.1111/fog.12553,ar,Article,3,2-s2.0-85108380157,,0,"The California Current Ecosystem has experienced variable climate regimes, hypoxia, and marine heatwave events that have the potential to impact groundfishes and their associated fisheries. Using bottom trawl survey data collected by NOAA Fisheries, we assessed changes over the last four decades in northern California Current continental shelf (≤200 m) groundfish assemblage composition, species' presence, and relationships to environmental and habitat variables. We focus on the currently understudied continental shelf area, due to its ecological and economic importance, especially after the recent opening of historically important areas to trawling. We found a temporally consistent separation in groundfish assemblages between depth zones based on NMS analysis using species found in over 1% of samples, with shallow, mid-, and deep shelf groupings. Grain size, species richness, and diversity were associated with assemblage composition. Then, focusing on petrale sole, rex sole, lingcod, arrowtooth flounder, sablefish, English sole, Pacific sanddab, and Dover sole, we examined what factors impact groundfish presence and abundance on the shelf. Bottom temperature, sediment characteristics, and depth were correlated with abundance for all species. These results corroborate previous work indicating recent reductions in presence of hypoxia-intolerant species. Shallow-water groundfishes known to tolerate warmer water and low dissolved oxygen concentrations exhibit reductions offshore, possibly a result of low recruitment. There have been significant spatiotemporal changes in the shelf groundfish populations over the past several decades, and while assemblage composition over most of the shelf remains consistent, single species distributional shifts may impact access to target species in newly reopened areas.","5,9,14"
Observed strong subsurface marine heatwaves in the tropical western Pacific Ocean,Environmental Research Letters,2021-10-01,16,10,,10.1088/1748-9326/ac26f2,ar,Article,89,2-s2.0-85116474928,,1,"Marine heatwaves (MHWs), which are discrete extreme oceanic warming events, have important impacts on the marine ecosystem, fishery resources, and social economy. Previous studies based on sea surface temperature suggest that MHWs in the tropical western Pacific Ocean are very weak. However, here we show that the MHWs observed by the Tropical Atmosphere Ocean/Triangle Trans-Ocean Buoy Network buoys in the tropical western Pacific Ocean are unexpectedly strong in the subsurface layer (50-300 m depth). The ensemble mean intensity of subsurface MHWs shows a peak of about 5.2 °C at 150 m, and the maximal mean intensity reaches 8.9 °C at 5° N, 137° E. Subsurface MHWs occur almost every year with an ensemble mean duration ranging from 13 to 22 days, and show no statistically significant correlation with the El Nino-Southern Oscillation index although the subsurface MHWs during La Nina events are slightly stronger and more frequent than during El Nino events. It seems that the subsurface MHWs are strong and frequent in April-June but relatively weaker and less frequent in September and October than in other months. Anomalous sea surface convergence and Ekman down-welling play an important role in the development of subsurface MHWs. Strong subsurface MHWs are likely to affect the fishery production of tropical western Pacific.","3,4,7,9"
"Impacts of heat stress on soft corals, an overlooked and highly vulnerable component of coral reef ecosystems, at a central equatorial Pacific atoll",Biological Conservation,2021-10-01,262,,,10.1016/j.biocon.2021.109328,ar,Article,11,2-s2.0-85115188368,,0,"Climate change threatens coral reefs, with recent heatwaves causing widespread coral bleaching and mortality. Soft corals (order Alcyonacea) provide reef structure and habitat, but most reef research has instead focused on reef-building hard corals (order Scleractinia). Reviewing the primary literature documenting the effects of recent (2014–2020) marine heatwaves on corals, a period including the third global coral bleaching event, we found that only 20% (19/94) of studies presented any results of heat stress effects on soft corals, and even fewer (5%) presented taxonomic-specific results, highlighting the need for further study. Using images (n = 6265) collected on 16 expeditions to the world's largest atoll (Kiritimati; central equatorial Pacific) between 2007 and 2019, we quantified soft coral cover around the atoll's shallow (10-12 m depth) forereefs before and after a prolonged heatwave (the 2015/2016 El Niño). Prior to the heatwave, soft coral accounted for 3.0% of the benthic community, with greater cover at more sheltered sites with lower net primary productivity; Lobophytum and Sinularia were the most common genera. We documented a complete loss of soft coral after the heatwave within our sites. New soft corals were detected in 2019, three years after the heatwave. Photos of individual colonies tracked over time revealed that soft coral structures can persist for several years post-mortality, and hard corals can recruit onto these structures. Our study exposes the vulnerability of soft corals to heat stress, which has received scant previous documentation. Future studies examining the effects of heatwaves on coral bleaching and mortality should include soft corals.","7,8,11"
Oceanic Circulation Drives the Deepest and Longest Marine Heatwaves in the East Australian Current System,Geophysical Research Letters,2021-09-16,48,17,,10.1029/2021GL094785,ar,Article,63,2-s2.0-85114716236,,1,"Although the impacts of marine heatwaves (MHWs) can extend well below the ocean surface, little is known about how oceanic and atmospheric forcings control their vertical structure. Here, we relate the MHW drivers to their sub-surface characteristics in different dynamical regimes including the East Australia Current. We detect MHWs in the depth-dependent surface mixed layer over 30-years and use a heat budget to identify the dominant mechanisms driving them. We show that MHWs in the Western Boundary Current (WBC) jet are predominantly driven by air-sea heatflux whilst in the WBC extension, MHWs are advection-driven. The deepest and longest MHWs are advection-driven and are more prevalent in autumn and winter. Surface (latent) flux-driven MHWs are shallower and occur predominantly in summer. Demonstrating how MHW characteristics are linked to their drivers facilitates their prediction through driver diagnosis, especially below the surface where observations are sparse and ecological impact is high.","3,4,12"
"Deep heat: A comparison of water temperature, anemone bleaching, anemonefish density and reproduction between shallow and mesophotic reefs",Fishes,2021-09-01,6,3,,10.3390/fishes6030037,ar,Article,12,2-s2.0-85115182176,,1,"French Polynesia is experiencing increasing coral bleaching events in shallow waters triggered by thermal anomalies and marine heatwaves linked to climate change, a trend that is replicated worldwide. As sea surface thermal anomalies are assumed to lessen with depth, mesophotic deep reefs have been hypothesized to act as refuges from anthropogenic and natural disturbances, the ‘deep reef refugia hypothesis’ (DRRH). However, evidence supporting the DRRH is either inconclusive or conflicting. We address this by investigating four assumptions of the DRRH focusing on the symbiotic association between anemones and anemonefish. First, we compare long-term temperature conditions between shallow (8 m) and mesophotic sites (50 m) on the island of Moorea from 2011–2020. Second, we compare the densities of the orange-fin anemonefish, Amphiprion chrysopterus between shallow and mesophotic (down to 60 m) reefs across three archipelagos in French Polynesia. Finally, we compare the percentage of anemone bleaching, as well as anemonefish reproduction, between shallow and mesophotic reefs. We found that the water column was well mixed in the cooler austral winter months with only a 0.19◦C difference in temperature between depths, but in the warmer summer months mixing was reduced resulting in a 0.71–1.03◦C temperature difference. However, during thermal anomalies, despite a time lag in warm surface waters reaching mesophotic reefs, there was ultimately a 1.0◦C increase in water temperature at both 8 and 50 m, pushing temperatures over bleaching thresholds at both depths. As such, anemone bleaching was observed in mesophotic reefs during these thermal anomalies, but was buffered compared to the percentage of bleaching in shallower waters, which was nearly five times greater. Our large-scale sampling across French Polynesia found orange-fin anemonefish, A. chrysopterus, in mesophotic zones in two high islands and one atoll across two archipelagos, extending its bathymetric limit to 60 m; however, orange-fin anemonefish densities were either similar to, or 25–92 times lower than in shallower zones. Three spawning events were observed at 50 m, which occurred at a similar frequency to spawning on shallower reefs at the same date. Our findings of thermal anomalies and bleaching in mesophotic reefs, coupled with mainly lower densities of anemonefish in mesophotic populations, suggest that mesophotic reefs show only a limited ability to provide refugia from anthropogenic and natural disturbances.","3,7,8,14"
A Persistent and Intense Marine Heatwave in the Northeast Pacific During 2019–2020,Geophysical Research Letters,2021-07-16,48,13,,10.1029/2021GL093239,ar,Article,74,2-s2.0-85109648734,,0,"Motivated by increasing marine heatwaves (MHWs) and their dramatic climate effects, we analyze the persistent 2019–2020 MHW, which showed significant positive sea surface temperature (SST) anomalies in the Northeast Pacific. Four SST peaks were identified during its evolution, which appeared in November 2019, April, July, and November 2020. Positive temperature anomalies were mostly located within the mixed layer for the first-year winter peak. However, the warm core was centered around 50 m below (at the bottom of) the mixed layer for the summer (second-year winter) peak. The dominant factor for the two wintertime peaks was a surface heat flux anomaly, with reduction in evaporative cooling due to the easterly anomaly. The heat flux and potentially the vertical entrainment combined to induce the peak in spring. In the tropical Pacific, a La Niña event occurred following this MHW, while other recorded double-peak events were associated with El Niño or neutral conditions.","2,4,10"
Robust regional differences in marine heatwaves between transient and stabilization responses at 1.5 °C global warming,Weather and Climate Extremes,2021-06-01,32,,,10.1016/j.wace.2021.100316,ar,Article,10,2-s2.0-85101148313,,1,"The increase in frequency and duration of marine heatwaves (MHWs) under global warming brings great pressure to society. The high vulnerability of ecosystems to MHWs may lead to severe ecological and socioeconomic impacts. Most studies assessed future climate responses at the Paris Agreement temperature goals based on transient, rather than stabilization, model simulations. Here, we investigate the differences between transient and stabilization responses at global warming of 1.5 °C in terms of MHWs. Concentrations of greenhouse gases and response time scales to the anthropogenic forcing differ in these two types of simulations because subsurface ocean temperatures take decades to centuries to adjust under external forcing. While global mean metrics of MHWs show little difference between the transient and stabilization responses, significant regional disparities are revealed worldwide, including many climate change hotspots. Regionally intensified MHWs at stabilized 1.5 °C are mostly due to air-sea interactions and subsurface ocean warming that contributes to the stronger SST warming in eastern boundary upwelling systems and the southern Indian Ocean, indicative of potentially greater impacts on marine ecosystems in these regions. In contrast, MHWs would be alleviated in the central equatorial Pacific and Arctic in stabilization responses. Substantial differences in regional MHWs between the transient and stabilization responses oblige us to reconsider previous assessments regarding 1.5 °C warming and future mitigation pathways.","4,5,10"
Tolerance landscapes can be used to predict species-specific responses to climate change beyond the marine heatwave concept: Using tolerance landscape models for an ecologically meaningful classification of extreme climate events,Estuarine Coastal and Shelf Science,2021-05-05,252,,,10.1016/j.ecss.2021.107284,ar,Article,17,2-s2.0-85101108835,,0,"To predict the responses of organisms to changes in intensity and frequency of heatwaves, it is essential to gain a thorough understanding of how organisms respond to temperature exposure. Species-specific curves are more informative, yet more difficult to ascertain, than the generic heatwave definition (five days or more at a temperature above the 90% percentile) when addressing mortality risk and should be included when predicting thermal risks. The thermal tolerance of organisms is dictated by a combination of exposure intensity and duration: the aim of this study was to build a ‘tolerance landscape’ model, based on exposure thresholds to a potentially stressful temperature range, for the commercially important clam Ruditapes philippinarum using ten years of summer temperature time series in four lagoons in the Northern Adriatic, where this species is being commercially farmed. The model is based on a log-linear relationship between LT50 and exposure time. The two model parameters, i.e. the lethal temperature at 1 min exposure (CTmax), and the temperature sensitivity parameter (z) were estimated on the basis of a systematic literature search. Best-fitting values, i.e. CTmax = 54.5 (±2.3) and z = - 5.72 °C (±0.66) are within the ranges found for other bivalves. Results show that the mortality threshold was exceeded for most lagoons in summertime in 2015, 2017 and 2018 suggesting that the risk of exceeding the mortality threshold is increasing, due to an increase in frequency and duration of extreme temperature events. Comparisons with the generic ‘marine heatwave’ definition showed that, while in some occasions ‘heatwaves’ occurred that were not risky for R. philippinarum, in one case the model identified a time period of mortality risk that would not have been classified under the generic ‘heatwave’ definition. These mismatches suggest that tolerance curves can be a good addition to productivity and site selection models, incorporating a metric of species-specific risk that can be used to predict the consequences of climate change on fishery and aquaculture, and can find their place in conservation and restoration toolkits for forecasting changes in habitat suitability under future climate scenarios.","7,9,14"
Heatwave-induced synchrony within forage fish portfolio disrupts energy flow to top pelagic predators,Global Change Biology,2021-05-01,27,9,1859-1878,10.1111/gcb.15556,ar,Article,119,2-s2.0-85102082927,33577102,1,"During the Pacific marine heatwave of 2014–2016, abundance and quality of several key forage fish species in the Gulf of Alaska were simultaneously reduced throughout the system. Capelin (Mallotus catervarius), sand lance (Ammodytes personatus), and herring (Clupea pallasii) populations were at historically low levels, and within this community abrupt declines in portfolio effects identify trophic instability at the onset of the heatwave. Although compensatory changes in age structure, size, growth or energy content of forage fish were observed to varying degrees among all these forage fish, none were able to fully mitigate adverse impacts of the heatwave, which likely included both top-down and bottom-up forcing. Notably, changes to the demographic structure of forage fish suggested size-selective removals typical of top-down regulation. At the same time, changes in zooplankton communities may have driven bottom-up regulation as copepod community structure shifted toward smaller, warm water species, and euphausiid biomass was reduced owing to the loss of cold-water species. Mediated by these impacts on the forage fish community, an unprecedented disruption of the normal pelagic food web was signaled by higher trophic level disruptions during 2015–2016, when seabirds, marine mammals, and groundfish experienced shifts in distribution, mass mortalities, and reproductive failures. Unlike decadal-scale variability underlying ecosystem regime shifts, the heatwave appeared to temporarily overwhelm the ability of the forage fish community to buffer against changes imposed by warm water anomalies, thereby eliminating any ecological advantages that may have accrued from having a suite of coexisting forage species with differing life-history compensations.","7,9,14"
Two types of warm blobs in the Northeast Pacific and their potential effect on the El Niño,International Journal of Climatology,2021-03-30,41,4,2810-2827,10.1002/joc.6991,ar,Article,25,2-s2.0-85099110743,,0,"In recent years, the predominant marine heatwaves in Northeast Pacific, the so-called warm blobs, have exerted substantial environmental and socioeconomic influences on North America and its coastal waters. We select the historical warm blob events from 1951 to 2018 and divide them into double-peak and single-peak categories by their seasonal evolutions. The heat budget analyses attribute the leading contributor of double-peak warm blobs to the surface heat flux at the first wintertime maximum while the vertical entrainment and diffusion take responsibility for the second peak 5 months later. The positive net heat flux anomalies indicate less heat loss from ocean to the atmosphere due to an exceptionally anomalous high as the northern lobe of the North Pacific Oscillation and intensive easterly anomalies, which counteract with the climatological westerlies. For the single-peak category, the vertical entrainment and diffusion primarily trigger the warm blob and also lead to its termination. Moreover, the single-peak warm blob induces positive sea surface temperature (SST) anomalies near the Baja California and establishes the Pacific Meridional Mode as the oceanic bridge to convey its influence onto the tropics and trigger the following El Niño around 10 months after the peak. In addition, the subsurface processes, such as the trade wind charging mechanism, also play an essential part by bringing warmer water upwards to the surface and hence cause the positive SST anomalies in equatorial central-eastern Pacific. However, the interim connection between the double-peak warm blob and El Niño is not very clear although their intensities appear to be stronger.","2,4,5,10"
Simultaneous recording of filtration and respiration in marine organisms in response to short-term environmental variability,Limnology and Oceanography Methods,2021-03-01,19,3,196-209,10.1002/lom3.10414,ar,Article,17,2-s2.0-85099413341,,1,"Climate change imposes unusual long-term trends in environmental conditions, plus some tremendous shifts in short-term environmental variability, exerting additional stress on marine ecosystems. This paper describes an empirical method that aims to improve our understanding of the performance of benthic filter feeders experiencing changes in environmental conditions, such as temperature, on time scales of minutes to hours, especially during daily cycles or extreme events such as marine heatwaves or hypoxic upwelling. We describe the Fluorometer and Oximeter equipped Flow-through Setup (FOFS), experimental design, and methodological protocols to evaluate the flood of data, enabling researchers to monitor important energy budget traits, including filtration and respiration of benthic filter-feeders in response to fine-tuned environmental variability. FOFS allows online recording of deviations in chlorophyll and dissolved oxygen concentrations induced by the study organism. Transparent data processing through Python scripts provides the possibility to adjust procedures to needs when working in different environmental contexts (e.g., temperature vs. pH, salinity, oxygen, biological cues) and with different filter-feeding species. We successfully demonstrate the functionality of the method through recording responses of Baltic Sea blue mussels (Mytilus) during one-day thermal cycles. This method practically provides a tool to help researchers exposing organisms to environmental variability for some weeks or months, to relate the observed long-term performance responses to short-term energy budget responses, and to explain their findings with the potential to generalize patterns. The method, therefore, allows a more detailed description of stress-response relationships and the detection of species' tolerance limits.","3,7,11"
Multi-year marine cold-spells off the west coast of Australia and effects on fisheries,Journal of Marine Systems,2021-02-01,214,,,10.1016/j.jmarsys.2020.103473,ar,Article,44,2-s2.0-85095875123,,0,"Ocean temperature variability off the west coast of Australia is affected by the El Niño Southern Oscillation from the Pacific, the Indian Ocean Dipole, the Southern Annular Mode, and the regional air-sea coupling mode – the Ningaloo Niño. The modes of climate variability affect the strength of the Leeuwin Current, a warm, poleward-flowing eastern boundary current, and air-sea heat exchanges off the coast, impacting on the upper ocean heat balance and sea surface temperature (SST) variability. After the unprecedented 2010–2011 Ningaloo Niño (extreme marine heatwave) event, the region experienced more marine heatwaves in the following two austral summers, before SST off the coast eventually switched to a multi-year cold phase. This marine cold-spell (MCS) commenced with the 2015–16 El Niño and continued to 2019, when the Niño-4 W region SST was warmed up and Leeuwin Current was weakened. The upper ocean heat content in the southeast Indian Ocean was lowered (thermocline being elevated), due to the reduction of the Indonesian Throughflow transport, and alongshore northward winds strengthened during this period, which allowed thermocline waters to be more efficiently entrained into the surface layer to cool the SST. Thus, several factors might have contributed in the multi-year MCSs. The MCSs was associated with increased primary production in the Leeuwin Current and helped the recovery of benthic species of local fisheries such as Roe's abalone, saucer scallops and Shark Bay's blue swimmer crabs that were significantly affected by the damaging heat stress during the 2011–2013 marine heatwave period.","4,9,10,11"
"Partitioning of marine transition zone reefs among temperate, sub-tropical and tropical fishes is related more to depth and habitat than temperature",Marine Ecology Progress Series,2021-01-01,672,,175-192,10.3354/MEPS13778,ar,Article,4,2-s2.0-85148045724,,0,"Changes in fish communities as oceans warm and cool and competition for space between established and novel species can be evaluated in biogeographic transition zones such as the west coast of Australia. At ~30° S in this region, a cool anomaly occurred in the 2000s, between marine heatwaves. Over 2 yr of that anomaly, surveyed reef fishes were 57% temperate, 18% sub-tropical and 25% tropical. The most numerous fishes included a wrasse, herring, bulls-eye, drummer and damselfish. Based on similarities in the composition of fishes, 7 significant clusters of reefs were identified along a gradation from deep, exposed reefs to shallow, protected lagoonal reefs. Endemic sub-tropical and temperate wrasses and damselfishes typified all reefs. Some of these were ubiquitous over exposed and lagoonal reefs and others prevalent in only one reef type, demonstrating habitat preferences and partitioning among closely related species. This was reflected in the differing order of importance of fishes that typified different reefs. Linear modelling indicated that abiotic (depth, distance from shore) and biotic factors (e.g. algae) explained most of the variation in the fish communities among reefs. Additional variation, particularly within lagoonal reefs, was related to relief, turf and corals, rather than water temperature. Occurrence and reproductive activity of a group of tropical/sub-tropical wrasses and damselfish in some lagoonal reefs with abundant tropical habitats (e.g. corals) suggested that they supported novel communities during cool anomalies. Better predictions of future change and interactions between existing and novel species with environmental cycles requires knowledge of species-specific habitat relationships and biology.","7,14"
Occurrence of Marine Heatwaves along the Northeastern Brazilian coast during 2002 - 2020,Proceedings of the Brazilian Symposium on Geoinformatics,2021-01-01,,,216-221,,cp,Conference Paper,0,2-s2.0-85129430254,,0,"Marine Heatwaves (MHWs) are defined as high-impact events in which the Sea Surface Temperature (SST) stays anomalously high during at least five consecutive days. This events are directly related to mass mortality of organisms, loss of benthic habitat and changes on the biological, economic and political structure. Here we proposed to identify the occurrence of MHWs along the Northeastern Brazilian coast, during 2002-2020. We used MODISAqua/L3SMI products for retrieving the SST, then applied spatial reductions to obtain the temporal series for three major polygons created along the coastline. Time series analysis was carried in order to remove seasonality effects and to identify consecutive extreme events above 98th percentile. The obtained results indicated the presence of eight MHWs between the years 2009, 2010, 2019 and 2020. Ultimately, all these occurrences were classified as strong, severe or ex¬ treme events.","1,2,7,10"
Laboratory-simulated marine heatwave accelerates early embryonic development in the sea urchin Arbacia punctulata at its cold range edge,Invertebrate Reproduction and Development,2021-01-01,65,3,219-225,10.1080/07924259.2021.1933222,ar,Article,1,2-s2.0-85107759777,,0,"Marine heatwaves are discrete periods of anomalously warm sea temperatures that are globally increasing in frequency and intensity. Marine heatwaves that occur in spring and summer may coincide with the developmental timing of sensitive early life-history stages of benthic marine invertebrates. The successful development of these early life stages, along with other physical and biological factors, will determine the abundance of benthic populations. Here, we examine the effects of a laboratory-simulated marine heatwave on early development (fertilization and embryonic cleavage) in the sea urchin Arbacia punctulata taken from its cold (northern) range edge in the Northwest Atlantic. We predicted that a marine heatwave would yield accelerated development given that ambient temperatures at this cold range edge are likely suboptimal for development of A. punctulata. Consistent with this hypothesis, we observed faster fertilization and cleavage rates in a marine heatwave treatment (27.5°C) as compared to an ambient temperature treatment (21.8°C) within the first 3 hours of development. The results contribute to our understanding of how marine heatwaves can affect the earliest life stage of A. punctulata.","7,11"
Depth structure of ningaloo niño/niña events and associated drivers,Journal of Climate,2021-01-01,34,5,1767-1788,10.1175/JCLI-D-19-1020.1,ar,Article,25,2-s2.0-85096590599,,0,"Marine heatwaves along the coast of Western Australia, referred to as Ningaloo Niño, have had dramatic impacts on the ecosystem in the recent decade. A number of local and remote forcing mechanisms have been put forward; however, little is known about the depth structure of such temperature extremes. Utilizing an eddy-active global ocean general circulation model, Ningaloo Niño and the corresponding cold Ningaloo Niña events are investigated between 1958 and 2016, with a focus on their depth structure. The relative roles of buoyancy and wind forcing are inferred from sensitivity experiments. Composites reveal a strong symmetry between cold and warm events in their vertical structure and associated large-scale spatial patterns. Temperature anomalies are largest at the surface, where buoyancy forcing is dominant, and extend down to 300-m depth (or deeper), with wind forcing being the main driver. Large-scale subsurface anomalies arise from a vertical modulation of the thermocline, extending from the western Pacific into the tropical eastern Indian Ocean. The strongest Ningaloo Niños in 2000 and 2011 are unprecedented compound events, where long-lasting high temperatures are accompanied by extreme freshening, which emerges in association with La Niñas, that is more common and persistent during the negative phase of the interdecadal Pacific oscillation. It is shown that Ningaloo Niños during La Niña phases have a distinctively deeper reach and are associated with a strengthening of the Leeuwin Current, while events during El Niño are limited to the surface layer temperatures, likely driven by local atmosphere-ocean feedbacks, without a clear imprint on salinity and velocity.","3,4,10"
Subsurface Evolution and Persistence of Marine Heatwaves in the Northeast Pacific,Geophysical Research Letters,2020-12-16,47,23,,10.1029/2020GL090548,ar,Article,130,2-s2.0-85097582125,,1,"The reappearance of a northeast Pacific marine heatwave (MHW) sounded alarms in late summer 2019 for a warming event on par with the 2013–2016 MHW known as The Blob. Despite these two events having similar magnitudes in surface warming, differences in seasonality and salinity distinguish their evolutions. We compare and contrast the ocean's role in the evolution and persistence of the 2013–2016 and 2019–2020 MHWs using mapped temperature and salinity data from Argo floats. An unusual near-surface freshwater anomaly in the Gulf of Alaska during 2019 increased the stability of the water column, preventing the MHW from penetrating deep as strongly as the 2013–2016 event. This freshwater anomaly likely contributed to the intensification of the MHW by increasing the near-surface buoyancy. The gradual buildup of subsurface heat content throughout 2020 in the region suggests the potential for persistent ecological impacts.","3,4,10,11"
Fifteen years in a global warming hotspot: Changes in subtidal mobile invertebrate communities,Marine Ecology Progress Series,2020-12-10,656,,227-238,10.3354/meps13567,ar,Article,7,2-s2.0-85097787357,,1,"Temperate subtidal reefs are increasingly exposed to gradual warming and short periods of high temperatures (marine heatwaves; MHWs). These pressures can directly and indirectly affect the mobile invertebrate communities on these reefs.We investigate changes in mobile invertebrate communities from benthic surveys 15 yr apart (1999-2001 vs 2016-2019), spanning a 4° latitudinal gradient in Western Australia (30-34° S), expecting the biggest changes to the communities in the lower latitudes, where the cumulative effect of MHWs and warming is largest. The urchins Centrostephanus tenuispinus (warmtemperate affinity) and Phyllacanthus irregularis (cool temperate affinity) showed trends toward opposite responses over time; while P. irregularis densities declined (non-significantly at all sites), C. tenuispinus densities increased (significantly at one of 3 sites). The magnitude of the responses appeared to decrease with in creasing latitude, with C. tenuispinus recorded in significantly higher densities only at the lowest latitude location. Neither the densities, nor change in density over time of cool temperate gastropod Lunella torquatus and urchin Heliocidaris erythrogramma reflected a latitudinal gradient, suggesting other localized factors play a larger role in determining abundances of these species. However, size distributions of L. torquatus populations at the lower latitude locations were clearly impacted by the 2011 MHW, while those at higher latitudes remained relatively consistent. Overall, the biggest changes over time were seen at the warmedge of the temperate ecosystem. As temperatures continue to rise, the magnitude of these changes is not only expected to increase, but also to occur at higher latitudes.","5,7,14"
Essential krill species habitat resolved by seasonal upwelling and ocean circulation models within the large marine ecosystem of the California Current System,Ecography,2020-10-01,43,10,1536-1549,10.1111/ecog.05204,ar,Article,51,2-s2.0-85088233136,,1,"Due to their global distribution, high biomass and energy content, euphausiids (krill) are important prey for many mid and upper trophic level marine organisms. Understanding drivers of krill habitat is essential for forecasting range shifts, and to better understand the response of krill predators to climate change. We hypothesized that the distribution and abundance of krill species derived from ecosystem surveys in spring/summer relates to geomorphic features, coastal upwelling during the preceding winter, and spring mesoscale oceanographic conditions. To test this hypothesis, we used boosted regression trees with environmental data and ocean model output to quantify the habitat associations of two primary krill species (Euphausia pacifica and Thysanoessa spinifera) in the central California Current Ecosystem from 2002 to 2018. Models confirmed the neritic distribution of T. spinifera and pelagic, outer slope association of E. pacifica (deviance explained ~35%). Distribution of these species were influenced by depth and bottom rugosity; chlorophyll-a concentrations and increased winter upwelling conditions; and spring surface currents and wind stress. Thysanoessa spinifera and E. pacifica abundance responded negatively (positively) to warm (cold) climate events, confirming known relationships. As an independent evaluation of krill models, observations of krill predator (seabirds, marine mammals) distribution indicated they were present within habitats of predicted high krill species abundance. Our framework indicates species-specific habitat relationships for these foundational forage species and their negative response to large-scale climate variations, such as El Niño and marine heatwave conditions. The approach can be easily transferred to other ecosystems or krill species that respond to similar ocean and climate forcing.","9,14"
Keeping pace with marine heatwaves,Nature Reviews Earth and Environment,2020-09-01,1,9,482-493,10.1038/s43017-020-0068-4,re,Review,358,2-s2.0-85094878516,,1,"Marine heatwaves (MHWs) are prolonged extreme oceanic warm water events. They can have devastating impacts on marine ecosystems — for example, causing mass coral bleaching and substantial declines in kelp forests and seagrass meadows — with implications for the provision of ecological goods and services. Effective adaptation and mitigation efforts by marine managers can benefit from improved MHW predictions, which at present are inadequate. In this Perspective, we explore MHW predictability on short-term, interannual to decadal, and centennial timescales, focusing on the physical processes that offer prediction. While there may be potential predictability of MHWs days to years in advance, accuracy will vary dramatically depending on the regions and drivers. Skilful MHW prediction has the potential to provide critical information and guidance for marine conservation, fisheries and aquaculture management. However, to develop effective prediction systems, better understanding is needed of the physical drivers, subsurface MHWs, and predictability limits.","3,4,7,9,12"
High rates of carbon and dinitrogen fixation suggest a critical role of benthic pioneer communities in the energy and nutrient dynamics of coral reefs,Functional Ecology,2020-09-01,34,9,1991-2004,10.1111/1365-2435.13625,ar,Article,16,2-s2.0-85088293008,,1,"Following coral mortality in tropical reefs, pioneer communities dominated by filamentous and crustose algae efficiently colonize substrates previously occupied by coral tissue. This phenomenon is particularly common after mass coral mortality following prolonged bleaching events associated with marine heatwaves. Pioneer communities play an important role for the biological succession and reorganization of reefs after disturbance. However, their significance for critical ecosystem functions previously mediated by corals, such as the efficient cycling of carbon (C) and nitrogen (N) within the reef, remains uncertain. We used 96 carbonate tiles to simulate the occurrence of bare substrates after disturbance in a coral reef of the central Red Sea. We measured rates of C and dinitrogen (N2) fixation of pioneer communities on these tiles monthly over an entire year. Coupled with elemental and stable isotope analyses, these measurements provide insights into macronutrient acquisition, export and the influence of seasonality. Pioneer communities exhibited high rates of C and N2 fixation within 4–8 weeks after the introduction of experimental bare substrates. Ranging from 13 to 25 μmol C cm−2 day−1 and 8 to 54 nmol N cm−2 day−1, respectively, C and N2 fixation rates were comparable to reported values for established Red Sea coral reefs. This similarity indicates that pioneer communities may quickly compensate for the loss of benthic productivity by corals. Notably, between 40% and 85% of fixed organic C was exported into the environment, constituting a vital source of energy for the coral reef food web. Our findings suggest that benthic pioneer communities may play a crucial, yet overlooked role in the C and N dynamics of oligotrophic coral reefs by contributing to the input of new C and N after coral mortality. While not substituting other critical ecosystem functions provided by corals (e.g. structural habitat complexity and coastal protection), pioneer communities likely contribute to maintaining coral reef nutrient cycling through the accumulation of biomass and import of macronutrients following coral loss. A free Plain Language Summary can be found within the Supporting Information of this article.","7,8"
Direct and indirect effects of climate change-amplified pulse heat stress events on coral reef fish communities,Ecological Applications,2020-09-01,30,6,,10.1002/eap.2124,ar,Article,51,2-s2.0-85084130031,32167633,1,"Climate change-amplified temperature anomalies pose an imminent threat to coral reef ecosystems. While much focus has been placed on the effects of heat stress on scleractinian corals—including bleaching, mortality, and loss of reef structural complexity—and many studies have documented changes to reef fish communities arising indirectly from shifts in benthic composition, the direct impacts of heat stress on reef fish are much less well understood. Here, we quantify the direct and indirect effects of heat stress on reef fishes, using underwater visual censuses of coral reef fish communities conducted before, during, and after the 2015–2016 El Niño-induced global coral bleaching event. Surveys took place at the epicenter of this event, at 16 sites on Kiritimati (Republic of Kiribati; central equatorial Pacific) spanning across a gradient of local human disturbance. We expected that heat stress would have both direct and indirect negative effects on the reef fish community, with direct effects resulting from physiological stress during the event and indirect effects manifesting afterward as a consequence of coral mortality, and that the ability of fish communities to recover following the heat stress would depend on levels of local human disturbance. We found that total reef fish biomass and abundance declined by >50% during heat stress, likely as a result of vertical migration of fish to cooler waters. One year after the cessation of heat stress, however, total biomass, abundance, and species richness had recovered to, or even exceeded, pre-heat stress levels. However, the biomass of corallivores declined by over 70% following severe coral loss, and reefs exposed to higher levels of local human disturbance showed impaired recovery following the heat stress. These findings enhance understanding of the projected impacts of climate change-associated marine heatwaves on reef fishes, and highlight the interacting effects of local and global stressors on this vital component of coral reef ecosystems.","7,8,9"
Marine Heatwaves in the Arctic Region: Variation in Different Ice Covers,Geophysical Research Letters,2020-08-28,47,16,,10.1029/2020GL089329,ar,Article,33,2-s2.0-85089941894,,0,"This study analyzes marine heatwaves (MHWs) in the Arctic for its variation in multiyear ice (MYI), first-year ice (FYI), and open-water areas. Results show that there is a significant annual growth in MHW frequency, duration, and intensity in the FYI region, especially for intensity. Since 2005, MHW in FYI increases remarkably in summer and the extent of the affected area continues to grow northward. Particularly, severe MHW events mainly occur in the area where sea ice concentration ranges between 0.1 and 0.5. Stratification in the FYI area impedes the deep mixing and downward transmission of energy from solar radiation, resulting in an anomalously high sea surface temperature in the FYI area. The implication is that MHW will keep growing as the extent of FYI in the Arctic increases.","2,5,10,11"
Differential thermal tolerance between algae and corals may trigger the proliferation of algae in coral reefs,Global Change Biology,2020-08-01,26,8,4316-4327,10.1111/gcb.15141,ar,Article,60,2-s2.0-85085596812,32364636,1,"Marine heatwaves can lead to rapid changes in entire communities, including in the case of shallow coral reefs the potential overgrowth of algae. Here we tested experimentally the differential thermal tolerance between algae and coral species from the Red Sea through the measurement of thermal performance curves and the assessment of thermal limits. Differences across functional groups (algae vs. corals) were apparent for two key thermal performance metrics. First, two reef-associated algae species (Halimeda tuna and Turbinaria ornata) had higher lethal thermal limits than two coral species (Pocillopora verrucosa and Stylophora pistillata) conferring those species of algae with a clear advantage during heatwaves by surpassing the thermal threshold of coral survival. Second, the coral species had generally greater deactivation energies for net and gross primary production rates compared to the algae species, indicating greater thermal sensitivity in corals once the optimum temperature is exceeded. Our field surveys in the Red Sea reefs before and after the marine heatwave of 2015 show a change in benthic cover mainly in the southern reefs, where there was a decrease in coral cover and a concomitant increase in algae abundance, mainly turf algae. Our laboratory and field observations indicate that a proliferation of algae might be expected on Red Sea coral reefs with future ocean warming.","7,8,14"
Depth moderates loss of marine foundation species after an extreme marine heatwave: could deep temperate reefs act as a refuge?,Proceedings of the Royal Society B Biological Sciences,2020-06-10,287,1928,,10.1098/rspb.2020.0709,ar,Article,51,2-s2.0-85086355150,32517616,1,"Marine heatwaves (MHWs) have been documented around the world, causing widespread mortality of numerous benthic species on shallow reefs (less than 15 m depth). Deeper habitats are hypothesized to be a potential refuge from environmental extremes, though we have little understanding of the response of deeper benthic communities to MHWs. Here, we show how increasing depth moderates the response of seaweed- and coral-dominated benthic communities to an extreme MHW across a subtropical-temperate biogeographical transition zone. Benthic community composition and key habitat-building species were characterized across three depths (15, 25 and 40 m) before and several times after the 2011 Western Australian MHW to assess resistance during and recovery after the heatwave. We found high natural variability in benthic community composition along the biogeographic transition zone and across depths with a clear shift in the composition after the MHW in shallow (15 m) sites but a lot less in deeper communities (40 m). Most importantly, key habitat-building seaweeds such as Ecklonia radiata and Syctothalia dorycarpa which had catastrophic losses on shallow reefs, remained and were less affected in deeper communities. Evidently, deep reefs have the potential to act as a refuge during MHWs for the foundation species of shallow reefs in this region.","3,7,11"
Significance of Climate Indices to Benthic Conditions Across the Northern North Atlantic and Adjacent Shelf Seas,Frontiers in Marine Science,2020-01-23,7,,,10.3389/fmars.2020.00002,ar,Article,7,2-s2.0-85079049326,,1,"The northern North Atlantic Ocean and its adjacent shelf seas, are influenced by several large-scale physical processes which can be described by various climate indices. Although the signal of these indices on the upper ocean has been investigated, the potential effects on vulnerable benthic ecosystems remains unknown. In this study, we examine the relationship between pertinent climate indices and bottom conditions across the northern North Atlantic region for the first time. Changes are assessed using a composite approach over a 50 year period. We use an objectively-analyzed observational dataset to investigate changes in bottom salinity and potential temperature, and output from a high-resolution ocean model to examine changes in bottom kinetic energy. Statistically significant, and spatially coherent, changes in bottom potential temperature and salinity are seen for the North Atlantic Oscillation (NAO), Atlantic Meridional Overturning Circulation (AMOC), Atlantic Multi-decadal Oscillation (AMO), and Subpolar Gyre (SPG); with statistically significant changes in bottom kinetic energy seen in the subpolar boundary currents for the NAO and AMOC. As the climate indices have multi-annual timescales, changes in bottom conditions may persist for several years exposing sessile benthic ecosystems to sustained changes. Variations in baseline conditions will also alter the likelihood of extreme events such as marine heatwaves, and will modify any longer-term trends. A thorough understanding of natural variability and its effect on benthic conditions is thus essential for the evaluation of future scenarios and management frameworks.","3,4,5,11"
Extreme mortality and reproductive failure of common murres resulting from the northeast Pacific marine heatwave of 2014-2016,Plos One,2020-01-01,15,1,,10.1371/journal.pone.0226087,re,Review,325,2-s2.0-85077107532,31940310,1,"About 62,000 dead or dying common murres (Uria aalge), the trophically dominant fish-eating seabird of the North Pacific, washed ashore between summer 2015 and spring 2016 on beaches from California to Alaska. Most birds were severely emaciated and, so far, no evidence for anything other than starvation was found to explain this mass mortality. Three-quarters of murres were found in the Gulf of Alaska and the remainder along the West Coast. Studies show that only a fraction of birds that die at sea typically wash ashore, and we estimate that total mortality approached 1 million birds. About two-thirds of murres killed were adults, a substantial blow to breeding populations. Additionally, 22 complete reproductive failures were observed at multiple colonies region-wide during (2015) and after (2016–2017) the mass mortality event. Die-offs and breeding failures occur sporadically in murres, but the magnitude, duration and spatial extent of this die-off, associated with multi-colony and multi-year reproductive failures, is unprecedented and astonishing. These events co-occurred with the most powerful marine heatwave on record that persisted through 2014–2016 and created an enormous volume of ocean water (the “Blob”) from California to Alaska with temperatures that exceeded average by 2–3 standard deviations. Other studies indicate that this prolonged heatwave reduced phytoplankton biomass and restructured zooplankton communities in favor of lower-calorie species, while it simultaneously increased metabolically driven food demands of ectothermic forage fish. In response, forage fish quality and quantity diminished. Similarly, large ectothermic groundfish were thought to have increased their demand for forage fish, resulting in greater top-predator demands for diminished forage fish resources. We hypothesize that these bottom-up and top-down forces created an “ectothermic vise” on forage species leading to their system-wide scarcity and resulting in mass mortality of murres and many other fish, bird and mammal species in the region during 2014–2017.","6,7,14"
Observational Insight Into the Subsurface Anomalies of Marine Heatwaves,Frontiers in Marine Science,2019-12-17,6,,,10.3389/fmars.2019.00745,ar,Article,97,2-s2.0-85077316905,,1,"Marine heatwaves (MHWs) are extreme ocean warming events that can have devastating impacts, from biological mortalities to irreversible redistributions within the ocean ecosystem. MHWs are an added concern because they are expected to increase in frequency and duration. To date, our understanding of these extreme ocean temperature events is mainly limited to the surface layers, despite some of the consequences they are known to have on the deep marine environment. In this paper, using data from sea surface temperature (SST) and in situ observations from Argo floats, we investigate the anomalous water characteristics during MHWs down to 2000 m in the western Tasman Sea which is located off the east coast of Australia. Focusing on their vertical extensions, characteristics and potential drivers, we break MHWs down into three categories (1) shallow [0–150 m], (2) intermediate [150–800 m], and (3) deep events [>800 m]. Only shallow events show a relationship between surface temperature anomalies and depth extent, in agreement with a likely surface origin in response to anomalous air-sea fluxes. By contrast, deep events have greater and deeper maximum temperature anomalies than their surface signal (mean of almost 3.4°C at 165 m depth) and are more frequent than expected (>45%), dominating MHWs in winter. They predominantly occur within warm core eddies, which are deep mesoscale anticyclonic structures carrying warm water-mass from the East Australian Current (EAC). This study highlights the importance of MHWs down to 2000 m and the influence of oceanographic circulation on their characteristics. Consequently, we recommend a complementary analysis of sea level anomalies and SST be conducted to improve the prediction of MHW characteristics and impacts, both physical and biological.","3,4,13"
Detecting Marine Heatwaves With Sub-Optimal Data,Frontiers in Marine Science,2019-11-28,6,,,10.3389/fmars.2019.00737,ar,Article,66,2-s2.0-85076686558,,1,"Marine heatwaves (MHWs), or prolonged periods of anomalously warm sea water temperature, have been increasing in duration and intensity globally for decades. However, there are many coastal, oceanic, polar, and sub-surface regions where our ability to detect MHWs is uncertain due to limited high quality data. Here, we investigate the effect that short time series length, missing data, or linear long-term temperature trends may have on the detection of MHWs. We show that MHWs detected in time series as short as 10 years did not have durations or intensities appreciably different from events detected in a standard 30 year long time series. We also show that the output of our MHW algorithm for time series missing less than 25% data did not differ appreciably from a complete time series, and that the level of allowable missing data could cautiously be increased to 50% when gaps were filled by linear interpolation. Finally, linear long-term trends of 0.10°C/decade or greater added to a time series caused larger changes (increases) to the count and duration of detected MHWs than shortening a time series to 10 years or missing more than 25% of the data. The long-term trend in a time series has the largest effect on the detection of MHWs and has the largest range in added uncertainty in the results. Time series length has less of an effect on MHW detection than missing data, but adds a larger range of uncertainty to the results. We provide suggestions for best practices to improve the accuracy of MHW detection with sub-optimal time series and show how the accuracy of these corrections may change regionally.","1,15"
"Marine Heatwave, Harmful Algae Blooms and an Extensive Fish Kill Event During 2013 in South Australia",Frontiers in Marine Science,2019-10-09,6,,,10.3389/fmars.2019.00610,ar,Article,94,2-s2.0-85074136296,,1,"In 2013, South Australia experienced unusually high and variable water temperatures (5°C above the historic average), with a peak sea surface temperature of approximately 27°C over a wide geographic area covering both gulfs and shelf waters. Over the same period and similar geographic area, a prolonged and widespread marine mortality event occurred. From January to May 2013, low level rates of incidental morbidity and mortality of abalone (Haliotis rubra and H. laevigata) and at least 29 fish species were observed. Mortalities were geographically extensive from Port MacDonnell on the South Coast of South Australia to Point Drummond on Eyre Peninsula, and including two gulf systems, spanning approximately 2,900 km of coastline. Mortalities were investigated using gross pathology, histopathology, bacterial culture and polymerase chain reaction (PCR) techniques. Water samples were collected to assess water column nutrient status and phytoplankton biomass levels and community composition. High nutrient concentrations were suggestive of high phytoplankton productivity, with conditions conducive to diatom blooms. A harmful (abrasive) diatom, Chaetoceros coarctatus, was observed in higher concentrations than the historical average. Observed fish mortalities were restricted to a small proportion of the populations and primarily comprised of temperate small-bodied benthic inshore species. Fish histopathology was suggestive of prolonged stress (melanomacrophage aggregation in spleens and kidneys), physical gill damage (focal gill lesions likely caused by C. coarctatus) and lethal bacterial septicaemia. Infectious and notifiable diseases were ruled out in all fish and abalone samples. Abalone mortalities were also restricted to a small proportion of the population with thermal stress a likely contributing factor that resulted in terminal secondary bacterial infections. A marine heatwave event, which promoted blooms of algae, including C. coarctatus, was likely the primary cause of widespread marine mortalities throughout South Australia in 2013. With marine heatwaves projected to increase in frequency, duration and spatial extent, this investigation demonstrated that most at risk will be temperate species in shallow water habitats already at their upper thermal tolerance limits, particularly those with high site fidelity. This should be considered in future climate proofing strategies, including risk and impact assessments underpinning the management of marine resources, fisheries, aquaculture and ecotourism.","5,7,9,14"
Past Variability of Mediterranean Sea Marine Heatwaves,Geophysical Research Letters,2019-08-28,46,16,9813-9823,10.1029/2019GL082933,ar,Article,117,2-s2.0-85071413644,,1,"Marine heatwaves (MHWs) are episodes of anomalous warming in the ocean, responsible for widespread impacts on marine ecosystems. For the first time summer MHW variability at surface and three ecosystem-relevant depths of the upper Mediterranean Sea are assessed here for 1982–2017. We apply a MHW detection algorithm on a hindcast simulation, performed with a high-resolution, fully coupled regional climate system model. Identified surface events last, on average, 15 days with a mean intensity of 0.6 °C above threshold and a maximum sea surface coverage of around 39%. Subsurface events are seasonally shifted and appear, on average, longer and more intense but less frequent and less extended in space than surface MHWs. We also find significant trends of increase in most MHW properties throughout the period, with severe surface MHWs detected for the first time in 2012, 2015, and 2017. However, MHW spatial ≪ hot spots ≫ are inhomogeneously distributed in surface and deeper layers.","1,2,3,5,10"
The 2014–2017 global-scale coral bleaching event: insights and impacts,Coral Reefs,2019-08-15,38,4,539-545,10.1007/s00338-019-01844-2,ar,Article,340,2-s2.0-85069447639,,1,"2014–2017 was an unprecedented period of successive record-breaking hot years, which coincided with the most severe, widespread, and longest-lasting global-scale coral bleaching event ever recorded. The 2014–2017 global-scale coral bleaching event (GCBE) resulted in very high coral mortality on many reefs, rapid deterioration of reef structures, and far-reaching environmental impacts. Through the papers in this special issue of Coral Reefs entitled The 2014–2017 Global Coral Bleaching Event: Drivers, Impacts, and Lessons Learned, as well as papers published elsewhere, we have a good analysis of the 2014–2017 GCBE and its impacts. These studies have provided key insights into how climate change-driven marine heatwaves are destroying coral reef ecosystems: (a) The 2014–2017 GCBE is unique in the satellite record in its spatial scale, duration, intensity, and repetition of bleaching. (b) The impacts have been the most severe ever seen at many reefs. (c) Timing of observations matters and needs to be considered during the analysis of impacts. (d) On both global and local scales, the intensity of heat stress and impacts varied. (e) We continue to see important differences among and within coral taxa, with key roles played by algal symbionts and the microbiome. (f) Heat stress and bleaching both play a role in subsequent disease, which plays a key role in mortality. (g) Impacts ripple far beyond corals, with significant changes to the fish and invertebrate community that may last decades. (h) The structure of both individual coral’s skeletons and entire reefs has been eroded much more quickly than previously realized. (i) The 2014–2017 GCBE provided little support for the proposed “lifeboat” hypothesis, whereby deep or mesophotic reefs serve as a means of coral reef salvation. (j) While marine protected areas (MPAs) provide protection from local stressors, they not only do not protect reefs from global-scale stressors, but also here is also little evidence they provide significant resilience.","5,7,8"
"‘The Blob’ - or, how unusual were ocean temperatures in the Northeast Pacific during 2014-2018?",Deep Sea Research Part I Oceanographic Research Papers,2019-08-01,150,,,10.1016/j.dsr.2019.06.007,ar,Article,16,2-s2.0-85067690735,,0,"Strongly positive sea-surface temperature anomalies developed in the Northeast Pacific Ocean during the winter of 2013/14. Sea-surface temperature anomalies near Station Papa, in the Gulf of Alaska, were more than 4.5 standard deviations above normal. Temperature anomalies in excess of 4 standard deviations were still present subsurface into 2017. Such departures from climatology raises this event from unusual to extraordinary. On the principle that an extraordinary observation needs extraordinary proof, in this paper we examine three datasets that are completely independent of each other and examine how closely those datasets correspond with each other. The correspondence is found to be close. We also discuss the statistical interpretation and probability that a 4.5σ departure from normal can occur.","1,2,5,10,15"
How “The Blob” affected groundfish distributions in the Gulf of Alaska,Fisheries Oceanography,2019-07-01,28,4,434-453,10.1111/fog.12422,ar,Article,45,2-s2.0-85061328103,,0,"We investigated the distributional shifts of groundfish in response to anomalous ocean conditions, particularly the recent anomalously warm period (2014–2016; “The Blob”), based on data from ten Gulf of Alaska bottom trawl surveys conducted by the Alaska Fisheries Science Center during 1996–2015. Six groundfish species were considered: Pacific cod (Gadus macrocephalus), arrowtooth flounder (Atheresthes stomias), walleye pollock (Gadus chalcogrammus), Pacific ocean perch (Sebastes alutus), northern rock sole (Lepidopsetta polyxystra), and southern rock sole (Lepidopsetta bilineata). Ontogenetic differences were examined by dividing data for each fish species into size classes. Our study demonstrated that after accounting for size-specific depth preferences, the spatial responses of groundfish to anomalous ocean conditions differed by species and foraging guild in the central Gulf of Alaska. Pacific cod and arrowtooth flounder showed similar responses to ocean warming, but different responses to cooling. In general, Pacific cod moved to deeper depths in warmer years and moved to shallower depths in colder years. Arrowtooth flounder also moved deeper in warmer years. However, in colder years, large arrowtooth flounder (>40 cm) shifted toward shallower depths while smaller-sized fish shifted toward deeper depths. In warmer years, large pollock (>30 cm) moved to deeper waters while smaller pollock (10–20 cm) moved to shallower waters. Pacific ocean perch exhibited an opposite response to thermal changes in habitat compared with Pacific cod and arrowtooth flounder. They moved deeper in colder years, but there was no clear change in depth as a function of size in response to warmer habitat.","9,14"
Impact of marine heatwaves on chlorophyll: A variability using Geostationary Ocean Color Imager (GOCI),Proceedings of SPIE the International Society for Optical Engineering,2019-01-01,11156,,,10.1117/12.2532956,cp,Conference Paper,0,2-s2.0-85075838935,,0,"Using the world's first ocean color sensor at a geostationary orbit (Geostationary Ocean Color Imager; GOCI), we examine the relationship between satellite-derived chlorophyll-a concentration and MH events over the East China Sea during recent summers from 2016 to 2018. MH events usually arise in July and August over the study domain. When compared with the average of three days before and after MH events, the chlorophyll-a concentration since MH event occurrence tends to decrease from GOCI satellite images. Previous studies mentioned that the increased sea surface temperature (SST) enhances the stratification in upper ocean surface layer. Strong stratification derives the weak upwelling and the limited supply of nutrients from the deep to surface. These preliminary results show a possibility of real-time application of the geostationary ocean color satellite images for an immediate change in marine ecosystem caused by the extreme ocean warming event.","2,4,7,11"
"Impacts of ocean warming on coralline algal calcification: Meta-analysis, knowledge gaps, and key recommendations for future research",Frontiers in Marine Science,2019-01-01,6,May,,10.3389/fmars.2019.00186,re,Review,99,2-s2.0-85065439733,,1,"Coralline algae are foundation species in many hard-bottom ecosystems acting as a settlement substrate, and binding together and even creating reefs in some locations. Ocean acidification is known to be a major threat to coralline algae. However, the effects of ocean warming are less certain. Here we bring multiple lines of evidence together to discuss the potential impacts of ocean warming on these ecologically crucial taxa. We use a meta-analysis of 40 responses within 14 different studies available which assessed the effects of increasing temperature on coralline algal calcification in laboratory experiments. We find a net negative impact of increasing temperature on coralline algal calcification at 5.2°C above ambient conditions. Conversely, negative effects are observed when temperature drops below 2.0°C from ambient conditions. We propose that some coralline algae will be more capable of both acclimatizing and locally adapting to increasing ocean temperatures over the coming decades. This is because many species possess short generation times, the ability to opportunistically rapidly utilize open space, and relatively high phenotypic plasticity. However, less resistant and resilient species will be those that are long-lived, those with long generation times, or with narrow thermal tolerances (e.g., tropical taxa living close to their thermal maxima). Additionally, ocean warming will occur simultaneously with ocean acidification, a potentially greater threat to coralline algae, which could also reduce any tolerance to ocean warming for many species. To maximize the potential to accurately determine how coralline algae will respond to future ocean warming and marine heatwaves, future research should use environmentally relevant temperature treatments, use appropriate acclimation times and follow best practices in experimental design.","7,8,11"
Drivers of species richness and abundance of marine macrophytes on shallow tropical reefs of north-western Australia,Journal of Biogeography,2019-01-01,46,1,170-184,10.1111/jbi.13470,ar,Article,12,2-s2.0-85058085471,,0,"Aim: Marine macrophytes are important components of tropical reefs that are influenced by environmental conditions and biotic interactions. Here, we aimed to identify the factors that shape macrophyte communities on shallow reefs in a region with limited anthropogenic impacts, but that is influenced by periodic disturbances from cyclones and marine heatwaves. Location: Pilbara coast, Western Australia. Methods: Macrophyte species richness and biomass were assessed at 75 shallow reefs along 300 km of shoreline in November 2013 and May 2014. The influence of 28 predictor variables including seascape descriptors, physico-chemical variables, and herbivore abundances were evaluated using distance based linear models (DistLM), redundancy analyses (dbRDA), and full-subsets multiple regressions. Results: We identified 188 macrophyte species; 60% were Rhodophyta, whereas Phaeophyceae made up 67% of the biomass. Macrophyte assemblages did not show any broad-scale patterns but a number of key drivers were identified, including sea surface temperature, salinity, and sediment uniformity. Two of the main predictors of macrophyte abundance and species richness were rugosity and coral cover rather than herbivory, unlike what has been demonstrated for many reefs globally. Availability of space therefore appears to be a major factor on these reefs and it is possible that macrophytes benefit from periodic disturbances as they can free up space through physical removal of organisms. Main conclusions: Macrophyte assemblages along the Pilbara coast show no distinct large-scale patterns; instead, local biotic and environmental drivers such as rugosity appear to be structuring assemblages. We propose that natural disturbance plays a key role on these shallow reefs by increasing substrate availability. Data on the long-term community structure of macroalgae, in particular how communities respond to heatwaves and cyclones, would improve our ability to manage these reefs and predict potential “phase shifts” which can have severe ecological and economic consequences.","7,9,11"
Low-frequency isopycnal variability in the Alaska Gyre from Argo,Progress in Oceanography,2018-11-01,168,,310-324,10.1016/j.pocean.2018.09.014,ar,Article,6,2-s2.0-85055735424,,0,"The deployment of a large number of Argo floats in the northeast Pacific Ocean since 2001 has led to a great increase in the volume of data available to study the regional variability on interannual to decadal time scales. In this paper, gridded fields of hydrographic data from Argo are used to examine the low-frequency variability of representative isopycnal surfaces over the Alaska Gyre in the eastern subpolar North Pacific. Anomalies in the depth of isopycnal surfaces and spice anomalies on these surfaces are considered over the 14 year period, 2004–2017. An EOF analysis is used to characterize the variability occurring at large scales over the region. The leading mode of isopycnal depth anomalies through the upper 1000 m of the water column is found to be related to the Pacific Decadal Oscillation. The response of a stochastic climate model driven by local Ekman pumping is shown to give a reasonable account of variability in the depth of the shallow main pycnocline over the Alaska Gyre, although ocean dynamics must play a role in shaping the spatial response to the wind forcing. Evidence is presented for counter-propagating isopycnal depth anomalies in the Subarctic Current. At the depth of the main pycnocline, propagation is dominated by disturbances that are advected eastward by the mean flow. At greater depths, isopycnal depth anomalies propagate westward at approximately twice the speed of first mode, long baroclinic Rossby waves, consistent with the propagation of Rossby waves seen in altimetric observations of sea surface height variability. The eastward advection of spice anomalies is also evident in the upper ocean. However, the dominant signal in the record is a large-scale positive spice anomaly that forms locally on subsurface isopycnals. Evidence is presented that this anomaly arises mainly from the downward diffusion across the pycnocline of heat associated with the marine heatwave of 2013–14 over the northeast Pacific. The extent to which anomalies are generated locally may limit the potential for decadal prediction of upper ocean conditions over the region.","3,4,5,13"
Asymmetric Cloud-Shortwave Radiation-Sea Surface Temperature Feedback of Ningaloo Niño/Niña,Geophysical Research Letters,2018-09-28,45,18,9870-9879,10.1029/2018GL079869,ar,Article,22,2-s2.0-85053906344,,0,"Using observational and reanalysis data, the cloud-shortwave radiation-sea surface temperature (SST) feedback in the Ningaloo Niño/Niña region off the west coast of Australia is examined. It is found that this feedback operates as a negative feedback for positive SST anomalies and as a positive feedback for negative SST anomalies. This asymmetry is due to variation in the dominant cloud amount with SST. For positive SST anomalies, a decrease in the shortwave radiation resulting from an increase in high cloud amount associated with deep convection prevails, because SSTs in this region are relatively high compared to other eastern boundary regions and close to the convective threshold. Conversely, the region is under the influence of the subtropical high, and a decrease in the surface shortwave radiation associated with an increase in low cloud amount is dominant for negative SST anomalies.",4
Warming From Recent Marine Heatwave Lingers in Deep British Columbia Fjord,Geophysical Research Letters,2018-09-28,45,18,9757-9764,10.1029/2018GL078971,ar,Article,74,2-s2.0-85053707616,,1,"While satellite data indicate that the surface expression of the North Pacific marine heatwave, nicknamed “The Blob,” disappeared in late 2016, Argo float and ship-based conductivity-temperature-depth data show that warm conditions persisted below the surface mixed layer through at least March 2018. We trace this anomalously warm subsurface water from the open ocean through Queen Charlotte Sound to Rivers Inlet, on British Columbia's central coast. In Rivers Inlet, deep water below the sill depth continues to be 0.3° to 0.6 °C warmer than the monthly average, suggesting that impacts of this marine heatwave have persisted in coastal waters at least 4 years after its onset, with potentially substantial effects on coastal ecosystems.","3,7"
"Marine heatwaves off eastern Tasmania: Trends, interannual variability, and predictability",Progress in Oceanography,2018-02-01,161,,116-130,10.1016/j.pocean.2018.02.007,ar,Article,121,2-s2.0-85042308038,,0,"Surface waters off eastern Tasmania are a global warming hotspot. Here, mean temperatures have been rising over several decades at nearly four times the global average rate, with concomitant changes in extreme temperatures – marine heatwaves. These changes have recently caused the marine biodiversity, fisheries and aquaculture industries off Tasmania's east coast to come under stress. In this study we quantify the long-term trends, variability and predictability of marine heatwaves off eastern Tasmania. We use a high-resolution ocean model for Tasmania's eastern continental shelf. The ocean state over the 1993–2015 period is hindcast, providing daily estimates of the three-dimensional temperature and circulation fields. Marine heatwaves are identified at the surface and subsurface from ocean temperature time series using a consistent definition. Trends in marine heatwave frequency are positive nearly everywhere and annual marine heatwave days and penetration depths indicate significant positive changes, particularly off southeastern Tasmania. A decomposition into modes of variability indicates that the East Australian Current is the dominant driver of marine heatwaves across the domain. Self-organising maps are used to identify 12 marine heatwave types, each with its own regionality, seasonality, and associated large-scale oceanic and atmospheric circulation patterns. The implications of this work for marine ecosystems and their management were revealed through review of past impacts and stakeholder discussions regarding use of these data.","1,5,7,10,12"
Seasonal climate summary for the southern hemisphere (autumn 2016): El Niño slips into neutral and a negative Indian Ocean Dipole develops,Journal of Southern Hemisphere Earth Systems Science,2018-01-01,68,1,124-146,10.22499/3.6801.007,re,Review,4,2-s2.0-85069781570,,1,"This is a summary of the southern hemisphere atmospheric circulation patterns and meteorological indices for autumn 2016; an account of seasonal rainfall and temperature for the Australian region is also provided. While autumn began with a weak El Niño signal in the Pacific, the decay of the El Niño was evident with subsurface temperatures in the central and eastern Pacific continuing to cool. Later in the season, the Indian Ocean Dipole (IOD) transitioned to a negative phase. The negative IOD combined with warm water to Australia's north channeled warm, moisture-laden air over the continent; unseasonable rainfall ensued, over eastern and northern Australia and New Zealand's western coastal areas during May. Temperatures averaged over the southern hemisphere were record warm for autumn, both for land and ocean areas; separately or combined. For Australia, autumn arrived during a significant and prolonged heatwave that contributed to the warmest autumn on record for Australia. The elevated sea surface temperatures (SSTs) recorded in the Australian region earlier in the year persisted, and were warmest on record for autumn. Warm SSTs led to a global coral bleaching event affecting reefs in tropical waters; while, in extra-tropical waters, diminished kelp forests were observed. In the Australian region, reefs off the northwestern coast and, in northern areas of the Great Barrier Reef, were bleached. The most severe marine heatwave since records began was recorded in the Great Barrier Reef lagoon.","2,5,6,8,9,10"
Subsurface intensification of marine heatwaves off southeastern Australia: The role of stratification and local winds,Geophysical Research Letters,2017-05-28,44,10,5025-5033,10.1002/2017GL073714,ar,Article,128,2-s2.0-85021190968,,0,"Marine heatwaves (MHWs) are becoming more common with record events occurring around the world and unprecedented biological impacts including mass mortality and habitat shifts. However, little is known about the statistical characteristics of MHWs due to the lack of long-term in situ observations. Using two historical data sets spanning from 1953 (and 1992) to 2016, we use a seasonally varying climatology and temperature anomalies to identify and characterize MHW events down to 100 m depth in coastal waters off southeastern Australia. We show that MHWs regularly extend the full depth of the water column, with a maximum intensity below the surface. Extreme temperatures at depth are driven by local downwelling favorable winds that mix the water column and reduce the stratification. These results show the importance of considering subsurface hydrography and that sea surface temperature is insufficient to fully understand MHWs which are having disastrous ecological consequences in coastal regions globally.","3,4,7"
Regional-scale variability in the response of benthic macroinvertebrate assemblages to a marine heatwave,Marine Ecology Progress Series,2017-03-24,568,,17-30,10.3354/meps12080,ar,Article,65,2-s2.0-85020417936,,2,"Extreme climatic events are predicted to increase in severity as a consequence of anthropogenic climate change. In marine ecosystems, the importance of marine heatwaves (MHWs)-discrete periods of anomalously high sea temperatures-is gaining recognition. In 2011, the highest-magnitude MHW ever recorded impacted the west coast of Australia (southeast Indian Ocean). The MHW was associated with widespread mortality of habitat-forming species, including corals and kelps, and structural changes in assemblages of macroalgae and fish. However, the responses of benthic macroinvertebrate assemblages have not yet been fully documented. Here, we resurveyed 2 subtidal habitat types (reef 'flats' and 'slopes') at 4 locations (spanning >800 km of coastline and >6° of latitude) during the period 1999-2015 to examine the effects of the 2011 MHW on herbivorous macroinvertebrates (i.e. sea urchins, gastropod molluscs). Responses to the MHW varied with latitude; at our warmest study location, abundances were severely depleted, whereas no effects were detected at the coolest location. Across the entire study region, subtle but significant shifts in assemblage structure were observed due to decreased abundances of more southerly-distributed species (i.e. 'cool' affinity) and increased abundances of several more northerly-distributed species (i.e. 'warm' affinity). The 2011 MHW has had profound effects on the marine biota off the west coast of Australia, across multiple trophic levels and taxonomic groups. Here, as in many other regions, contemporary warming events are superimposed onto gradual warming trends, increasing the likelihood of abrupt changes in ecosystem structure and functioning.","7,11,14"
"Crustose coralline algal growth, calcification and mortality following a marine heatwave in Western Australia",Continental Shelf Research,2015-09-01,106,,38-44,10.1016/j.csr.2015.07.003,ar,Article,49,2-s2.0-84937010424,,0,"Crustose coralline algae (CCA: Corallinaceae, Rhodophyta) are ubiquitous components of many benthic habitats and play a critical ecological role by contributing significantly to their structural complexity and diversity. During the austral summer of 2010-2011 a ""marine heatwave"" severely impacted marine communities along the coast of Western Australia (WA). The heatwave was characterised by anomalously high seawater temperatures throughout that summer and, to a lesser extent, for the two summers thereafter. To investigate coralline algal response to heating we measured growth, calcification and mortality rates for Hydrolithoideae CCA at Marmion Lagoon off of Perth, WA, from winter 2011 to winter 2013, directly following the 2010-2011 heatwave. Seawater carbonate chemistry and temperature were also measured to facilitate a more complete understanding of the various drivers of coralline algal metabolism. Extension and calcification rates were generally within the expected ranges, however, normal seasonal patterns were not observed. Instead, there was a distinct lack of seasonality in growth rates and high rates of mortality during summer suggesting that these coralline algae were experiencing stress, which was likely related to anomalously high seawater temperatures. Our results indicate that Western Australian CCA are susceptible to prolonged heating events, and the extent of their vulnerability may be dependant on species-specific tolerance levels as well as additional ecological and environmental factors.","7,8,11"
