event_id,display_date,end_range,sort_year,age_ma,year_ce,nonlinear_time_bin,suggested_nonlinear_coordinate,headline,significance,event_category,knowledge_frame,regional_track,location,reef_system,why_it_matters,source_1_title,source_1_url,source_1_type,source_2_title,source_2_url,source_2_type,confidence,animation_priority,editorial_notes,category,category_group,evidence_type,is_projection,proj_year,proj_pub_year,proj_scenario,proj_quote,proj_quote_note,proj_undated,abstract_agreement,abstract_src,basic_headline,basic_significance,basic_why,basic_links
CR-001,c. 3.48 Ga,,-3480000000,3480,,Deep time: >100 Ma,9.541579,Earliest strong evidence for reef-like stromatolites,Layered microbial structures in the Pilbara record show that communities were building persistent carbonate structures very early in Earth history.,Geological formation,Geological evidence,Global deep time,"Pilbara, Western Australia",Microbial reef antecedents,Establishes the deep biological ancestry of reef construction.,"Allwood et al. (2006), Stromatolite reef from the Early Archaean era of Australia",https://doi.org/10.1038/nature04764,Primary research,"Grotzinger & Knoll (1999), Stromatolites in Precambrian carbonates",https://doi.org/10.1146/annurev.earth.27.1.313,Synthesis,High,Core,,Origins & evolution,Reef change,Geological & fossil evidence,,,,,,,,,,The oldest clear signs of reef like stromatolites,Stromatolites are layered structures built by communities of tiny microbes. Rocks from the Pilbara show that such communities were building long lasting carbonate structures very early in Earth's history.,It shows that reef building goes back very deep into the history of life.,"[{""t"": ""Stromatolite | Fossilized, Microbial Mats | Britannica"", ""u"": ""https://www.britannica.com/science/stromatolite"", ""p"": ""Encyclopaedia Britannica"", ""s"": ""Stromatolites and the earliest reef-like life""}]"
CR-002,c. 1.8–0.8 Ga,to c. 0.8 Ga,-1800000000,1800,,Deep time: >100 Ma,9.255273,Proterozoic microbial reefs become widespread,Stromatolite and microbialite systems dominate many shallow carbonate platforms before animal reef builders become important.,Geological formation,Geological evidence,Global deep time,Global carbonate platforms,Microbial reefs,Provides the long pre-coral history of reef ecosystems.,"Grotzinger & Knoll (1999), Stromatolites in Precambrian carbonates",https://doi.org/10.1146/annurev.earth.27.1.313,Synthesis,"Kiessling (2009), Geologic and biologic controls on the evolution of reefs",https://doi.org/10.1146/annurev.ecolsys.110308.120251,Synthesis,High,Supporting,,Origins & evolution,Reef change,Geological & fossil evidence,,,,,,,,,,Reefs built by microbes become widespread,Reef systems built by microbes were the main structures on many shallow carbonate platforms. This was before animal reef builders became important.,It gives reef ecosystems a long history from before corals existed.,"[{""t"": ""Stromatolite | Fossilized, Microbial Mats | Britannica"", ""u"": ""https://www.britannica.com/science/stromatolite"", ""p"": ""Encyclopaedia Britannica"", ""s"": ""Stromatolites and the earliest reef-like life""}]"
CR-003,c. 550–541 Ma,,-550000000,550,,Deep time: >100 Ma,8.740364,First metazoan framework reefs,Cloudina–Namacalathus and modular Namapoikia communities formed rigid frameworks near the end of the Ediacaran.,Evolutionary milestone,Geological evidence,Global deep time,Namibia and other Ediacaran basins,Early animal reefs,Marks the transition from purely microbial to animal-supported reefs.,"Wood et al. (2002), Proterozoic modular biomineralized metazoan from Namibia",https://doi.org/10.1126/science.1071599,Primary research,"Kiessling et al. (2010), Reefs as cradles of evolution and sources of biodiversity",https://doi.org/10.1126/science.1182241,Primary database analysis,High,Core,,Origins & evolution,Reef change,Geological & fossil evidence,,,,,,,,,,The first reefs with frameworks built by animals,"Near the end of the Ediacaran, communities of early animals called Cloudina, Namacalathus and Namapoikia built rigid frameworks.",It marks the change from reefs made only by microbes to reefs held up by animals.,"[{""t"": ""Ocean Through Time | Smithsonian Ocean"", ""u"": ""https://ocean.si.edu/through-time/ocean-through-time"", ""p"": ""Smithsonian Ocean (National Museum of Natural History)"", ""s"": ""Ancient seas and reefs through deep time""}]"
CR-004,c. 530–520 Ma,,-530000000,530,,Deep time: >100 Ma,8.724278,Archaeocyath sponge reefs proliferate,Archaeocyaths became the first globally important skeletal animal reef builders in the Early Cambrian.,Evolutionary milestone,Geological evidence,Global deep time,Low-latitude Cambrian seas,Archaeocyath reefs,First major radiation of animal-built reefs.,"Kiessling et al. (2010), Reefs as cradles of evolution and sources of biodiversity",https://doi.org/10.1126/science.1182241,Primary database analysis,"Kiessling (2009), Geologic and biologic controls on the evolution of reefs",https://doi.org/10.1146/annurev.ecolsys.110308.120251,Synthesis,High,Core,,Origins & evolution,Reef change,Geological & fossil evidence,,,,,,,,,,Archaeocyath sponge reefs spread in the Early Cambrian,Archaeocyaths were sponges with hard skeletons. In the Early Cambrian they became the first animal reef builders that were important all around the world.,It was the first big spread of reefs built by animals.,"[{""t"": ""Archaeocyathid | Cambrian, Sponges, Reefs | Britannica"", ""u"": ""https://www.britannica.com/animal/archaeocyathid"", ""p"": ""Encyclopaedia Britannica"", ""s"": ""Archaeocyaths, the first sponge reef builders""}]"
CR-005,c. 510 Ma,,-510000000,510,,Deep time: >100 Ma,8.707572,Archaeocyath reef crisis,Archaeocyath reef building collapses during Early–Middle Cambrian environmental turnover.,Extinction / reef crisis,Geological evidence,Global deep time,Global,Archaeocyath reefs,Demonstrates that reef ecosystems repeatedly disappear and reassemble.,"Kiessling (2009), Geologic and biologic controls on the evolution of reefs",https://doi.org/10.1146/annurev.ecolsys.110308.120251,Synthesis,"Kiessling et al. (2010), Reefs as cradles of evolution and sources of biodiversity",https://doi.org/10.1126/science.1182241,Primary database analysis,High,Core,,Crisis & decline,Reef change,Geological & fossil evidence,,,,,,,,,,Archaeocyath reef building collapses,Reef building by archaeocyaths collapsed as the environment changed between the Early and Middle Cambrian.,It shows that reef ecosystems disappear and rebuild themselves again and again.,"[{""t"": ""Archaeocyathid | Cambrian, Sponges, Reefs | Britannica"", ""u"": ""https://www.britannica.com/animal/archaeocyathid"", ""p"": ""Encyclopaedia Britannica"", ""s"": ""Archaeocyaths, the first sponge reef builders""}]"
CR-006,485–470 Ma,to c. 470 Ma,-485000000,485,,Deep time: >100 Ma,8.685744,Ordovician reef expansion begins,"Stromatoporoid sponges, bryozoans and early corals expand during the Great Ordovician Biodiversification Event.",Evolutionary milestone,Geological evidence,Global deep time,Tropical Ordovician shelves,Palaeozoic reefs,Reefs become major centres of marine diversification.,"Kiessling et al. (2010), Reefs as cradles of evolution and sources of biodiversity",https://doi.org/10.1126/science.1182241,Primary database analysis,"Kiessling (2009), Geologic and biologic controls on the evolution of reefs",https://doi.org/10.1146/annurev.ecolsys.110308.120251,Synthesis,High,Core,,Origins & evolution,Reef change,Geological & fossil evidence,,,,,,,,,,Reefs begin to spread in the Ordovician,"Stromatoporoid sponges, bryozoans and early corals all spread. This happened during the Great Ordovician Biodiversification Event, a time when many new kinds of sea life appeared.",Reefs became major places where new kinds of sea life appeared.,"[{""t"": ""Ocean Through Time | Smithsonian Ocean"", ""u"": ""https://ocean.si.edu/through-time/ocean-through-time"", ""p"": ""Smithsonian Ocean (National Museum of Natural History)"", ""s"": ""Ancient seas and reefs through deep time""}]"
CR-007,c. 450 Ma,,-450000000,450,,Deep time: >100 Ma,8.653214,Tabulate and rugose corals become major reef components,Palaeozoic coral groups increasingly contribute to reef frameworks alongside stromatoporoids.,Evolutionary milestone,Geological evidence,Global deep time,Tropical Ordovician seas,Palaeozoic coral reefs,First major coral-dominated reef phase—although not by modern scleractinians.,"Kiessling et al. (2010), Reefs as cradles of evolution and sources of biodiversity",https://doi.org/10.1126/science.1182241,Primary database analysis,"Dishon et al. (2020), Traits enabling scleractinian survival through mass extinctions",https://doi.org/10.1038/s41598-020-60605-2,Primary comparative analysis,High,Core,,Origins & evolution,Reef change,Geological & fossil evidence,,,,,,,,,,Tabulate and rugose corals become major parts of reefs,Coral groups of the Palaeozoic added more and more to reef frameworks. They built alongside sponges called stromatoporoids.,"It was the first big phase of reefs dominated by corals, although not by the modern stony corals called scleractinians.","[{""t"": ""Tabulata | Cambrian, Paleozoic, Anthozoa | Britannica"", ""u"": ""https://www.britannica.com/animal/Tabulata"", ""p"": ""Encyclopaedia Britannica"", ""s"": ""The extinct corals of the Palaeozoic: tabulates and rugosans""}, {""t"": ""Horn coral | Ancient, Reef-Building, Scleractinian | Britannica"", ""u"": ""https://www.britannica.com/animal/horn-coral"", ""p"": ""Encyclopaedia Britannica"", ""s"": ""The extinct corals of the Palaeozoic: tabulates and rugosans""}]"
CR-008,444–443 Ma,to c. 443 Ma,-444000000,444,,Deep time: >100 Ma,8.647385,End-Ordovician mass extinction disrupts reefs,Glaciation and rapid sea-level change cause one of the Big Five extinctions and major reef loss.,Extinction / reef crisis,Geological evidence,Global deep time,Global oceans,Palaeozoic reefs,First mass-extinction marker on the reef timeline.,"Dishon et al. (2020), Traits enabling scleractinian survival through mass extinctions",https://doi.org/10.1038/s41598-020-60605-2,Primary comparative analysis,"Kiessling (2009), Geologic and biologic controls on the evolution of reefs",https://doi.org/10.1146/annurev.ecolsys.110308.120251,Synthesis,High,Core,,Crisis & decline,Reef change,Geological & fossil evidence,,,,,,,,,,A mass extinction at the end of the Ordovician hits reefs,Growing ice and fast changes in sea level caused one of the Big Five mass extinctions. Reefs suffered major losses.,It is the first mass extinction marked on the reef timeline.,"[{""t"": ""What is mass extinction and are we facing a sixth one? | Natural History Museum"", ""u"": ""https://www.nhm.ac.uk/discover/what-is-mass-extinction-and-are-we-facing-a-sixth-one.html"", ""p"": ""Natural History Museum, London"", ""s"": ""Mass extinctions and the gaps they leave in the reef record""}, {""t"": ""Permian extinction | Overview & Facts | Britannica"", ""u"": ""https://www.britannica.com/science/Permian-extinction"", ""p"": ""Encyclopaedia Britannica"", ""s"": ""Mass extinctions and the gaps they leave in the reef record""}]"
CR-009,430–420 Ma,to c. 420 Ma,-430000000,430,,Deep time: >100 Ma,8.633471,Silurian reef recovery,Stromatoporoid–tabulate reef systems recover and spread across tropical shelves.,Reef recovery,Geological evidence,Global deep time,Silurian tropics,Palaeozoic reefs,Shows post-extinction rebuilding of reef ecosystems.,"Kiessling et al. (2010), Reefs as cradles of evolution and sources of biodiversity",https://doi.org/10.1126/science.1182241,Primary database analysis,"Kiessling (2009), Geologic and biologic controls on the evolution of reefs",https://doi.org/10.1146/annurev.ecolsys.110308.120251,Synthesis,High,Core,,Recovery & resilience,Reef change,Geological & fossil evidence,,,,,,,,,,Reefs recover during the Silurian,Reef systems built by stromatoporoid sponges and tabulate corals recovered. They spread again across tropical shelves.,It shows reef ecosystems rebuilding after a mass extinction.,
CR-010,393–383 Ma,Givetian,-393000000,393,,Deep time: >100 Ma,8.594395,Devonian reef zenith,Large stromatoporoid–coral reef complexes reach some of the greatest extents of the Palaeozoic.,Geological formation,Geological evidence,Global deep time,"Laurussia, western Australia, China",Devonian reefs,A high-water mark for pre-scleractinian reef building.,"Kiessling et al. (2010), Reefs as cradles of evolution and sources of biodiversity",https://doi.org/10.1126/science.1182241,Primary database analysis,"Kiessling (2009), Geologic and biologic controls on the evolution of reefs",https://doi.org/10.1146/annurev.ecolsys.110308.120251,Synthesis,High,Core,,Origins & evolution,Reef change,Geological & fossil evidence,,,,,,,,,,Reef building reaches its peak in the Devonian,Large reef complexes built by stromatoporoid sponges and corals became some of the biggest of the whole Palaeozoic.,It was a high point for reef building before the modern stony corals appeared.,"[{""t"": ""Ocean Through Time | Smithsonian Ocean"", ""u"": ""https://ocean.si.edu/through-time/ocean-through-time"", ""p"": ""Smithsonian Ocean (National Museum of Natural History)"", ""s"": ""Ancient seas and reefs through deep time""}]"
CR-011,372–359 Ma,to end-Devonian,-372000000,372,,Deep time: >100 Ma,8.570545,Late Devonian reef collapse,"Repeated anoxia, climate and sea-level perturbations eliminate most stromatoporoid–coral reef systems.",Extinction / reef crisis,Geological evidence,Global deep time,Global oceans,Devonian reefs,One of the most severe and prolonged reef crises.,"Kiessling (2009), Geologic and biologic controls on the evolution of reefs",https://doi.org/10.1146/annurev.ecolsys.110308.120251,Synthesis,"Dishon et al. (2020), Traits enabling scleractinian survival through mass extinctions",https://doi.org/10.1038/s41598-020-60605-2,Primary comparative analysis,High,Core,,Crisis & decline,Reef change,Geological & fossil evidence,,,,,,,,,,Reefs collapse in the Late Devonian,"The sea lost its oxygen again and again, and the climate and sea level kept shifting. Most reef systems built by stromatoporoid sponges and corals were wiped out.",It was one of the most severe and longest lasting reef crises.,"[{""t"": ""What is mass extinction and are we facing a sixth one? | Natural History Museum"", ""u"": ""https://www.nhm.ac.uk/discover/what-is-mass-extinction-and-are-we-facing-a-sixth-one.html"", ""p"": ""Natural History Museum, London"", ""s"": ""Mass extinctions and the gaps they leave in the reef record""}, {""t"": ""Permian extinction | Overview & Facts | Britannica"", ""u"": ""https://www.britannica.com/science/Permian-extinction"", ""p"": ""Encyclopaedia Britannica"", ""s"": ""Mass extinctions and the gaps they leave in the reef record""}]"
CR-012,359–323 Ma,to c. 323 Ma,-359000000,359,,Deep time: >100 Ma,8.555097,Early Carboniferous “reef gap”,Large metazoan frameworks remain uncommon; microbial and algal mounds dominate many carbonate settings.,Reef hiatus,Geological evidence,Global deep time,Global,Carboniferous carbonate mounds,Illustrates ecological replacement after a reef crisis.,"Kiessling (2009), Geologic and biologic controls on the evolution of reefs",https://doi.org/10.1146/annurev.ecolsys.110308.120251,Synthesis,"Kiessling et al. (2010), Reefs as cradles of evolution and sources of biodiversity",https://doi.org/10.1126/science.1182241,Primary database analysis,High,Core,,Crisis & decline,Reef change,Geological & fossil evidence,,,,,,,,,,A reef gap opens in the Early Carboniferous,Large reef frameworks built by animals stayed uncommon. Mounds built by microbes and algae were the main structures in many carbonate settings.,It shows one kind of reef builder taking the place of another after a reef crisis.,
CR-013,323–299 Ma,to 299 Ma,-323000000,323,,Deep time: >100 Ma,8.509205,Late Carboniferous reef recovery remains patchy,"Sponges, algae and microbes form localized reef and mound systems under icehouse conditions.",Reef recovery,Geological evidence,Global deep time,Tropical Pangaean shelves,Carboniferous reefs,Reef recovery does not always recreate earlier ecosystems.,"Kiessling (2009), Geologic and biologic controls on the evolution of reefs",https://doi.org/10.1146/annurev.ecolsys.110308.120251,Synthesis,"Kiessling et al. (2010), Reefs as cradles of evolution and sources of biodiversity",https://doi.org/10.1126/science.1182241,Primary database analysis,High,Supporting,,Recovery & resilience,Reef change,Geological & fossil evidence,,,,,,,,,,Reef recovery stays patchy in the Late Carboniferous,"Sponges, algae and microbes built reefs and mounds in scattered places. This happened in a cold icehouse climate.",Reef recovery does not always rebuild the ecosystems that came before.,
CR-014,c. 300–240 Ma (molecular estimate),broad inferred range,-300000000,300,,Deep time: >100 Ma,8.477124,Photosymbiosis may predate the fossil radiation,Phylogenetic analyses infer an older scleractinian ancestry and photosymbiosis long before abundant Triassic fossils.,Scientific finding,Molecular inference,Global deep time,Global,Scleractinian lineage,Separates lineage origin from the first abundant skeletal record.,"Vaga et al. (2025), A global coral phylogeny reveals resilience and vulnerability",https://doi.org/10.1038/s41586-025-09615-6,Primary phylogenetic research,"Stolarski et al. (2011), Ancient evolutionary origins of Scleractinia",https://doi.org/10.1186/1471-2148-11-316,Primary phylogenetic research,Medium,Supporting,,Science & discovery,Knowledge,Genomic & laboratory science,,,,,,,,,,Corals may have partnered with algae earlier than the fossils show,"Scientists studied coral family trees. This work suggests that stony corals, and photosymbiosis, their partnership with tiny algae living inside them, began long before the many Triassic fossils.",It separates when the coral family line began from when their skeletons first became common as fossils.,"[{""t"": ""Corals Tutorial: What is Zooxanthellae?"", ""u"": ""https://oceanservice.noaa.gov/education/tutorial_corals/coral02_zooxanthellae.html"", ""p"": ""NOAA National Ocean Service Education"", ""s"": ""The algae that live inside corals""}, {""t"": ""Corals"", ""u"": ""https://www.aims.gov.au/research-topics/marine-life/corals"", ""p"": ""Australian Institute of Marine Science"", ""s"": ""The algae that live inside corals""}]"
CR-015,299–260 Ma,to c. 260 Ma,-299000000,299,,Deep time: >100 Ma,8.475674,Permian sponge–algal reef expansion,"Diverse sponge, microbial and algal frameworks develop along tropical Pangaean margins.",Geological formation,Geological evidence,Global deep time,Tethyan and Panthalassan margins,Permian reefs,Last major reef systems before Earth’s largest mass extinction.,"Kiessling (2009), Geologic and biologic controls on the evolution of reefs",https://doi.org/10.1146/annurev.ecolsys.110308.120251,Synthesis,"Kiessling et al. (2010), Reefs as cradles of evolution and sources of biodiversity",https://doi.org/10.1126/science.1182241,Primary database analysis,High,Core,,Origins & evolution,Reef change,Geological & fossil evidence,,,,,,,,,,Sponge and algal reefs expand in the Permian,"Many different frameworks built by sponges, microbes and algae grew along the tropical edges of the supercontinent Pangaea.",They were the last major reef systems before Earth's largest mass extinction.,
CR-016,252.0 Ma,,-252000000,252,,Deep time: >100 Ma,8.401404,End-Permian mass extinction devastates reefs,The largest Phanerozoic extinction removes Palaeozoic reef builders and collapses carbonate ecosystems.,Extinction / reef crisis,Geological evidence,Global deep time,Global oceans,Permian reefs,The most profound reset in reef history.,"Brayard et al. (2011), Transient metazoan reefs after the end-Permian extinction",https://doi.org/10.1038/ngeo1264,Primary research,"Dishon et al. (2020), Traits enabling scleractinian survival through mass extinctions",https://doi.org/10.1038/s41598-020-60605-2,Primary comparative analysis,High,Core,,Crisis & decline,Reef change,Geological & fossil evidence,,,,,,,,,,The end Permian mass extinction devastates reefs,This was the largest extinction of the Phanerozoic. It removed the reef builders of the Palaeozoic and collapsed the ecosystems that made carbonate rock.,It was the deepest reset in the whole history of reefs.,"[{""t"": ""What is mass extinction and are we facing a sixth one? | Natural History Museum"", ""u"": ""https://www.nhm.ac.uk/discover/what-is-mass-extinction-and-are-we-facing-a-sixth-one.html"", ""p"": ""Natural History Museum, London"", ""s"": ""Mass extinctions and the gaps they leave in the reef record""}, {""t"": ""Permian extinction | Overview & Facts | Britannica"", ""u"": ""https://www.britannica.com/science/Permian-extinction"", ""p"": ""Encyclopaedia Britannica"", ""s"": ""Mass extinctions and the gaps they leave in the reef record""}]"
CR-017,251–249 Ma,to c. 249 Ma,-251000000,251,,Deep time: >100 Ma,8.399677,Microbial reefs dominate the immediate aftermath,Microbialites flourish in stressed Early Triassic seas where complex metazoan reefs are largely absent.,Reef recovery,Geological evidence,Global deep time,Tethys and western North America,Early Triassic microbialites,A classic post-extinction ecological simplification.,"Brayard et al. (2011), Transient metazoan reefs after the end-Permian extinction",https://doi.org/10.1038/ngeo1264,Primary research,"Kiessling (2009), Geologic and biologic controls on the evolution of reefs",https://doi.org/10.1146/annurev.ecolsys.110308.120251,Synthesis,High,Core,,Recovery & resilience,Reef change,Geological & fossil evidence,,,,,,,,,,Microbe built reefs take over straight afterwards,"Microbialites, which are reefs built by microbes, thrived in the stressed seas of the Early Triassic. Complex reefs built by animals were mostly missing.",It is a classic case of an ecosystem becoming much simpler after a mass extinction.,"[{""t"": ""Stromatolite | Fossilized, Microbial Mats | Britannica"", ""u"": ""https://www.britannica.com/science/stromatolite"", ""p"": ""Encyclopaedia Britannica"", ""s"": ""Stromatolites and the earliest reef-like life""}]"
CR-018,c. 250.6 Ma,,-250600000,250.6,,Deep time: >100 Ma,8.398985,Unexpectedly early post-Permian metazoan reefs,Small sponge–bivalve reefs show that local complex communities returned sooner than once assumed.,Scientific finding,Geological evidence,Global deep time,Western United States,Early Triassic reefs,Revises the tempo of reef recovery.,"Brayard et al. (2011), Transient metazoan reefs after the end-Permian extinction",https://doi.org/10.1038/ngeo1264,Primary research,"Kiessling (2009), Geologic and biologic controls on the evolution of reefs",https://doi.org/10.1146/annurev.ecolsys.110308.120251,Synthesis,High,Core,,Science & discovery,Knowledge,Geological & fossil evidence,,,,,,,,,,Animal reefs return sooner than expected after the Permian,Small reefs built by sponges and bivalve shellfish have been found. They show that complex communities came back in some places sooner than people once assumed.,It changes our idea of how fast reefs can recover.,
CR-019,c. 247–242 Ma,to c. 242 Ma,-247000000,247,,Deep time: >100 Ma,8.392701,Middle Triassic reef rebuilding accelerates,"Sponges, microbes and emerging scleractinians re-establish substantial frameworks.",Reef recovery,Geological evidence,Global deep time,Tethys,Middle Triassic reefs,Sets the ecological stage for modern stony corals.,"Stolarski et al. (2011), Ancient evolutionary origins of Scleractinia",https://doi.org/10.1186/1471-2148-11-316,Primary phylogenetic research,"Kiessling (2009), Geologic and biologic controls on the evolution of reefs",https://doi.org/10.1146/annurev.ecolsys.110308.120251,Synthesis,High,Core,,Recovery & resilience,Reef change,Geological & fossil evidence,,,,,,,,,,Reef rebuilding speeds up in the Middle Triassic,"Sponges, microbes and the first scleractinians, which are stony corals, built large frameworks again.",It set the scene for the modern stony corals.,
CR-020,c. 241–240 Ma,,-241000000,241,,Deep time: >100 Ma,8.382021,Scleractinian corals appear in the fossil record,Modern-style aragonitic stony corals become recognizable in Middle Triassic deposits.,Evolutionary milestone,Geological evidence,Global deep time,Tethyan seas,Scleractinian reefs,Conventional fossil first appearance of the principal modern reef builders.,"Shinzato et al. (2011), Acropora digitifera genome",https://doi.org/10.1038/nature10249,Primary genome paper,"Stolarski et al. (2011), Ancient evolutionary origins of Scleractinia",https://doi.org/10.1186/1471-2148-11-316,Primary phylogenetic research,High,Core,,Origins & evolution,Reef change,Geological & fossil evidence,,,,,,,,,,Stony corals appear in the fossil record,Stony corals of the modern kind can be recognised in Middle Triassic rocks. Their skeletons are made of a mineral called aragonite.,These fossils are usually taken as the first appearance of the main reef builders of today.,"[{""t"": ""Are corals animals or plants?"", ""u"": ""https://oceanservice.noaa.gov/facts/coral.html"", ""p"": ""NOAA National Ocean Service"", ""s"": ""What a coral animal actually is""}, {""t"": ""Coral Reefs and Corals | Smithsonian Ocean"", ""u"": ""https://ocean.si.edu/ocean-life/invertebrates/corals-and-coral-reefs"", ""p"": ""Smithsonian Ocean"", ""s"": ""What a coral animal actually is""}]"
CR-021,237–201 Ma,to end-Triassic,-237000000,237,,Deep time: >100 Ma,8.374752,Triassic coral–sponge reefs spread,Scleractinians diversify and form increasingly extensive reefs in warm Tethyan seas.,Geological formation,Geological evidence,Global deep time,Tethys and Panthalassa,Triassic coral reefs,First sustained expansion of modern coral-style reefs.,"Kiessling et al. (2010), Reefs as cradles of evolution and sources of biodiversity",https://doi.org/10.1126/science.1182241,Primary database analysis,"Stolarski et al. (2011), Ancient evolutionary origins of Scleractinia",https://doi.org/10.1186/1471-2148-11-316,Primary phylogenetic research,High,Core,,Origins & evolution,Reef change,Geological & fossil evidence,,,,,,,,,,Coral and sponge reefs spread through the Triassic,Stony corals split into more and more kinds and built larger reefs. This happened in the warm seas of the Tethys.,It was the first lasting spread of reefs built in the modern coral style.,"[{""t"": ""Ocean Through Time | Smithsonian Ocean"", ""u"": ""https://ocean.si.edu/through-time/ocean-through-time"", ""p"": ""Smithsonian Ocean (National Museum of Natural History)"", ""s"": ""Ancient seas and reefs through deep time""}]"
CR-022,201.4 Ma,,-201400000,201.4,,Deep time: >100 Ma,8.304064,End-Triassic extinction causes another reef crisis,"Volcanism, warming and ocean acidification sharply reduce reef building at the Triassic–Jurassic boundary.",Extinction / reef crisis,Geological evidence,Global deep time,Global oceans,Triassic reefs,A major test of scleractinian persistence.,"Dishon et al. (2020), Traits enabling scleractinian survival through mass extinctions",https://doi.org/10.1038/s41598-020-60605-2,Primary comparative analysis,"Quattrini et al. (2020), Palaeoclimate and ocean conditions shaped coral evolution",https://doi.org/10.1038/s41559-020-01291-1,Primary phylogenetic analysis,High,Core,,Crisis & decline,Reef change,Geological & fossil evidence,,,,,,,,,,The end Triassic extinction causes another reef crisis,"Volcanoes, warming and ocean acidification, which makes seawater more acidic, sharply cut reef building. This happened at the boundary between the Triassic and the Jurassic.",It was a major test of whether stony corals could keep going.,"[{""t"": ""What is mass extinction and are we facing a sixth one? | Natural History Museum"", ""u"": ""https://www.nhm.ac.uk/discover/what-is-mass-extinction-and-are-we-facing-a-sixth-one.html"", ""p"": ""Natural History Museum, London"", ""s"": ""Mass extinctions and the gaps they leave in the reef record""}, {""t"": ""Permian extinction | Overview & Facts | Britannica"", ""u"": ""https://www.britannica.com/science/Permian-extinction"", ""p"": ""Encyclopaedia Britannica"", ""s"": ""Mass extinctions and the gaps they leave in the reef record""}]"
CR-023,190–160 Ma,to c. 160 Ma,-190000000,190,,Deep time: >100 Ma,8.278758,Jurassic coral reefs recover and expand,Scleractinian frameworks re-establish across warm epicontinental seas.,Reef recovery,Geological evidence,Global deep time,Tethys and Atlantic margins,Jurassic coral reefs,Modern reef builders recover after the end-Triassic crisis.,"Kiessling (2009), Geologic and biologic controls on the evolution of reefs",https://doi.org/10.1146/annurev.ecolsys.110308.120251,Synthesis,"Kiessling et al. (2010), Reefs as cradles of evolution and sources of biodiversity",https://doi.org/10.1126/science.1182241,Primary database analysis,High,Core,,Recovery & resilience,Reef change,Geological & fossil evidence,,,,,,,,,,Coral reefs recover and expand in the Jurassic,Stony corals built their frameworks again across warm seas that spread over the continents.,The modern reef builders recovered after the end Triassic crisis.,"[{""t"": ""Ocean Through Time | Smithsonian Ocean"", ""u"": ""https://ocean.si.edu/through-time/ocean-through-time"", ""p"": ""Smithsonian Ocean (National Museum of Natural History)"", ""s"": ""Ancient seas and reefs through deep time""}]"
CR-024,145–100 Ma,to c. 100 Ma,-145000000,145,,Deep time: >100 Ma,8.161374,Rudist bivalves rival corals as reef builders,"In many Cretaceous seas, rudists replace corals as dominant framework constructors.",Ecological turnover,Geological evidence,Global deep time,"Tethys, Caribbean and Middle East",Cretaceous rudist reefs,Reef habitat persists even when corals are not dominant.,"Kiessling (2009), Geologic and biologic controls on the evolution of reefs",https://doi.org/10.1146/annurev.ecolsys.110308.120251,Synthesis,"Kiessling et al. (2010), Reefs as cradles of evolution and sources of biodiversity",https://doi.org/10.1126/science.1182241,Primary database analysis,High,Core,,Crisis & decline,Reef change,Geological & fossil evidence,,,,,,,,,,Rudist shellfish rival corals as reef builders,"Rudists were bivalves, shellfish with two shells. In many Cretaceous seas they took the place of corals as the main framework builders.",Reef habitat can carry on even when corals are not the main builders.,
CR-025,120–90 Ma,multiple events,-120000000,120,,Deep time: >100 Ma,8.079189,Ocean-anoxic events repeatedly reorganize reefs,"Greenhouse warming, anoxia and ocean chemistry shifts drive reef turnovers during the mid-Cretaceous.",Extinction / reef crisis,Geological evidence,Global deep time,Global oceans,Cretaceous reefs,A deep-time analogue for multiple interacting stressors.,"Quattrini et al. (2020), Palaeoclimate and ocean conditions shaped coral evolution",https://doi.org/10.1038/s41559-020-01291-1,Primary phylogenetic analysis,"Kiessling (2009), Geologic and biologic controls on the evolution of reefs",https://doi.org/10.1146/annurev.ecolsys.110308.120251,Synthesis,High,Core,,Crisis & decline,Reef change,Geological & fossil evidence,,,,,,,,,,Losses of ocean oxygen keep reorganising reefs,"Greenhouse warming, loss of oxygen in the sea and changes in ocean chemistry kept changing which creatures built reefs. This happened through the middle of the Cretaceous.",It is an example from deep time of several stresses acting together on reefs.,
CR-026,66.0 Ma,,-66000000,66,,Deep time: 100–2.6 Ma,7.819557,Cretaceous–Paleogene extinction removes rudist reefs,Rudist bivalves disappear and photosymbiotic shallow corals suffer disproportionate losses.,Extinction / reef crisis,Geological evidence,Global deep time,Global oceans,Cretaceous reefs,Ends the last major non-coral reef-building regime.,"Dishon et al. (2020), Traits enabling scleractinian survival through mass extinctions",https://doi.org/10.1038/s41598-020-60605-2,Primary comparative analysis,"Siqueira et al. (2022), Fast-growing species shape reef-coral evolution",https://doi.org/10.1038/s41467-022-30234-6,Primary fossil-data analysis,High,Core,,Crisis & decline,Reef change,Geological & fossil evidence,,,,,,,,,,The Cretaceous to Paleogene extinction removes rudist reefs,Rudist bivalves disappeared. Shallow corals that host tiny algae inside them suffered unusually heavy losses.,It ended the last major time when reefs were built mainly by animals other than corals.,"[{""t"": ""What killed the dinosaurs? | Natural History Museum"", ""u"": ""https://www.nhm.ac.uk/discover/dinosaur-extinction.html"", ""p"": ""Natural History Museum, London"", ""s"": ""The asteroid extinction 66 million years ago""}]"
CR-027,63–61 Ma,approximate,-63000000,63,,Deep time: 100–2.6 Ma,7.799355,Reef frameworks reappear after K–Pg,"Coralline algae, foraminifera and surviving corals rebuild patchy reef systems within a few million years.",Reef recovery,Geological evidence,Global deep time,Tethyan and tropical shelves,Paleocene reefs,Rapid but compositionally novel recovery.,"Dishon et al. (2020), Traits enabling scleractinian survival through mass extinctions",https://doi.org/10.1038/s41598-020-60605-2,Primary comparative analysis,"Kiessling (2009), Geologic and biologic controls on the evolution of reefs",https://doi.org/10.1146/annurev.ecolsys.110308.120251,Synthesis,High,Core,,Recovery & resilience,Reef change,Geological & fossil evidence,,,,,,,,,,Reef frameworks reappear after the Cretaceous Paleogene extinction,"Coralline algae, small shelled creatures called foraminifera and the corals that survived rebuilt patchy reef systems. This took a few million years.","The recovery was fast, but the reefs were made up of a new mix of life.",
CR-028,56–40 Ma,to c. 40 Ma,-56000000,56,,Deep time: 100–2.6 Ma,7.748204,Eocene greenhouse reefs diversify,Modern coral families and large benthic foraminifera expand during warm Eocene climates.,Evolutionary milestone,Geological evidence,Global deep time,"Tethys, Caribbean, Indo-Pacific",Eocene reefs,Builds much of the modern coral evolutionary stock.,"Siqueira et al. (2022), Fast-growing species shape reef-coral evolution",https://doi.org/10.1038/s41467-022-30234-6,Primary fossil-data analysis,"Quattrini et al. (2020), Palaeoclimate and ocean conditions shaped coral evolution",https://doi.org/10.1038/s41559-020-01291-1,Primary phylogenetic analysis,High,Core,,Origins & evolution,Reef change,Geological & fossil evidence,,,,,,,,,,Eocene greenhouse reefs become more varied,Modern coral families spread during the warm climates of the Eocene. Large foraminifera living on the sea floor spread as well.,It built much of the coral family stock we still have today.,
CR-029,34 Ma,,-34000000,34,,Deep time: 100–2.6 Ma,7.531505,Eocene–Oligocene cooling triggers coral turnover,Rapid global cooling and ice-sheet growth coincide with a marked extinction pulse in reef corals.,Extinction / reef crisis,Geological evidence,Global deep time,Global tropics,Cenozoic coral reefs,Shows that cooling as well as warming can restructure reefs.,"Siqueira et al. (2022), Fast-growing species shape reef-coral evolution",https://doi.org/10.1038/s41467-022-30234-6,Primary fossil-data analysis,"Quattrini et al. (2020), Palaeoclimate and ocean conditions shaped coral evolution",https://doi.org/10.1038/s41559-020-01291-1,Primary phylogenetic analysis,High,Core,,Crisis & decline,Reef change,Geological & fossil evidence,,,,,,,,,,Cooling after the Eocene brings a coral turnover,"The world cooled quickly and ice sheets grew. At the same time, reef corals went through a clear pulse of extinction.","It shows that cooling, as well as warming, can reshape reefs.",
CR-030,23–16 Ma,early Miocene,-23000000,23,,Deep time: 100–2.6 Ma,7.361766,Miocene reef-coral radiation,Coral diversity and reef building expand across the Tethys and Indo-West Pacific.,Evolutionary milestone,Geological evidence,Global deep time,Tethys and Indo-West Pacific,Miocene coral reefs,Creates many lineages central to modern reefs.,"Siqueira et al. (2022), Fast-growing species shape reef-coral evolution",https://doi.org/10.1038/s41467-022-30234-6,Primary fossil-data analysis,"Kiessling et al. (2010), Reefs as cradles of evolution and sources of biodiversity",https://doi.org/10.1126/science.1182241,Primary database analysis,High,Core,,Origins & evolution,Reef change,Geological & fossil evidence,,,,,,,,,,Reef corals spread and diversify in the Miocene,Coral diversity grew and reef building expanded. This spread across the Tethys and the Indo-West Pacific.,It created many coral lines that are central to reefs today.,
CR-031,15–5 Ma,middle–late Miocene,-15000000,15,,Deep time: 100–2.6 Ma,7.17615,Coral diversity shifts toward the Indo-Pacific,Tethyan closure and tectonic reorganization concentrate coral diversity in the developing Coral Triangle.,Biogeographic shift,Geological evidence,Coral Triangle / Indo-Pacific,Southeast Asia and western Pacific,Indo-Pacific reefs,Explains the modern centre of coral biodiversity.,"Siqueira et al. (2022), Fast-growing species shape reef-coral evolution",https://doi.org/10.1038/s41467-022-30234-6,Primary fossil-data analysis,"Kiessling et al. (2010), Reefs as cradles of evolution and sources of biodiversity",https://doi.org/10.1126/science.1182241,Primary database analysis,High,Core,,Origins & evolution,Reef change,Geological & fossil evidence,,,,,,,,,,Coral variety shifts towards the Indo-Pacific,The old Tethys seaway closed and the Earth's plates shifted position. This gathered the greatest variety of corals into the growing Coral Triangle.,It explains where the centre of coral variety sits today.,
CR-032,5.3–2.6 Ma,Pliocene,-5300000,5.3,,Deep time: 100–2.6 Ma,6.724442,Isthmus of Panama separates Atlantic and Pacific reefs,"Final closure reorganizes currents, nutrients and evolutionary trajectories on both sides of the Americas.",Biogeographic shift,Geological evidence,Caribbean / Eastern Pacific,Central America,Caribbean and eastern Pacific reefs,Creates two contrasting modern reef provinces.,"Kiessling et al. (2010), Reefs as cradles of evolution and sources of biodiversity",https://doi.org/10.1126/science.1182241,Primary database analysis,"Siqueira et al. (2022), Fast-growing species shape reef-coral evolution",https://doi.org/10.1038/s41467-022-30234-6,Primary fossil-data analysis,High,Core,,Origins & evolution,Reef change,Geological & fossil evidence,,,,,,,,,,The Isthmus of Panama splits Atlantic and Pacific reefs,"The narrow strip of land at Panama finally closed the gap between the two oceans. This changed currents, nutrients and the way life evolved on both sides of the Americas.",It created two modern reef regions that are very different from each other.,"[{""t"": ""Why Panama?"", ""u"": ""https://stri.si.edu/why-panama"", ""p"": ""Smithsonian Tropical Research Institute"", ""s"": ""When Panama split the Atlantic from the Pacific""}]"
CR-033,c. 3.0 Ma,,-3000000,3,,Deep time: 100–2.6 Ma,6.477415,Acroporid diversification accelerates,Fast-growing staghorn corals undergo a Pleistocene diversification pulse linked to increased turnover in other coral groups.,Evolutionary milestone,Geological evidence,Global deep time,Indo-Pacific,Acropora-dominated reefs,Helps explain the ecological prominence—and vulnerability—of modern Acropora.,"Siqueira et al. (2022), Fast-growing species shape reef-coral evolution",https://doi.org/10.1038/s41467-022-30234-6,Primary fossil-data analysis,"Potts (1984), Generation times and geometric constraints in coral lineages",https://doi.org/10.1017/S0094837300008010,Primary evolutionary analysis,High,Core,,Origins & evolution,Reef change,Geological & fossil evidence,,,,,,,,,,Fast-growing staghorn corals split into many new species,"During the Pleistocene, fast-growing staghorn corals produced many new species in a burst. Scientists link this burst to more species being replaced in other coral groups.",It helps explain why modern Acropora corals are so important on reefs and also so easily harmed.,
CR-034,2.6 Ma–present,Pleistocene–Holocene,-2600000,2.6,,Deep time: 100–2.6 Ma,6.415312,Glacial sea-level cycles repeatedly dismantle and rebuild reefs,"Pleistocene sea-level oscillations expose shelves, drown reefs and repeatedly shift coral ranges.",Geological formation,Geological evidence,Global deep time,Global tropical shelves,Pleistocene reefs,The immediate geological template for modern reef distribution.,"Montaggioni (2005), History of Indo-Pacific coral-reef systems since the last glaciation",https://doi.org/10.1016/j.earscirev.2005.01.002,Synthesis of primary records,"Webster et al. (2018), Response of the Great Barrier Reef to sea-level and environmental change",https://doi.org/10.1038/s41561-018-0127-3,Primary drilling/geological research,High,Core,,Origins & evolution,Reef change,Geological & fossil evidence,,,,,,,,,,"Ice age sea levels rise and fall, wrecking and rebuilding reefs","Through the Pleistocene, sea level rose and fell again and again. This left shallow sea floors dry, drowned reefs, and kept moving the places where corals could live.",It set the recent geological pattern for where reefs are found today.,"[{""t"": ""Corals Tutorial: How Do Coral Reefs Form?"", ""u"": ""https://oceanservice.noaa.gov/education/tutorial_corals/coral04_reefs.html"", ""p"": ""NOAA National Ocean Service Education"", ""s"": ""How reefs form, grow and keep up with sea level""}, {""t"": ""Coral reef - Marine Ecosystem, Formation, Diversity | Britannica"", ""u"": ""https://www.britannica.com/science/coral-reef/Origin-and-development-of-reefs"", ""p"": ""Encyclopaedia Britannica"", ""s"": ""How reefs form, grow and keep up with sea level""}]"
CR-035,c. 125 ka,,-125000,0.125,,Quaternary: 2.6 Ma–10 ka,5.103896,Last-interglacial reefs record higher sea level,Fossil reef terraces become key benchmarks for reconstructing sea level and ice-sheet sensitivity.,Scientific archive,Geological evidence,Global deep time,"Bahamas, Red Sea, Indo-Pacific and Caribbean",Last-interglacial reefs,Reefs become geological sea-level gauges.,"Abbey et al. (2011), Last interglacial reef development and sea level",https://doi.org/10.1016/j.margeo.2011.08.006,Primary geological research,"Montaggioni (2005), History of Indo-Pacific coral-reef systems since the last glaciation",https://doi.org/10.1016/j.earscirev.2005.01.002,Synthesis of primary records,High,Core,,"Experiment, method & monitoring",Knowledge,Geological & fossil evidence,,,,,,,,,,Reefs from the last warm period record a higher sea level,Old reef terraces preserved as fossils became important markers. Scientists use them to work out past sea levels and how easily ice sheets respond to change.,Reefs became gauges in the rock that measure past sea level.,
CR-036,30–19 ka,to c. 19 ka,-30000,0.03,,Quaternary: 2.6 Ma–10 ka,4.505516,Last Glacial Maximum exposes most modern shelves,"Sea level falls by roughly 120 m, leaving many present reef platforms dry and shifting corals toward shelf edges.",Geological formation,Geological evidence,Global deep time,Global tropical shelves,Glacial-age reefs,Resets the starting surface for Holocene reef growth.,"Montaggioni (2005), History of Indo-Pacific coral-reef systems since the last glaciation",https://doi.org/10.1016/j.earscirev.2005.01.002,Synthesis of primary records,"Webster et al. (2018), Response of the Great Barrier Reef to sea-level and environmental change",https://doi.org/10.1038/s41561-018-0127-3,Primary drilling/geological research,High,Core,,Origins & evolution,Reef change,Geological & fossil evidence,,,,,,,,,,Falling sea level leaves most modern shelves dry,"At the coldest point of the last ice age, sea level fell by roughly 120 metres. Many of today's reef platforms were left dry, and corals shifted out towards the shelf edges.",It reset the surface that the reef growth which followed would start from.,"[{""t"": ""Corals Tutorial: How Do Coral Reefs Form?"", ""u"": ""https://oceanservice.noaa.gov/education/tutorial_corals/coral04_reefs.html"", ""p"": ""NOAA National Ocean Service Education"", ""s"": ""How reefs form, grow and keep up with sea level""}, {""t"": ""Coral reef - Marine Ecosystem, Formation, Diversity | Britannica"", ""u"": ""https://www.britannica.com/science/coral-reef/Origin-and-development-of-reefs"", ""p"": ""Encyclopaedia Britannica"", ""s"": ""How reefs form, grow and keep up with sea level""}]"
CR-037,14–8 ka,to c. 8 ka,-14000,0.014,,Quaternary: 2.6 Ma–10 ka,4.204852,Postglacial sea-level rise drives reef drowning and “catch-up” growth,"Some reefs keep pace with rapid rise while others backstep or drown, producing modern shelf patterns.",Geological formation,Geological evidence,Global deep time,"Indo-Pacific, Caribbean, Red Sea",Holocene reefs,Defines the modern architecture of many reef systems.,"Montaggioni (2005), History of Indo-Pacific coral-reef systems since the last glaciation",https://doi.org/10.1016/j.earscirev.2005.01.002,Synthesis of primary records,"Webster et al. (2018), Response of the Great Barrier Reef to sea-level and environmental change",https://doi.org/10.1038/s41561-018-0127-3,Primary drilling/geological research,High,Core,,Origins & evolution,Reef change,Geological & fossil evidence,,,,,,,,,,Rising seas drown some reefs while others grow to catch up,"After the ice age, sea level rose quickly. Some reefs grew fast enough to keep up, while others stepped back or drowned. That mix produced the reef patterns seen on shelves today.",It shaped the layout of many reef systems we see today.,"[{""t"": ""Corals Tutorial: How Do Coral Reefs Form?"", ""u"": ""https://oceanservice.noaa.gov/education/tutorial_corals/coral04_reefs.html"", ""p"": ""NOAA National Ocean Service Education"", ""s"": ""How reefs form, grow and keep up with sea level""}, {""t"": ""Coral reef - Marine Ecosystem, Formation, Diversity | Britannica"", ""u"": ""https://www.britannica.com/science/coral-reef/Origin-and-development-of-reefs"", ""p"": ""Encyclopaedia Britannica"", ""s"": ""How reefs form, grow and keep up with sea level""}]"
CR-038,c. 8–6 ka,approximate,-8000,,-8000,Holocene / pre-1500,4.001171,Modern Great Barrier Reef framework establishes,Drilling and seismic records indicate much of the present GBR veneer developed after postglacial flooding.,Geological formation,Geological evidence,Great Barrier Reef / Coral Sea,"Queensland shelf, Australia",Great Barrier Reef,Separates the ancient platform from the relatively young living reef surface.,"Dechnik et al. (2015), Evolutionary persistence of the Great Barrier Reef",https://doi.org/10.1016/j.margeo.2015.02.014,Primary geological research,"Webster et al. (2018), Response of the Great Barrier Reef to sea-level and environmental change",https://doi.org/10.1038/s41561-018-0127-3,Primary drilling/geological research,High,Core,,Origins & evolution,Reef change,Geological & fossil evidence,,,,,,,,,,The modern Great Barrier Reef framework takes shape,Drilling and sound surveys of the sea floor suggest that much of the thin top layer of today's Great Barrier Reef grew after the sea flooded back in.,It separates the ancient platform below from the fairly young living reef surface on top.,"[{""t"": ""Corals Tutorial: How Do Coral Reefs Form?"", ""u"": ""https://oceanservice.noaa.gov/education/tutorial_corals/coral04_reefs.html"", ""p"": ""NOAA National Ocean Service Education"", ""s"": ""How reefs form, grow and keep up with sea level""}, {""t"": ""Coral reef - Marine Ecosystem, Formation, Diversity | Britannica"", ""u"": ""https://www.britannica.com/science/coral-reef/Origin-and-development-of-reefs"", ""p"": ""Encyclopaedia Britannica"", ""s"": ""How reefs form, grow and keep up with sea level""}]"
CR-039,c. 6 ka,,-6000,,-6000,Holocene / pre-1500,3.904553,Many modern reef flats reach sea level,"As sea-level rise slows, reefs prograde laterally and build reef flats and cays.",Geological formation,Geological evidence,Global deep time,Indo-Pacific and Caribbean,Holocene reef flats,Creates the shallow habitats later used and managed by coastal peoples.,"Montaggioni (2005), History of Indo-Pacific coral-reef systems since the last glaciation",https://doi.org/10.1016/j.earscirev.2005.01.002,Synthesis of primary records,"Shinn et al. (1969), Anatomy of a modern carbonate tidal-flat",https://doi.org/10.1306/74D71DCF-2B21-11D7-8648000102C1865D,Primary research,High,Core,,Origins & evolution,Reef change,Geological & fossil evidence,,,,,,,,,,Many reef flats grow up to sea level,"As the rise in sea level slowed, reefs began to spread sideways. They built flat reef tops and small sandy islands called cays.",These shallow places became the habitats that coastal peoples later used and managed.,"[{""t"": ""Corals Tutorial: How Do Coral Reefs Form?"", ""u"": ""https://oceanservice.noaa.gov/education/tutorial_corals/coral04_reefs.html"", ""p"": ""NOAA National Ocean Service Education"", ""s"": ""How reefs form, grow and keep up with sea level""}, {""t"": ""Coral reef - Marine Ecosystem, Formation, Diversity | Britannica"", ""u"": ""https://www.britannica.com/science/coral-reef/Origin-and-development-of-reefs"", ""p"": ""Encyclopaedia Britannica"", ""s"": ""How reefs form, grow and keep up with sea level""}]"
CR-040,"c. 6,500 years ago",,-4500,,-4500,Holocene / pre-1500,3.814714,Documented Indigenous occupation of Great Barrier Reef islands,"Archaeological sequences show long-term Aboriginal use of reef islands, lagoons and Sea Country.",Human use / knowledge,Indigenous knowledge and archaeology,Great Barrier Reef / Coral Sea,Jiigurru and other GBR islands,Great Barrier Reef,Establishes millennia of reef knowledge before European charting.,"Rowland et al. (2025), Great Barrier Reef Indigenous archaeology and occupation",https://doi.org/10.1080/14486563.2024.2336969,Archaeological synthesis,"Ulm et al. (2024), Indigenous pottery and maritime networks at Jiigurru",https://doi.org/10.1016/j.quascirev.2024.108624,Primary archaeological research,High,Core,,"People, records & policy",People & policy,Historical & Indigenous records,,,,,,,,,,Aboriginal people live on Great Barrier Reef islands,"Layers of evidence dug up by archaeologists show that Aboriginal people used reef islands, lagoons and Sea Country over a very long time.",It shows thousands of years of reef knowledge before Europeans charted the reef.,"[{""t"": ""Traditional use of the Marine Park | Reef Authority"", ""u"": ""https://www2.gbrmpa.gov.au/learn/traditional-owners/traditional-use-marine-park"", ""p"": ""Great Barrier Reef Marine Park Authority (Reef Authority)"", ""s"": ""Indigenous sea country and traditional reef use""}, {""t"": ""Fishing"", ""u"": ""https://aiatsis.gov.au/explore/fishing"", ""p"": ""Australian Institute of Aboriginal and Torres Strait Islander Studies (AIATSIS)"", ""s"": ""Indigenous sea country and traditional reef use""}]"
CR-041,"c. 3,200–2,800 years ago",approximate,-1200,,-1200,Holocene / pre-1500,3.508799,Lapita communities intensively exploit reef and lagoon resources,"Fish bones, shell and fishing technology show broad-spectrum use of coastal and reef habitats during Pacific settlement.",Human use / knowledge,Indigenous knowledge and archaeology,Coral Triangle / Western Pacific,"Melanesia, Vanuatu, Fiji and Tonga",Pacific island reefs,Links reef use to one of humanity’s major maritime expansions.,"Walter (1989), Lapita fishing strategies: archaeological and linguistic evidence",https://digitalcollections.byuh.edu/pacific-studies-journal/vol13/iss1/9/,Archaeological synthesis,"Johannes (1978), Traditional marine conservation methods in Oceania",https://doi.org/10.1146/annurev.es.09.110178.002025,Ethnographic synthesis,High,Core,,"People, records & policy",People & policy,Historical & Indigenous records,,,,,,,,,,Lapita communities make heavy use of reefs and lagoons,"Fish bones, shell and fishing tools show that people used a wide range of coastal and reef habitats. This happened while people were settling across the Pacific.",It links reef use to one of humanity's great sea voyaging expansions.,"[{""t"": ""Lapita culture | Polynesia, Melanesia, Micronesia | Britannica"", ""u"": ""https://www.britannica.com/topic/Lapita-culture"", ""p"": ""Encyclopaedia Britannica"", ""s"": ""Island voyaging and reef communities of the Pacific and Coral Sea""}, {""t"": ""First Nations watercraft culture - The Australian Museum"", ""u"": ""https://australian.museum/learn/first-nations/watercraft-culture/"", ""p"": ""Australian Museum"", ""s"": ""Island voyaging and reef communities of the Pacific and Coral Sea""}]"
CR-042,"c. 3,000–2,000 years ago",approximate,-1000,,-1000,Holocene / pre-1500,3.481012,Jiigurru pottery signals Coral Sea maritime networks,"Locally made pottery and continuous occupation indicate sophisticated voyaging, exchange and reef-island use.",Human use / knowledge,Indigenous knowledge and archaeology,Great Barrier Reef / Coral Sea,"Jiigurru (Lizard Island group), Australia",Great Barrier Reef,Challenges isolation narratives and highlights trans-Coral Sea connections.,"Ulm et al. (2024), Indigenous pottery and maritime networks at Jiigurru",https://doi.org/10.1016/j.quascirev.2024.108624,Primary archaeological research,"Rowland et al. (2025), Great Barrier Reef Indigenous archaeology and occupation",https://doi.org/10.1080/14486563.2024.2336969,Archaeological synthesis,High,Core,,"People, records & policy",People & policy,Historical & Indigenous records,,,,,,,,,,Pottery at Jiigurru points to Coral Sea travel routes,"Pottery made locally, and people living there without a break, suggest skilled voyaging, trade and use of reef islands.","It challenges the idea that these communities were cut off, and shows links across the Coral Sea.","[{""t"": ""Lapita culture | Polynesia, Melanesia, Micronesia | Britannica"", ""u"": ""https://www.britannica.com/topic/Lapita-culture"", ""p"": ""Encyclopaedia Britannica"", ""s"": ""Island voyaging and reef communities of the Pacific and Coral Sea""}, {""t"": ""First Nations watercraft culture - The Australian Museum"", ""u"": ""https://australian.museum/learn/first-nations/watercraft-culture/"", ""p"": ""Australian Museum"", ""s"": ""Island voyaging and reef communities of the Pacific and Coral Sea""}]"
CR-043,"c. 2,000–500 years ago",approximate,1,,1,Holocene / pre-1500,3.306639,Pre-Columbian Caribbean reef fisheries leave ecological baselines,"Archaeological fish assemblages record sustained harvesting, changing fish size and site-specific reef use.",Human use / exploitation,Indigenous knowledge and archaeology,Caribbean / Florida,Caribbean islands,Caribbean reefs,Provides a pre-industrial baseline for reef fish communities.,"Wing & Wing (2001), Prehistoric fisheries in the Caribbean",https://doi.org/10.1007/s003380100142,Primary archaeological analysis,"Carder & Crock (2012), A pre-Columbian fisheries baseline from the Caribbean",https://doi.org/10.1016/j.jas.2012.04.038,Primary archaeological analysis,High,Core,,"People, records & policy",People & policy,Historical & Indigenous records,,,,,,,,,,Caribbean people fished reefs long before Columbus arrived,Collections of fish bones found by archaeologists record steady fishing over a long period. They also record changes in fish size and different ways each site used its reef.,It gives a picture of reef fish communities from before industrial times.,
CR-044,Before European contact,,1000,,1000,Holocene / pre-1500,3.01157,"Customary tenure, rāhui and tabu regulate Pacific reef use","Community-based closures, ownership and seasonal rules manage fishing grounds across Oceania.",Management milestone,Indigenous knowledge and customary law,Coral Triangle / Western Pacific,Oceania,Pacific island reefs,Shows that reef management long predates modern marine protected areas.,"Johannes (1978), Traditional marine conservation methods in Oceania",https://doi.org/10.1146/annurev.es.09.110178.002025,Ethnographic synthesis,"Walter (1989), Lapita fishing strategies: archaeological and linguistic evidence",https://digitalcollections.byuh.edu/pacific-studies-journal/vol13/iss1/9/,Archaeological synthesis,High,Core,"Date represents longstanding pre-contact practice, not a single invention.","People, records & policy",People & policy,Historical & Indigenous records,,,,,,,,,,Traditional Pacific rules control how reefs are used,"Across Oceania, communities owned fishing grounds and closed them at certain times. Communities owned fishing grounds, closed them at times and set seasonal rules, through customary systems such as rahui and tabu.",It shows that reef management came long before modern marine protected areas.,
CR-045,1492–1504,Columbian voyages,1492,,1492,Holocene / pre-1500,2.728354,European Atlantic voyages encounter Caribbean reefs as hazards and resources,"Early Spanish voyage accounts describe shoals, banks, lagoons and reef-fringed islands already inhabited and used by Indigenous peoples.",Written description / charting,European written record,Caribbean / Florida,"Bahamas, Cuba, Hispaniola and wider Caribbean",Caribbean reefs,Begins surviving European documentation; it is not a “discovery” of uninhabited reefs.,"Carder & Crock (2012), A pre-Columbian fisheries baseline from the Caribbean",https://doi.org/10.1016/j.jas.2012.04.038,Primary archaeological analysis,"Wing & Wing (2001), Prehistoric fisheries in the Caribbean",https://doi.org/10.1007/s003380100142,Primary archaeological analysis,Medium,Core,Use original voyage editions in a publication-grade historical pass.,"People, records & policy",People & policy,Historical & Indigenous records,,,,,,,,,,European voyages meet Caribbean reefs as dangers and resources,"Early Spanish voyage accounts describe shallows, banks, lagoons and islands ringed by reefs. Indigenous peoples already lived on those islands and used those reefs.","It starts the surviving European written record, but it is not a discovery of empty reefs.",
CR-046,1606,,1606,,1606,1500–1799,2.624282,Torres Strait is navigated by a European expedition,The voyage of Luís Vaz de Torres passes through reef-strewn waters between New Guinea and Australia.,Written description / charting,European exploration,Great Barrier Reef / Coral Sea,Torres Strait,Torres Strait reefs,Early European navigation through a region long occupied by Torres Strait Islander peoples.,"Rowland et al. (2025), Great Barrier Reef Indigenous archaeology and occupation",https://doi.org/10.1080/14486563.2024.2336969,Archaeological synthesis,"James Cook, Endeavour journal, east coast of Australia, 1770",https://www.nma.gov.au/exhibitions/endeavour-voyage/cooks-journal,Primary historical record,Medium,Supporting,Cook source is contextual; replace with a digitized Torres primary account in final historical edition.,"People, records & policy",People & policy,Historical & Indigenous records,,,,,,,,,,A European expedition sails through Torres Strait,The voyage of Luis Vaz de Torres passed through waters full of reefs between New Guinea and Australia.,It was early European sailing through a region long lived in by Torres Strait Islander peoples.,
CR-047,1699,,1699,,1699,1500–1799,2.515874,Dampier records north-west Australian coasts and reefs,William Dampier’s voyage provides one of the earliest detailed English natural-history accounts of Australian tropical coasts.,Written description / charting,European exploration,Indian Ocean / Red Sea / Gulf,Western and north-western Australia,Australian fringing reefs,"Connects navigation, natural history and later colonial exploitation.","William Dampier, A Voyage to New Holland (1699)",https://www.gutenberg.org/ebooks/15675,Primary historical record,"Rowland et al. (2025), Great Barrier Reef Indigenous archaeology and occupation",https://doi.org/10.1080/14486563.2024.2336969,Archaeological synthesis,High,Core,,"People, records & policy",People & policy,Historical & Indigenous records,,,,,,,,,,Dampier records north-west Australian coasts and reefs,"William Dampier's voyage produced one of the earliest detailed English accounts of the plants, animals and landscape of Australia's tropical coasts.","It ties together sailing, the study of nature and the way colonists later exploited these places.",
CR-048,1768–1771,Endeavour voyage,1768,,1768,1500–1799,2.4133,Cook expedition combines Pacific navigation and natural history,"The Endeavour voyage charts reef-fringed islands and collects observations across Tahiti, New Zealand and eastern Australia.",Written description / charting,European exploration,Global / multiple regions,South Pacific and Australia,Pacific reefs and GBR,A foundational European scientific voyage through reef regions.,"James Cook, Endeavour journal, east coast of Australia, 1770",https://www.nma.gov.au/exhibitions/endeavour-voyage/cooks-journal,Primary historical record,"Darwin (1842), The Structure and Distribution of Coral Reefs",https://darwin-online.org.uk/content/frameset?itemID=F271&viewtype=text&pageseq=1,Primary scientific monograph,High,Core,,"People, records & policy",People & policy,Historical & Indigenous records,,,,,,,,,,Cook's expedition mixes Pacific sailing with the study of nature,"The Endeavour voyage charted islands ringed by reefs. The crew also collected observations across Tahiti, New Zealand and eastern Australia.",It was a founding European science voyage through reef regions.,"[{""t"": ""Endeavour Reef | National Museum of Australia"", ""u"": ""https://www.nma.gov.au/exhibitions/endeavour-voyage/endeavour-reef"", ""p"": ""National Museum of Australia"", ""s"": ""Cook, the Endeavour and the Great Barrier Reef""}, {""t"": ""James Cook | Biography, Accomplishments, Ship, Voyage Route, Family, Death, & Facts | Britannica"", ""u"": ""https://www.britannica.com/biography/James-Cook"", ""p"": ""Encyclopaedia Britannica"", ""s"": ""Cook, the Endeavour and the Great Barrier Reef""}]"
CR-049,11 June 1770,,1770.44,,1770,1500–1799,2.409189,Endeavour strikes the Great Barrier Reef,The grounding near modern Cooktown makes the reef a dramatic feature of the European voyage record.,Written description / charting,European exploration,Great Barrier Reef / Coral Sea,"Endeavour Reef, Queensland",Great Barrier Reef,Iconic charting event; Traditional Owners already possessed detailed Sea Country knowledge.,"James Cook, Endeavour journal, east coast of Australia, 1770",https://www.nma.gov.au/exhibitions/endeavour-voyage/cooks-journal,Primary historical record,"Rowland et al. (2025), Great Barrier Reef Indigenous archaeology and occupation",https://doi.org/10.1080/14486563.2024.2336969,Archaeological synthesis,High,Core,,"People, records & policy",People & policy,Historical & Indigenous records,,,,,,,,,,The Endeavour runs aground on the Great Barrier Reef,The ship ran aground near what is now Cooktown. The accident made the reef a dramatic part of the European voyage record.,"It is a famous charting moment, though Traditional Owners already held detailed Sea Country knowledge.","[{""t"": ""Endeavour Reef | National Museum of Australia"", ""u"": ""https://www.nma.gov.au/exhibitions/endeavour-voyage/endeavour-reef"", ""p"": ""National Museum of Australia"", ""s"": ""Cook, the Endeavour and the Great Barrier Reef""}, {""t"": ""James Cook | Biography, Accomplishments, Ship, Voyage Route, Family, Death, & Facts | Britannica"", ""u"": ""https://www.britannica.com/biography/James-Cook"", ""p"": ""Encyclopaedia Britannica"", ""s"": ""Cook, the Endeavour and the Great Barrier Reef""}]"
CR-050,1801–1803,Investigator voyage,1801,,1801,1800–1949,2.354108,Flinders charts passages through the Great Barrier Reef,Systematic hydrographic surveying improves European maps of Australia’s reef-strewn east coast.,Written description / charting,European hydrography,Great Barrier Reef / Coral Sea,Queensland coast,Great Barrier Reef,Turns scattered voyage observations into navigational cartography.,"James Cook, Endeavour journal, east coast of Australia, 1770",https://www.nma.gov.au/exhibitions/endeavour-voyage/cooks-journal,Primary historical record,"Darwin (1842), The Structure and Distribution of Coral Reefs",https://darwin-online.org.uk/content/frameset?itemID=F271&viewtype=text&pageseq=1,Primary scientific monograph,Medium,Supporting,Replace source 1 with Flinders journal/map edition for final historical edition.,"People, records & policy",People & policy,Historical & Indigenous records,,,,,,,,,,Flinders charts routes through the Great Barrier Reef,"Careful, step by step surveys of the water depths improved European maps of Australia's east coast, which is scattered with reefs.",It turned scattered voyage notes into proper maps that ships could steer by.,
CR-051,1831–1836,Beagle voyage,1831,,1831,1800–1949,2.292256,Darwin develops the subsidence theory during the Beagle voyage,"Observations and chart study lead Darwin to connect fringing reefs, barriers and atolls through volcanic-island subsidence.",Scientific finding,European scientific exploration,Global / multiple regions,"Atlantic, Pacific and Indian oceans",Atolls and barrier reefs,First unifying process model for major reef forms.,"Darwin (1842), The Structure and Distribution of Coral Reefs",https://darwin-online.org.uk/content/frameset?itemID=F271&viewtype=text&pageseq=1,Primary scientific monograph,"James Cook, Endeavour journal, east coast of Australia, 1770",https://www.nma.gov.au/exhibitions/endeavour-voyage/cooks-journal,Primary historical record,High,Core,,Science & discovery,Knowledge,Historical & Indigenous records,,,,,,,,,,Darwin comes up with a theory that reefs form as islands sink,"On the Beagle voyage, Darwin studied reefs and charts. He linked fringing reefs, barrier reefs and atolls together through volcanic islands slowly sinking.",It was the first single explanation covering the main reef shapes.,"[{""t"": ""Charles Darwin's coral conundrum | Natural History Museum"", ""u"": ""https://www.nhm.ac.uk/discover/charles-darwin-coral-conundrum.html"", ""p"": ""Natural History Museum, London"", ""s"": ""Atolls and Darwin's sinking-island idea""}, {""t"": ""Atoll | Definition & Facts | Britannica"", ""u"": ""https://www.britannica.com/science/atoll"", ""p"": ""Encyclopaedia Britannica"", ""s"": ""Atolls and Darwin's sinking-island idea""}]"
CR-052,1842,,1842,,1842,1800–1949,2.267172,Darwin publishes a global theory of coral-reef formation,The Structure and Distribution of Coral Reefs proposes the subsidence sequence and maps global reef types.,Scientific finding,Published science,Global backbone,Global,"Fringing reefs, barriers and atolls",Foundational work in reef geomorphology and hypothesis-driven Earth science.,"Darwin (1842), The Structure and Distribution of Coral Reefs",https://darwin-online.org.uk/content/frameset?itemID=F271&viewtype=text&pageseq=1,Primary scientific monograph,"Murray (1880), On the structure and origin of coral reefs and islands",https://doi.org/10.1017/S0370164600044230,Primary scientific paper,High,Core,,Science & discovery,Knowledge,Published analysis & synthesis,,,,,,,,,,Darwin publishes a worldwide theory of how reefs form,His book The Structure and Distribution of Coral Reefs set out the sinking sequence. It also mapped the types of reef found around the world.,It is a founding work on reef landforms and on testing ideas about the Earth.,"[{""t"": ""Charles Darwin's coral conundrum | Natural History Museum"", ""u"": ""https://www.nhm.ac.uk/discover/charles-darwin-coral-conundrum.html"", ""p"": ""Natural History Museum, London"", ""s"": ""Atolls and Darwin's sinking-island idea""}, {""t"": ""Atoll | Definition & Facts | Britannica"", ""u"": ""https://www.britannica.com/science/atoll"", ""p"": ""Encyclopaedia Britannica"", ""s"": ""Atolls and Darwin's sinking-island idea""}]"
CR-053,1846,,1846,,1846,1800–1949,2.257679,Dana publishes the first major systematic coral synthesis from a global expedition,"The U.S. Exploring Expedition’s Zoophytes volume links coral taxonomy, distribution and reef environments.",Scientific finding,Published science,Global backbone,Pacific and global collections,Shallow coral reefs,Builds the taxonomic and biogeographic foundation of coral science.,"Dana (1846), Zoophytes, U.S. Exploring Expedition",https://www.biodiversitylibrary.org/item/124082,Primary scientific monograph,"Darwin (1842), The Structure and Distribution of Coral Reefs",https://darwin-online.org.uk/content/frameset?itemID=F271&viewtype=text&pageseq=1,Primary scientific monograph,High,Core,,Science & discovery,Knowledge,Published analysis & synthesis,,,,,,,,,,Dana publishes the first big organised study of corals from a worldwide expedition,"The Zoophytes volume from the U.S. Exploring Expedition brought together how corals are named and grouped, where they live, and what their reef surroundings are like.",It built the foundation for naming corals and for mapping where they are found.,
CR-054,1868–1870,approximate,1868,,1868,1800–1949,2.201397,Deep-sea dredging reveals abundant cold-water corals,"Lightning and Porcupine collections, plus Gulf of Mexico dredging, establish that corals live far below the photic zone.",Discovery / exploration,European scientific exploration,Deep / cold-water corals,North Atlantic and Gulf of Mexico,Deep-sea coral habitats,Separates deep-water corals from tropical reef-building corals and overturns depth assumptions.,"Duncan (1870), Deep Sea Corals",https://doi.org/10.1038/001267b0,Primary scientific correspondence,HMS Challenger expedition preliminary account (1876),https://doi.org/10.1038/014093a0,Primary expedition report,High,Core,,"People, records & policy",People & policy,Historical & Indigenous records,,,,,,,,,,Deep-sea dredging finds plenty of cold-water corals,"Samples from the Lightning and the Porcupine, plus dredging in the Gulf of Mexico, showed that corals live far below the sunlit zone.",It set deep-water corals apart from tropical reef builders and overturned ideas about how deep corals could live.,"[{""t"": ""Do all corals live in warm water?"", ""u"": ""https://oceanexplorer.noaa.gov/ocean-fact/coral-water/"", ""p"": ""NOAA Ocean Exploration"", ""s"": ""Cold-water and deep-sea corals""}]"
CR-055,1872–1876,expedition,1872,,1872,1800–1949,2.190332,HMS Challenger launches systematic global oceanography,Deep-sea sampling and coral collections establish a global physical and biological baseline.,Discovery / exploration,European scientific exploration,Global / multiple regions,World ocean,Shallow and deep coral habitats,Creates the institutional and methodological template for ocean science.,HMS Challenger expedition preliminary account (1876),https://doi.org/10.1038/014093a0,Primary expedition report,"Duncan (1870), Deep Sea Corals",https://doi.org/10.1038/001267b0,Primary scientific correspondence,High,Core,,"People, records & policy",People & policy,Historical & Indigenous records,,,,,,,,,,HMS Challenger begins organised worldwide ocean science,The ship sampled the deep sea and collected corals. This set a first global record of ocean conditions and ocean life to compare against.,It created the pattern for how ocean science is organised and carried out.,"[{""t"": ""HMS Challenger: How an 1870s expedition still influences scientific discoveries today | Natural History Museum"", ""u"": ""https://www.nhm.ac.uk/discover/hms-challenger-how-1870s-expedition-still-influences-scientific-discoveries-today.html"", ""p"": ""Natural History Museum, London"", ""s"": ""The voyages that started ocean science""}, {""t"": ""Challenger Expedition | Arctic exploration, Marine biology, Oceanography | Britannica"", ""u"": ""https://www.britannica.com/event/Challenger-Expedition"", ""p"": ""Encyclopaedia Britannica"", ""s"": ""The voyages that started ocean science""}]"
CR-056,1880,,1880,,1880,1800–1949,2.167317,Murray proposes an alternative reef-formation theory,John Murray argues reefs can build on submarine banks through pelagic sediment accumulation and solution.,Scientific debate,Published science,Global backbone,Atolls and oceanic islands,Atolls,Starts a decades-long debate that drives drilling and geophysical tests.,"Murray (1880), On the structure and origin of coral reefs and islands",https://doi.org/10.1017/S0370164600044230,Primary scientific paper,"Darwin (1842), The Structure and Distribution of Coral Reefs",https://darwin-online.org.uk/content/frameset?itemID=F271&viewtype=text&pageseq=1,Primary scientific monograph,High,Core,,Science & discovery,Knowledge,Published analysis & synthesis,,,,,,,,,,Murray offers a rival idea about how reefs form,"John Murray argued that reefs can build on underwater banks. He argued reefs can build up on underwater banks, as material settles out of the open water and other parts dissolve away.",It began a debate lasting decades that pushed people to drill and to test the rock below.,"[{""t"": ""Charles Darwin's coral conundrum | Natural History Museum"", ""u"": ""https://www.nhm.ac.uk/discover/charles-darwin-coral-conundrum.html"", ""p"": ""Natural History Museum, London"", ""s"": ""Atolls and Darwin's sinking-island idea""}, {""t"": ""Atoll | Definition & Facts | Britannica"", ""u"": ""https://www.britannica.com/science/atoll"", ""p"": ""Encyclopaedia Britannica"", ""s"": ""Atolls and Darwin's sinking-island idea""}]"
CR-057,1881–1883,early publications,1881,,1881,1800–1949,2.164353,Brandt identifies the coral–algal symbiosis,Karl Brandt recognizes intracellular “zooxanthellae” as symbiotic algae rather than coral organs or parasites.,Scientific finding,Published science,Global backbone,Laboratory and Mediterranean/tropical specimens,Photosymbiotic corals,Reveals the biological engine of shallow tropical reef productivity.,"Brandt (1881), Über das Zusammenleben von Thieren und Algen",https://www.biodiversitylibrary.org/item/134823,Primary scientific monograph,"Muscatine & Cernichiari (1969), Assimilation of photosynthetic products by reef corals",https://doi.org/10.2307/1540172,Primary experiment,High,Core,,Science & discovery,Knowledge,Published analysis & synthesis,,,,,,,,,,Brandt finds that tiny algae live inside corals,"Karl Brandt showed that the zooxanthellae inside coral cells are tiny algae living as partners. They are not parts of the coral's body, and they are not parasites.",It revealed the living engine behind the richness of shallow tropical reefs.,"[{""t"": ""Corals Tutorial: What is Zooxanthellae?"", ""u"": ""https://oceanservice.noaa.gov/education/tutorial_corals/coral02_zooxanthellae.html"", ""p"": ""NOAA National Ocean Service Education"", ""s"": ""The algae that live inside corals""}, {""t"": ""Corals"", ""u"": ""https://www.aims.gov.au/research-topics/marine-life/corals"", ""p"": ""Australian Institute of Marine Science"", ""s"": ""The algae that live inside corals""}]"
CR-058,1896–1898,expeditions,1896,,1896,1800–1949,2.117271,Funafuti drilling tests rival atoll theories,Royal Society expeditions drill the atoll in one of the first large-scale attempts to test reef formation directly.,Important experiment,Expeditionary science,Central / Eastern Pacific,"Funafuti, Tuvalu",Pacific atoll,"Pioneers scientific drilling, even though the borehole does not decisively settle the debate.","Royal Society (1898), The Atoll of Funafuti: borings into a coral reef",https://www.biodiversitylibrary.org/bibliography/58531,Primary expedition report,"Darwin (1842), The Structure and Distribution of Coral Reefs",https://darwin-online.org.uk/content/frameset?itemID=F271&viewtype=text&pageseq=1,Primary scientific monograph,High,Core,,"Experiment, method & monitoring",Knowledge,Historical & Indigenous records,,,,,,,,,,Drilling at Funafuti tests competing ideas about atolls,Royal Society expeditions drilled into the atoll. It was one of the first large attempts to test directly how reefs form.,"It pioneered scientific drilling, even though the hole did not settle the debate for certain.","[{""t"": ""Charles Darwin's coral conundrum | Natural History Museum"", ""u"": ""https://www.nhm.ac.uk/discover/charles-darwin-coral-conundrum.html"", ""p"": ""Natural History Museum, London"", ""s"": ""Atolls and Darwin's sinking-island idea""}, {""t"": ""Atoll | Definition & Facts | Britannica"", ""u"": ""https://www.britannica.com/science/atoll"", ""p"": ""Encyclopaedia Britannica"", ""s"": ""Atolls and Darwin's sinking-island idea""}]"
CR-059,1928–1929,expedition,1928,,1928,1800–1949,1.995635,Great Barrier Reef Expedition creates an integrated reef-research programme,"The Low Isles expedition combines physiology, ecology, meteorology, geology and long-term field residence.",Scientific programme,Published science,Great Barrier Reef / Coral Sea,"Low Isles, Queensland",Great Barrier Reef,A model for modern interdisciplinary reef field stations.,"Yonge (1930), A Year on the Great Barrier Reef",https://archive.org/details/yearongreatbarri00yong,Primary expedition account,"Brandt (1881), Über das Zusammenleben von Thieren und Algen",https://www.biodiversitylibrary.org/item/134823,Primary scientific monograph,High,Core,,"Experiment, method & monitoring",Knowledge,Published analysis & synthesis,,,,,,,,,,A reef expedition brings many kinds of science together,"At Low Isles, scientists studied how corals work, how living things share the reef, the weather and the rocks. They also stayed on site for a long stretch of time.",It became a model for modern reef field stations that combine many subjects.,
CR-060,1930s,,1930,,1930,1800–1949,1.986772,Coral nutrition and symbiosis become experimental sciences,Work following the GBR Expedition clarifies that corals capture prey while relying heavily on algal partners.,Scientific finding,Experimental science,Great Barrier Reef / Coral Sea,Low Isles and laboratories,Photosymbiotic corals,Moves reef science from description toward physiology.,"Yonge (1930), A Year on the Great Barrier Reef",https://archive.org/details/yearongreatbarri00yong,Primary expedition account,"Muscatine & Cernichiari (1969), Assimilation of photosynthetic products by reef corals",https://doi.org/10.2307/1540172,Primary experiment,Medium,Supporting,,Science & discovery,Knowledge,Experimental & intervention science,,,,,,,,,,Studying how corals feed becomes an experimental science,Work following the Great Barrier Reef Expedition made clear that corals catch prey. It also showed they rely heavily on their algae partners.,It moved reef science on from describing reefs towards studying how they work.,"[{""t"": ""Corals Tutorial: What is Zooxanthellae?"", ""u"": ""https://oceanservice.noaa.gov/education/tutorial_corals/coral02_zooxanthellae.html"", ""p"": ""NOAA National Ocean Service Education"", ""s"": ""The algae that live inside corals""}, {""t"": ""Corals"", ""u"": ""https://www.aims.gov.au/research-topics/marine-life/corals"", ""p"": ""Australian Institute of Marine Science"", ""s"": ""The algae that live inside corals""}]"
CR-061,1947–1952,nuclear-test-era drilling,1947,,1947,1800–1949,1.90309,Pacific atoll drilling confirms thick reef caps over subsiding volcanoes,Bikini and Enewetak boreholes penetrate more than a kilometre of carbonate before reaching volcanic basement.,Important experiment,Scientific drilling,Central / Eastern Pacific,Marshall Islands,Pacific atolls,Provides the strongest direct test supporting Darwin’s subsidence model.,"Darwin (1842), The Structure and Distribution of Coral Reefs",https://darwin-online.org.uk/content/frameset?itemID=F271&viewtype=text&pageseq=1,Primary scientific monograph,"Royal Society (1898), The Atoll of Funafuti: borings into a coral reef",https://www.biodiversitylibrary.org/bibliography/58531,Primary expedition report,High,Core,Add USGS drilling reports in final source-enrichment pass.,"Experiment, method & monitoring",Knowledge,Geological & fossil evidence,,,,,,,,,,Drilling into Pacific atolls found thick reef rock over sinking volcanoes,Scientists drilled deep holes at Bikini and Enewetak. They passed through more than a kilometre of coral limestone before they reached the volcanic rock underneath.,"It was the strongest direct test yet, and it backed up Darwin's idea that the volcanoes slowly sank.","[{""t"": ""Charles Darwin's coral conundrum | Natural History Museum"", ""u"": ""https://www.nhm.ac.uk/discover/charles-darwin-coral-conundrum.html"", ""p"": ""Natural History Museum, London"", ""s"": ""Atolls and Darwin's sinking-island idea""}, {""t"": ""Atoll | Definition & Facts | Britannica"", ""u"": ""https://www.britannica.com/science/atoll"", ""p"": ""Encyclopaedia Britannica"", ""s"": ""Atolls and Darwin's sinking-island idea""}]"
CR-062,1955,,1955,,1955,1950–1979,1.857332,Whole-reef metabolism is quantified,"Odum and Odum measure production and respiration on Enewetak, framing reefs as high-throughput ecosystems.",Important experiment,Experimental science,Central / Eastern Pacific,Enewetak Atoll,Pacific atoll,Introduces ecosystem energetics to reef science.,"Odum & Odum (1955), Trophic structure and productivity of a windward coral reef",https://doi.org/10.2307/1943285,Primary ecosystem study,"Johannes et al. (1972), The metabolism of some coral reef communities",https://doi.org/10.2307/1296314,Primary ecosystem study,High,Core,,"Experiment, method & monitoring",Knowledge,Experimental & intervention science,,,,,,,,,,Scientists measured the energy used by a whole reef,"Odum and Odum measured how much food a reef made and how much it used up, at Enewetak. They described reefs as places where energy moves through very fast.",It brought the study of energy flow into reef science.,
CR-063,1959,,1959,,1959,1950–1979,1.832509,Photosynthesis is shown to accelerate coral calcification,Goreau experimentally links light and algal photosynthesis to skeletal deposition.,Important experiment,Experimental science,Caribbean / Florida,Jamaica,Caribbean reef corals,Mechanistically connects symbiosis to reef building.,"Goreau (1959), Physiology of skeleton formation in corals I",https://doi.org/10.2307/1539156,Primary experiment,"Muscatine & Cernichiari (1969), Assimilation of photosynthetic products by reef corals",https://doi.org/10.2307/1540172,Primary experiment,High,Core,,"Experiment, method & monitoring",Knowledge,Experimental & intervention science,,,,,,,,,,Light was shown to help corals build their skeletons faster,"Goreau ran experiments that linked light, and the food made by the tiny algae living in the coral, to how fast the coral built its skeleton.",It showed how the partnership between a coral and its algae helps build reefs.,"[{""t"": ""Corals Tutorial: What is Zooxanthellae?"", ""u"": ""https://oceanservice.noaa.gov/education/tutorial_corals/coral02_zooxanthellae.html"", ""p"": ""NOAA National Ocean Service Education"", ""s"": ""The algae that live inside corals""}, {""t"": ""Corals"", ""u"": ""https://www.aims.gov.au/research-topics/marine-life/corals"", ""p"": ""Australian Institute of Marine Science"", ""s"": ""The algae that live inside corals""}]"
CR-064,1961–1965,first outbreak wave,1961,,1961,1950–1979,1.819544,First modern crown-of-thorns outbreaks recorded on the GBR,"Dense Acanthaster populations are observed near Green Island and later spread, initiating a major ecological and management debate.",Disturbance event,Monitoring / field observation,Great Barrier Reef / Coral Sea,"Cairns sector, GBR",Great Barrier Reef,Introduces a recurrent biological driver of coral loss.,"Australian Institute of Marine Science, Understanding crown-of-thorns starfish outbreaks",https://www.aims.gov.au/research/spawning-research-2020/Understanding-crown-of-thorns-starfish-outbreaks,Official research synthesis,"De’ath et al. (2012), The 27-year decline of coral cover on the Great Barrier Reef",https://doi.org/10.1073/pnas.1208909109,Primary monitoring analysis,Medium,Core,Dates refer to the first documented modern outbreak wave; historical abundance remains debated.,Crisis & decline,Reef change,Field observation & monitoring,,,,,,,,,,First crown of thorns outbreaks of modern times recorded on the Great Barrier Reef,"Large numbers of crown of thorns starfish were seen near Green Island, and later spread further. This started a major argument among scientists and reef managers.",It brought in a living cause of coral loss that keeps coming back.,"[{""t"": ""Crown-of-Thorns Starfish"", ""u"": ""https://www.aims.gov.au/research-topics/marine-life/crown-thorns-starfish"", ""p"": ""Australian Institute of Marine Science (AIMS)"", ""s"": ""Crown-of-thorns starfish outbreaks""}, {""t"": ""Crown-of-thorns starfish | Coral Reefs, Invasive Species & Predators | Britannica"", ""u"": ""https://www.britannica.com/animal/crown-of-thorns-starfish"", ""p"": ""Encyclopaedia Britannica"", ""s"": ""Crown-of-thorns starfish outbreaks""}]"
CR-065,1966,,1966,,1966,1950–1979,1.78533,Aquanaut programmes extend direct reef observation,Saturation diving and underwater habitats allow longer-duration behavioural and ecological research on reefs.,Technology / methods,Scientific exploration,Caribbean / Florida,U.S. Virgin Islands and Florida,Caribbean reefs,Expands observation time below the surface.,HMS Challenger expedition preliminary account (1876),https://doi.org/10.1038/014093a0,Primary expedition report,Global Reef Record / XL Catlin Seaview Survey archive,https://globalreefrecord.org/,Primary imagery/data programme,Medium,Optional,Add original Tektite/Conshelf programme reports in final edition.,"Experiment, method & monitoring",Knowledge,Historical & Indigenous records,,,,,,,,,,Divers staying underwater could study reefs for longer,Saturation diving and underwater living stations let scientists stay below the surface for longer. They could study reef life and animal behaviour for longer stretches.,It gave scientists more time to watch reefs below the surface.,
CR-066,1969,,1969,,1969,1950–1979,1.763428,Carbon transfer from zooxanthellae to coral is demonstrated,Radiotracer experiments show that algal photosynthate supplies a major share of coral metabolism.,Important experiment,Experimental science,Global backbone,Laboratory reef corals,Photosymbiotic corals,Explains how reefs thrive in nutrient-poor tropical waters.,"Muscatine & Cernichiari (1969), Assimilation of photosynthetic products by reef corals",https://doi.org/10.2307/1540172,Primary experiment,"Goreau (1959), Physiology of skeleton formation in corals I",https://doi.org/10.2307/1539156,Primary experiment,High,Core,,"Experiment, method & monitoring",Knowledge,Experimental & intervention science,,,,,,,,,,Tiny algae inside corals were shown to feed them,Experiments using traceable carbon showed that food made by the algae inside a coral supplies a large share of what the coral needs to live.,It helps explain how reefs do so well in tropical water that holds few nutrients.,"[{""t"": ""Corals Tutorial: What is Zooxanthellae?"", ""u"": ""https://oceanservice.noaa.gov/education/tutorial_corals/coral02_zooxanthellae.html"", ""p"": ""NOAA National Ocean Service Education"", ""s"": ""The algae that live inside corals""}, {""t"": ""Corals"", ""u"": ""https://www.aims.gov.au/research-topics/marine-life/corals"", ""p"": ""Australian Institute of Marine Science"", ""s"": ""The algae that live inside corals""}]"
CR-067,1972,,1972,,1972,1950–1979,1.740363,Reef community metabolism and nutrient recycling are quantified,Community-scale studies show tight recycling and high productivity despite low surrounding nutrients.,Important experiment,Experimental science,Global backbone,Pacific reef communities,Shallow coral reefs,Establishes the “oasis in an ocean desert” mechanism.,"Johannes et al. (1972), The metabolism of some coral reef communities",https://doi.org/10.2307/1296314,Primary ecosystem study,"Odum & Odum (1955), Trophic structure and productivity of a windward coral reef",https://doi.org/10.2307/1943285,Primary ecosystem study,High,Core,,"Experiment, method & monitoring",Knowledge,Experimental & intervention science,,,,,,,,,,Reefs were shown to recycle nutrients very tightly,Studies of whole reef communities showed that reefs use the same nutrients over and over. They produce a lot of life even though the water around them has few nutrients.,It explained how a reef can be an oasis in an ocean desert.,
CR-068,1973,,1973,,1973,1950–1979,1.732394,Bacteria are recognized as important reef trophic components,Microbial production and consumption become explicit parts of coral-reef food-web models.,Scientific finding,Experimental science,Global backbone,Tropical reefs,Reef microbial loop,Begins the modern view of reefs as microbial as well as coral ecosystems.,"Sorokin (1973), Trophical role of bacteria in coral reef communities",https://doi.org/10.1038/242415a0,Primary microbial study,"Rohwer et al. (2002), Diversity and distribution of coral-associated bacteria",https://doi.org/10.3354/meps243001,Primary microbiome study,High,Core,,Science & discovery,Knowledge,Experimental & intervention science,,,,,,,,,,Bacteria were recognised as an important part of reef food webs,"Scientists began putting microbes into their models of reef food webs. What these tiny living things make, and what they eat, became part of the picture.",It started the modern view that reefs are made of microbes as well as corals.,
CR-069,1975,,1975,,1975,1950–1979,1.716003,Great Barrier Reef Marine Park Act creates a vast management framework,Australia establishes the statutory basis for managing most of the GBR as a multiple-use marine park.,Management milestone,Law and governance,Great Barrier Reef / Coral Sea,Australia,Great Barrier Reef,A landmark in large-scale reef governance.,Great Barrier Reef Marine Park Act 1975,https://www.legislation.gov.au/C2004A01427/latest/text,Primary legal instrument,"UNESCO World Heritage Committee, Great Barrier Reef inscription (1981)",https://whc.unesco.org/en/list/154/,Primary institutional record,High,Core,,"People, records & policy",People & policy,Law & governance,,,,,,,,,,A new Australian law created the Great Barrier Reef Marine Park,Australia passed a law to manage most of the Great Barrier Reef as a marine park. The park was set up to allow several different uses of the area.,It was a landmark in looking after a reef on a very large scale.,"[{""t"": ""Great Barrier Reef Marine Park - GBRMPA - Australia"", ""u"": ""https://www2.gbrmpa.gov.au/about-us/our-story"", ""p"": ""Great Barrier Reef Marine Park Authority (Reef Authority)"", ""s"": ""The Great Barrier Reef and how it is protected""}, {""t"": ""Great Barrier Reef - UNESCO World Heritage Centre"", ""u"": ""https://whc.unesco.org/en/list/154/"", ""p"": ""UNESCO World Heritage Centre"", ""s"": ""The Great Barrier Reef and how it is protected""}]"
CR-070,1978,,1978,,1978,1950–1979,1.690196,Intermediate-disturbance theory places reefs at the centre of ecological debate,Connell uses coral reefs and rainforests to argue that disturbance can maintain high diversity.,Scientific finding,Published science,Global backbone,Tropical reefs,Coral communities,Connects reef dynamics to general ecological theory.,"Connell (1978), Diversity in tropical rain forests and coral reefs",https://doi.org/10.1126/science.199.4335.1302,Conceptual paper with reef evidence,"Graham et al. (2015), Predicting climate-driven regime shifts versus rebound potential",https://doi.org/10.1038/nature14140,Primary comparative analysis,High,Core,,Science & discovery,Knowledge,Published analysis & synthesis,,,,,,,,,,A new idea said some disturbance can keep reefs rich in species,Connell used coral reefs and rainforests to argue that damage and disturbance can keep the number of species high.,It connected the way reefs work to wider ideas in ecology.,
CR-071,1979–1980,approximate,1979,,1979,1950–1979,1.681241,Modern mass-bleaching observations enter the scientific record,Widespread paling associated with anomalous heat is documented at multiple tropical locations.,Bleaching event,Field observation,Global / multiple regions,Caribbean and Pacific sites,Shallow coral reefs,Marks the beginning of the modern mass-bleaching era.,"Glynn (1993), Coral reef bleaching: ecological perspectives",https://doi.org/10.1007/BF00303779,Synthesis with primary observations,"Glynn (1984), Widespread coral mortality and the 1982–83 El Niño",https://doi.org/10.1017/S0376892900013825,Primary field study,Medium,Core,,Bleaching & heat stress,Reef change,Field observation & monitoring,,,,,,,,,,Modern mass bleaching entered the scientific record,"Scientists recorded corals turning pale, which is called bleaching, over wide areas at several tropical places. The paling happened alongside unusually warm water.",It marks the start of the modern time of mass bleaching.,"[{""t"": ""What is coral bleaching?"", ""u"": ""https://oceanservice.noaa.gov/facts/coral_bleach.html"", ""p"": ""NOAA Ocean Service"", ""s"": ""What coral bleaching is and why it happens""}, {""t"": ""Coral bleaching 101"", ""u"": ""https://www2.gbrmpa.gov.au/learn/reef-health/coral-bleaching"", ""p"": ""Great Barrier Reef Marine Park Authority (Reef Authority)"", ""s"": ""What coral bleaching is and why it happens""}]"
CR-072,1979,,1979.2,,1979,1950–1979,1.679428,Bonaire National Marine Park is established,Protection of the waters around Bonaire and Klein Bonaire becomes an early whole-island model for reef management and dive tourism.,Management milestone,Law and governance,Caribbean / Florida,Bonaire,Caribbean reefs,Early institutional reef protection outside Australia.,"Bonaire National Marine Park, establishment history (1979)",https://bonaire.com/en/nature/stinapa/,Official local institutional record,"Johannes (1978), Traditional marine conservation methods in Oceania",https://doi.org/10.1146/annurev.es.09.110178.002025,Ethnographic synthesis,High,Supporting,,"People, records & policy",People & policy,Law & governance,,,,,,,,,,Bonaire protected the water around its whole island,The sea around Bonaire and Klein Bonaire was made a protected park. It became an early model for looking after reefs and running diving tourism.,It was an early piece of official reef protection outside Australia.,"[{""t"": ""About Marine Protected Areas | National Marine Protected Areas Center"", ""u"": ""https://marineprotectedareas.noaa.gov/aboutmpas/"", ""p"": ""NOAA National Marine Protected Areas Center"", ""s"": ""Marine protected areas and no-take zones""}, {""t"": ""Marine Protected Areas"", ""u"": ""https://education.nationalgeographic.org/resource/marine-protected-areas/"", ""p"": ""National Geographic Education"", ""s"": ""Marine protected areas and no-take zones""}]"
CR-073,1981,,1981,,1981,1980–1997,1.662758,Great Barrier Reef is inscribed as World Heritage,UNESCO recognizes the reef’s global natural values and geological–ecological significance.,Management milestone,International governance,Great Barrier Reef / Coral Sea,Australia,Great Barrier Reef,Adds international oversight and a durable conservation benchmark.,"UNESCO World Heritage Committee, Great Barrier Reef inscription (1981)",https://whc.unesco.org/en/list/154/,Primary institutional record,Great Barrier Reef Marine Park Act 1975,https://www.legislation.gov.au/C2004A01427/latest/text,Primary legal instrument,High,Core,,"People, records & policy",People & policy,Law & governance,,,,,,,,,,The Great Barrier Reef was listed as World Heritage,UNESCO recognised that the reef matters to the whole world. It listed the reef as important for both its rocks and its living things.,It added international oversight and set a lasting standard for protecting the reef.,"[{""t"": ""Great Barrier Reef Marine Park - GBRMPA - Australia"", ""u"": ""https://www2.gbrmpa.gov.au/about-us/our-story"", ""p"": ""Great Barrier Reef Marine Park Authority (Reef Authority)"", ""s"": ""The Great Barrier Reef and how it is protected""}, {""t"": ""Great Barrier Reef - UNESCO World Heritage Centre"", ""u"": ""https://whc.unesco.org/en/list/154/"", ""p"": ""UNESCO World Heritage Centre"", ""s"": ""The Great Barrier Reef and how it is protected""}]"
CR-074,1981–1983,discovery and confirmation,1981.5,,1981,1980–1997,1.658011,Synchronous multi-species coral spawning is discovered,Field observations on the GBR reveal mass annual release of eggs and sperm by many coral species.,Scientific finding,Field observation,Great Barrier Reef / Coral Sea,Great Barrier Reef,Shallow reef corals,"Transforms understanding of coral reproduction, connectivity and restoration timing.","Harrison et al. (1984), Mass spawning in tropical reef corals",https://doi.org/10.1126/science.223.4641.1186,Primary observation,"Babcock et al. (1986), Synchronous spawnings of 105 scleractinian species",https://doi.org/10.1007/BF00428562,Primary reproductive study,High,Core,,Science & discovery,Knowledge,Field observation & monitoring,,,,,,,,,,Many coral species were found to spawn together each year,Scientists watching the Great Barrier Reef saw many coral species release their eggs and sperm at the same time. It happens as one big event once a year.,"It changed what we know about how corals breed, how reefs are linked, and when to do repair work.","[{""t"": ""What is coral spawning?"", ""u"": ""https://www2.gbrmpa.gov.au/learn/coral-spawning-101"", ""p"": ""Great Barrier Reef Marine Park Authority (Reef Authority)"", ""s"": ""Coral spawning and how corals reproduce""}]"
CR-075,1982–1983,,1982,,1982,1980–1997,1.653213,Strong El Niño causes catastrophic eastern-Pacific bleaching and mortality,"Thermal stress kills large fractions of corals across Panama, the Galápagos and neighbouring reefs.",Bleaching event,Field observation,Central / Eastern Pacific,Eastern tropical Pacific,Eastern Pacific reefs,First extensively studied regional mass-mortality event linked to El Niño warming.,"Glynn (1984), Widespread coral mortality and the 1982–83 El Niño",https://doi.org/10.1017/S0376892900013825,Primary field study,"Glynn (1993), Coral reef bleaching: ecological perspectives",https://doi.org/10.1007/BF00303779,Synthesis with primary observations,High,Core,,Bleaching & heat stress,Reef change,Field observation & monitoring,,,,,,,,,,A strong El Niño killed many corals in the eastern Pacific,"Heat stress killed a large share of the corals around Panama, the Galápagos and nearby reefs.",It was the first regional mass death of corals to be studied closely and linked to El Niño warming.,"[{""t"": ""What is coral bleaching?"", ""u"": ""https://oceanservice.noaa.gov/facts/coral_bleach.html"", ""p"": ""NOAA Ocean Service"", ""s"": ""What coral bleaching is and why it happens""}, {""t"": ""Coral bleaching 101"", ""u"": ""https://www2.gbrmpa.gov.au/learn/reef-health/coral-bleaching"", ""p"": ""Great Barrier Reef Marine Park Authority (Reef Authority)"", ""s"": ""What coral bleaching is and why it happens""}]"
CR-076,1982–1985,major initial wave,1982.5,,1982,1980–1997,1.64836,White-band disease drives Caribbean Acropora collapse,"Disease kills dominant branching corals, fundamentally changing reef architecture.",Disease / ecological cascade,Field observation,Caribbean / Florida,Caribbean basin,Caribbean Acropora reefs,One of the clearest modern examples of functional reef extinction.,"Gladfelter (1982), White-band disease in Acropora  [no citable record found]",,Primary disease study,"Carpenter et al. (2008), One-third of reef-building corals face elevated extinction risk",https://doi.org/10.1126/science.1159196,Global assessment,High,Core,,Crisis & decline,Reef change,Field observation & monitoring,,,,,,,,,,A disease destroyed branching corals across the Caribbean,White band disease killed the branching corals that used to dominate these reefs. The whole shape and structure of the reefs changed.,It is one of the clearest modern cases of a coral no longer doing its job on the reef.,"[{""t"": ""Coral Disease - History and General Information"", ""u"": ""https://cdhc.noaa.gov/coral-disease/"", ""p"": ""NOAA Coral Disease and Health Consortium"", ""s"": ""Diseases that kill corals""}, {""t"": ""Florida's Coral Reef Disease Outbreak | Florida Keys National Marine Sanctuary"", ""u"": ""https://floridakeys.noaa.gov/coral-disease/"", ""p"": ""NOAA Florida Keys National Marine Sanctuary"", ""s"": ""Diseases that kill corals""}]"
CR-077,1982,,1982.7,,1982,1980–1997,1.646404,Apo Island community establishes a no-take marine sanctuary,Local fishers and Silliman University establish and enforce a small reserve that becomes a globally influential model for reef fisheries recovery.,Management milestone,Community governance,Coral Triangle / Western Pacific,"Apo Island, Philippines",Coral Triangle reefs,"Combines local stewardship, long-term science and measurable fisheries benefits.","Russ & Alcala (1996), Do marine reserves export adult fish biomass? Evidence from Apo Island",https://doi.org/10.3354/meps132001,Primary long-term field study,"Russ et al. (2004), Marine reserve benefits local fisheries",https://doi.org/10.1890/03-5076,Primary long-term field study,High,Supporting,Community protection began in 1982; the formal legal framework followed in 1985–1986.,"People, records & policy",People & policy,Law & governance,,,,,,,,,,Apo Island villagers created a no fishing zone on their reef,"Local fishers and Silliman University set up a small reserve where no fishing was allowed, and they kept the rules enforced. It became a model used around the world for helping reef fishing recover.","It brought together local care, long running science and fishing gains that could be measured.","[{""t"": ""About Marine Protected Areas | National Marine Protected Areas Center"", ""u"": ""https://marineprotectedareas.noaa.gov/aboutmpas/"", ""p"": ""NOAA National Marine Protected Areas Center"", ""s"": ""Marine protected areas and no-take zones""}, {""t"": ""Marine Protected Areas"", ""u"": ""https://education.nationalgeographic.org/resource/marine-protected-areas/"", ""p"": ""National Geographic Education"", ""s"": ""Marine protected areas and no-take zones""}]"
CR-078,1983–1984,,1983,,1983,1980–1997,1.643453,Diadema mass mortality sweeps the Caribbean,"A waterborne disease removes the dominant grazing urchin, promoting algal expansion on many reefs.",Disease / ecological cascade,Field observation,Caribbean / Florida,Caribbean basin,Caribbean reefs,A basin-scale natural experiment in herbivory and phase shifts.,"Lessios et al. (1984), Spread of Diadema mass mortality through the Caribbean",https://doi.org/10.1126/science.226.4672.335,Primary field study,"Mumby et al. (2006), Fishing, trophic cascades, and herbivory on coral reefs",https://doi.org/10.1126/science.1121129,Primary field experiment,High,Core,,Crisis & decline,Reef change,Field observation & monitoring,,,,,,,,,,A disease killed huge numbers of the Caribbean's main grazing urchin,"A disease spread through the water and killed Diadema, the sea urchin that ate most of the algae. With the urchins gone, algae spread on many reefs.","It worked like a huge natural experiment across the whole region, showing what happens when grazers are lost and a reef changes state.",
CR-079,1985,,1985,,1985,1980–1997,1.623249,Stony corals enter international wildlife-trade regulation,"Scleractinia are listed under CITES Appendix II, requiring permits for international trade.",Management milestone,International governance,Global backbone,Global coral trade,Stony corals,Recognizes extraction and aquarium/curio trade as international conservation issues.,CITES Appendices history and listings for Scleractinia,https://cites.org/eng/app/appendices.php,Primary treaty record,"Carpenter et al. (2008), One-third of reef-building corals face elevated extinction risk",https://doi.org/10.1126/science.1159196,Global assessment,High,Core,,"People, records & policy",People & policy,Law & governance,,,,,,,,,,Trading stony corals between countries began to need a permit,"Stony corals were added to Appendix II of CITES, the international agreement on wildlife trade. Anyone moving them between countries now needs a permit.","It treated coral collecting, and the aquarium and ornament trade, as issues for countries to handle together.",
CR-080,1986,,1986,,1986,1980–1997,1.612784,AIMS Long-Term Monitoring Program begins,Standardized repeated surveys create one of the world’s most important multi-decadal reef datasets.,Monitoring milestone,Scientific monitoring,Great Barrier Reef / Coral Sea,Great Barrier Reef,Great Barrier Reef,Enables attribution of coral loss and recovery across decades.,"De’ath et al. (2012), The 27-year decline of coral cover on the Great Barrier Reef",https://doi.org/10.1073/pnas.1208909109,Primary monitoring analysis,"AIMS (2025), Annual Summary Report of Coral Reef Condition 2024/25",https://www.aims.gov.au/monitoring-great-barrier-reef/gbr-condition-summary-2024-25,Official monitoring report,High,Core,,"Experiment, method & monitoring",Knowledge,Field observation & monitoring,,,,,,,,,,The AIMS Long Term Monitoring Program began,"Surveys of reefs began, repeated in the same way each time. They have built one of the world's most important reef records, covering many decades.",It lets scientists work out what caused coral loss and recovery across decades.,"[{""t"": ""NOAA Coral Reef Watch Program"", ""u"": ""https://coralreefwatch.noaa.gov/product/5km/tutorial/crw10a_dhw_product.php"", ""p"": ""NOAA Coral Reef Watch"", ""s"": ""How scientists watch reefs and reef heat stress""}, {""t"": ""Monitoring the Great Barrier Reef"", ""u"": ""https://www.aims.gov.au/research-topics/monitoring-and-discovery/monitoring-great-barrier-reef"", ""p"": ""Australian Institute of Marine Science (AIMS)"", ""s"": ""How scientists watch reefs and reef heat stress""}]"
CR-081,1987–1988,field trials,1987,,1987,1980–1997,1.60206,Coral transplantation is tested as a management tool,"Field trials assess survival, attachment and feasibility of moving coral fragments to damaged reefs.",Important experiment,Restoration science,Great Barrier Reef / Coral Sea,Great Barrier Reef,Reef restoration,Early foundation for modern coral gardening and transplantation.,"Harriott & Fisk (1988), Coral transplantation as a reef-management option",https://www.researchgate.net/publication/267385903_Coral_transplantation_as_a_reef_management_option,Primary transplantation experiment,"Forsman et al. (2015), Coral farming: effects of light, water motion and artificial foods",https://doi.org/10.1017/S0025315411001500,Primary propagation experiment,High,Core,,"Experiment, method & monitoring",Knowledge,Experimental & intervention science,,,,,,,,,,Scientists tested moving coral pieces onto damaged reefs,"Trials out on the reef checked whether coral fragments would survive, attach themselves and be practical to move to damaged reefs.",It was an early base for today's coral gardening and transplanting.,"[{""t"": ""Restoring corals"", ""u"": ""https://oceanservice.noaa.gov/education/tutorial_corals/coral15_restoring-corals.html"", ""p"": ""NOAA Ocean Service Education"", ""s"": ""Coral restoration and coral gardening""}, {""t"": ""Restoring Coral Reefs | NOAA Fisheries"", ""u"": ""https://www.fisheries.noaa.gov/national/habitat-conservation/restoring-coral-reefs"", ""p"": ""NOAA Fisheries"", ""s"": ""Coral restoration and coral gardening""}]"
CR-082,1990,,1990,,1990,1980–1997,1.568202,Controlled heating establishes species and regional differences in thermal tolerance,Comparative experiments show that bleaching thresholds depend on prior temperature regimes and coral origin.,Important experiment,Experimental science,Central / Eastern Pacific,Hawaii and Indo-Pacific comparisons,Reef corals,Introduces acclimatization and local thermal history into bleaching science.,"Jokiel & Coles (1990), Response of Hawaiian and other Indo-Pacific corals to elevated temperature",https://doi.org/10.1007/BF00265006,Primary experiment,"Howells et al. (2012), Local adaptation of coral-algal symbiosis to temperature",https://doi.org/10.1038/nclimate1330,Primary reciprocal-transplant study,High,Core,,"Experiment, method & monitoring",Knowledge,Experimental & intervention science,,,,,,,,,,Heating tests showed corals differ in how much heat they stand,"Experiments compared corals under carefully controlled heating. The temperature at which they bleached depended on the temperatures they had lived in before, and on where they came from.","It brought getting used to local heat, and a reef's past temperatures, into bleaching science.","[{""t"": ""What is coral bleaching?"", ""u"": ""https://oceanservice.noaa.gov/facts/coral_bleach.html"", ""p"": ""NOAA Ocean Service"", ""s"": ""What coral bleaching is and why it happens""}, {""t"": ""Coral bleaching 101"", ""u"": ""https://www2.gbrmpa.gov.au/learn/reef-health/coral-bleaching"", ""p"": ""Great Barrier Reef Marine Park Authority (Reef Authority)"", ""s"": ""What coral bleaching is and why it happens""}]"
CR-083,16-Nov-90,,1990.87,,1990,1980–1997,1.557868,Florida Keys National Marine Sanctuary is designated,A large multiple-use sanctuary creates a unified federal framework for the Florida Reef Tract.,Management milestone,Law and governance,Caribbean / Florida,Florida Keys,Florida Reef Tract,Major regional governance response to cumulative reef stress.,"NOAA, Florida Keys National Marine Sanctuary designation history",https://floridakeys.noaa.gov/about/sanctuary.html,Official institutional record,"Florida Keys National Marine Sanctuary and Protection Act, Public Law 101-605",https://www.congress.gov/bill/101st-congress/house-bill/5909,Primary legal record,High,Supporting,,"People, records & policy",People & policy,Law & governance,,,,,,,,,,The Florida Keys National Marine Sanctuary was created,A large protected area was set up that allows several different uses. It put the whole Florida Reef Tract under one national set of rules.,It was a big regional response to the stresses that had been building up on the reef.,"[{""t"": ""About Marine Protected Areas | National Marine Protected Areas Center"", ""u"": ""https://marineprotectedareas.noaa.gov/aboutmpas/"", ""p"": ""NOAA National Marine Protected Areas Center"", ""s"": ""Marine protected areas and no-take zones""}, {""t"": ""Marine Protected Areas"", ""u"": ""https://education.nationalgeographic.org/resource/marine-protected-areas/"", ""p"": ""National Geographic Education"", ""s"": ""Marine protected areas and no-take zones""}]"
CR-084,1991,,1991,,1991,1980–1997,1.556303,Molecular tools reveal hidden diversity in coral symbionts,Genetic markers show that “zooxanthellae” comprise distinct lineages rather than one universal symbiont.,Scientific finding,Molecular science,Global backbone,Caribbean and laboratory samples,Coral–algal symbiosis,Opens modern research on symbiont specificity and thermal tolerance.,"Rowan & Powers (1991), Molecular genetic identification of symbiotic dinoflagellates",https://doi.org/10.1126/science.251.4999.1348,Primary molecular study,"Rowan et al. (1997), Landscape ecology of algal symbionts and bleaching",https://doi.org/10.1038/40843,Primary field study,High,Core,,Science & discovery,Knowledge,Genomic & laboratory science,,,,,,,,,,Gene tests found several kinds of algae living inside corals,"Tests of their genes showed that the tiny algae living inside corals, called zooxanthellae, are not one single kind. They are several separate groups.",It opened modern research into which algae live with which corals and how well they cope with heat.,"[{""t"": ""Corals Tutorial: What is Zooxanthellae?"", ""u"": ""https://oceanservice.noaa.gov/education/tutorial_corals/coral02_zooxanthellae.html"", ""p"": ""NOAA National Ocean Service Education"", ""s"": ""The algae that live inside corals""}, {""t"": ""Corals"", ""u"": ""https://www.aims.gov.au/research-topics/marine-life/corals"", ""p"": ""Australian Institute of Marine Science"", ""s"": ""The algae that live inside corals""}]"
CR-085,1992,,1992,,1992,1980–1997,1.544068,Genetics overturns a single-species view of a dominant Caribbean coral,The Montastraea annularis complex is resolved into reproductively and genetically distinct sibling species.,Scientific finding,Molecular science,Caribbean / Florida,Caribbean,Massive Caribbean corals,Shows cryptic diversity and revises monitoring baselines.,"Knowlton et al. (1992), Sibling species in Montastraea annularis complex",https://doi.org/10.1126/science.255.5042.330,Primary genetic/taxonomic study,"Wallace (1999), Staghorn Corals of the World",https://www.publishing.csiro.au/book/2187/,Taxonomic monograph,High,Core,,Science & discovery,Knowledge,Genomic & laboratory science,,,,,,,,,,One common Caribbean coral turned out to be several species,The coral known as Montastraea annularis was found to be a group of closely related species. They differ in their genes and they breed separately from each other.,It showed that hidden species exist and changed the starting figures used for monitoring.,
CR-086,1995,,1995,,1995,1980–1997,1.50515,Caribbean bleaching becomes a symbiont “natural experiment”,Marked colonies reveal that bleaching patterns track the distribution and loss of different symbiont types.,Important experiment,Natural experiment,Caribbean / Florida,"San Blas, Panama",Caribbean reefs,Demonstrates that symbiont identity strongly shapes bleaching susceptibility.,"Rowan et al. (1997), Landscape ecology of algal symbionts and bleaching",https://doi.org/10.1038/40843,Primary field study,"Brown et al. (2000), Bleaching patterns predicted by solar-exposure history",https://doi.org/10.1038/35004657,Primary natural experiment,High,Core,,"Experiment, method & monitoring",Knowledge,Experimental & intervention science,,,,,,,,,,A Caribbean bleaching event became a natural experiment,"Scientists marked coral colonies and watched them bleach. Which corals turned pale followed where the different types of tiny algae inside them lived, and which types were lost.",It showed that the type of algae inside a coral strongly affects how easily that coral bleaches.,"[{""t"": ""What is coral bleaching?"", ""u"": ""https://oceanservice.noaa.gov/facts/coral_bleach.html"", ""p"": ""NOAA Ocean Service"", ""s"": ""What coral bleaching is and why it happens""}, {""t"": ""Coral bleaching 101"", ""u"": ""https://www2.gbrmpa.gov.au/learn/reef-health/coral-bleaching"", ""p"": ""Great Barrier Reef Marine Park Authority (Reef Authority)"", ""s"": ""What coral bleaching is and why it happens""}]"
CR-087,1995–1997,development and early operations,1995.5,,1995,1980–1997,1.498311,Satellite heat-stress metrics become operational for reefs,Sea-surface temperature anomalies and Degree Heating Weeks provide near-real-time bleaching risk indicators.,Technology / methods,Remote sensing,Global backbone,Global tropical oceans,Global reefs,Makes global early warning and comparative bleaching analysis possible.,"Donner et al. (2005), Global assessment of coral bleaching and required rates of adaptation",https://doi.org/10.1111/j.1365-2486.2005.01073.x,Global modelling study,"NOAA Coral Reef Watch, Fourth Global Bleaching Event status update (2 June 2026)",https://coralreefwatch.noaa.gov/satellite/research/coral_bleaching_report.php,Official monitoring record,Medium,Core,,"Experiment, method & monitoring",Knowledge,Remote sensing & imaging,,,,,,,,,,Satellites began tracking heat stress on reefs,"Satellites measured how far the sea surface temperature was above normal, and added heat up over time as Degree Heating Weeks. These gave an almost live warning of bleaching risk.",It made early warning possible worldwide and let scientists compare bleaching between places.,"[{""t"": ""NOAA Coral Reef Watch Program"", ""u"": ""https://coralreefwatch.noaa.gov/product/5km/tutorial/crw10a_dhw_product.php"", ""p"": ""NOAA Coral Reef Watch"", ""s"": ""How scientists watch reefs and reef heat stress""}, {""t"": ""Monitoring the Great Barrier Reef"", ""u"": ""https://www.aims.gov.au/research-topics/monitoring-and-discovery/monitoring-great-barrier-reef"", ""p"": ""Australian Institute of Marine Science (AIMS)"", ""s"": ""How scientists watch reefs and reef heat stress""}]"
CR-088,1997–1998,,1997,,1997,1980–1997,1.477121,First global mass coral bleaching event,A strong El Niño and record warmth trigger bleaching and mortality across all major tropical ocean basins.,Global bleaching event,Monitoring / field observation,Global backbone,Global tropical reefs,Global reefs,First event formally recognized as global in extent.,"NOAA Coral Reef Watch, Fourth Global Bleaching Event status update (2 June 2026)",https://coralreefwatch.noaa.gov/satellite/research/coral_bleaching_report.php,Official monitoring record,"Wilkinson (ed.) (2000), Status of Coral Reefs of the World: 2000",https://gcrmn.net/wp-content/uploads/2022/05/Status-of-Coral-Reefs-of-the-World-2000.pdf,Global monitoring report,High,Core,,Bleaching & heat stress,Reef change,Field observation & monitoring,,,,,,,,,,The first worldwide mass bleaching event hit coral reefs,A strong El Niño and record warm water set off bleaching and coral death. It reached every major tropical ocean.,It was the first bleaching event formally recognised as worldwide.,"[{""t"": ""What is coral bleaching?"", ""u"": ""https://oceanservice.noaa.gov/facts/coral_bleach.html"", ""p"": ""NOAA Ocean Service"", ""s"": ""What coral bleaching is and why it happens""}, {""t"": ""Coral bleaching 101"", ""u"": ""https://www2.gbrmpa.gov.au/learn/reef-health/coral-bleaching"", ""p"": ""Great Barrier Reef Marine Park Authority (Reef Authority)"", ""s"": ""What coral bleaching is and why it happens""}]"
CR-089,1998,,1998,,1998,1998–2013,1.462398,Indian Ocean reefs suffer exceptional mortality,"Maldives, Seychelles, Chagos and East African reefs experience some of the most severe losses of the first global event.",Bleaching event,Monitoring / field observation,Indian Ocean / Red Sea / Gulf,Western and central Indian Ocean,Indian Ocean reefs,A defining regional collapse with long recovery trajectories.,"Wilkinson (ed.) (2000), Status of Coral Reefs of the World: 2000",https://gcrmn.net/wp-content/uploads/2022/05/Status-of-Coral-Reefs-of-the-World-2000.pdf,Global monitoring report,"GCRMN (2021), Status of Coral Reefs of the World: 2020",https://gcrmn.net/2020-report/,Global monitoring report,High,Core,,Bleaching & heat stress,Reef change,Field observation & monitoring,,,,,,,,,,Indian Ocean reefs lost unusually large numbers of corals,"Reefs in the Maldives, Seychelles, Chagos and East Africa suffered some of the worst losses of the first global bleaching event.","It was a collapse that defined the region, and recovery there has been slow.","[{""t"": ""What is coral bleaching?"", ""u"": ""https://oceanservice.noaa.gov/facts/coral_bleach.html"", ""p"": ""NOAA Ocean Service"", ""s"": ""What coral bleaching is and why it happens""}, {""t"": ""Coral bleaching 101"", ""u"": ""https://www2.gbrmpa.gov.au/learn/reef-health/coral-bleaching"", ""p"": ""Great Barrier Reef Marine Park Authority (Reef Authority)"", ""s"": ""What coral bleaching is and why it happens""}]"
CR-090,1998,,1998.2,,1998,1998–2013,1.459392,Great Barrier Reef records its first modern mass bleaching,"Aerial surveys document bleaching across hundreds of reefs, with severe local mortality.",Bleaching event,Scientific monitoring,Great Barrier Reef / Coral Sea,Great Barrier Reef,Great Barrier Reef,Begins the modern GBR sequence of recurrent mass bleaching.,"AIMS dataset: Coral bleaching events 1998 and 2002, Great Barrier Reef",https://apps.aims.gov.au/metadata/view/bf722d7c-4659-471d-9864-6a8960c72a70,Primary monitoring dataset,"Hughes et al. (2017), Global warming and recurrent mass bleaching of corals",https://doi.org/10.1038/nature21707,Primary regional/global analysis,High,Core,,Bleaching & heat stress,Reef change,Field observation & monitoring,,,,,,,,,,The Great Barrier Reef had its first modern mass bleaching,Surveys from the air recorded bleaching across hundreds of reefs. In some places many of the corals died.,It started the modern run of repeated mass bleaching on the Great Barrier Reef.,"[{""t"": ""What is coral bleaching?"", ""u"": ""https://oceanservice.noaa.gov/facts/coral_bleach.html"", ""p"": ""NOAA Ocean Service"", ""s"": ""What coral bleaching is and why it happens""}, {""t"": ""Coral bleaching 101"", ""u"": ""https://www2.gbrmpa.gov.au/learn/reef-health/coral-bleaching"", ""p"": ""Great Barrier Reef Marine Park Authority (Reef Authority)"", ""s"": ""What coral bleaching is and why it happens""}]"
CR-091,1998–2000,institutional consolidation,1998.5,,1998,1998–2013,1.454845,Global Coral Reef Monitoring Network consolidates post-bleaching reporting,International monitoring reports compare the first global event across regions and standardize status reporting.,Monitoring milestone,Global monitoring,Global backbone,Global tropical reefs,Global reefs,Creates a recurring global reporting architecture.,"Wilkinson (ed.) (2000), Status of Coral Reefs of the World: 2000",https://gcrmn.net/wp-content/uploads/2022/05/Status-of-Coral-Reefs-of-the-World-2000.pdf,Global monitoring report,"GCRMN (2021), Status of Coral Reefs of the World: 2020",https://gcrmn.net/2020-report/,Global monitoring report,High,Core,,"Experiment, method & monitoring",Knowledge,Field observation & monitoring,,,,,,,,,,A global network begins reporting on reefs in one shared way,International monitoring reports compared the first global bleaching event across different regions. They set out one shared way of reporting how reefs are doing.,It set up a regular way to report on reefs around the world.,
CR-092,1999,,1999,,1999,1998–2013,1.447158,Experiments identify photosystem damage as a bleaching mechanism,"Heat and light damage photosystem II in symbiotic algae, linking cellular photoinhibition to bleaching.",Important experiment,Experimental science,Global backbone,Laboratory reef corals,Coral–algal symbiosis,Provides a mechanistic explanation for temperature–light interactions.,"Warner et al. (1999), Damage to photosystem II in symbiotic dinoflagellates",https://doi.org/10.1073/pnas.96.14.8007,Primary experiment,"Brown et al. (2000), Bleaching patterns predicted by solar-exposure history",https://doi.org/10.1038/35004657,Primary natural experiment,High,Core,,"Experiment, method & monitoring",Knowledge,Experimental & intervention science,,,,,,,,,,Experiments show how heat and light damage the coral's algae,"Experiments showed that heat and light damage photosystem II, the light-catching part of the tiny algae that live inside corals. This cell damage was linked to bleaching, when corals turn white.",It explains how temperature and light work together to harm corals.,"[{""t"": ""What is coral bleaching?"", ""u"": ""https://oceanservice.noaa.gov/facts/coral_bleach.html"", ""p"": ""NOAA Ocean Service"", ""s"": ""What coral bleaching is and why it happens""}, {""t"": ""Coral bleaching 101"", ""u"": ""https://www2.gbrmpa.gov.au/learn/reef-health/coral-bleaching"", ""p"": ""Great Barrier Reef Marine Park Authority (Reef Authority)"", ""s"": ""What coral bleaching is and why it happens""}]"
CR-093,1999,,1999.2,,1999,1998–2013,1.444045,Climate projections warn that annual bleaching could become commonplace,A landmark synthesis connects expected ocean warming to increasingly frequent bleaching and reef decline.,Scientific finding,Climate-impact projection,Global backbone,Global tropical reefs,Global reefs,Moves bleaching from episodic anomaly to predictable climate risk.,"Hoegh-Guldberg (1999), Climate change, coral bleaching and future reefs",https://doi.org/10.1071/MF99078,Synthesis/projection,"Donner et al. (2005), Global assessment of coral bleaching and required rates of adaptation",https://doi.org/10.1111/j.1365-2486.2005.01073.x,Global modelling study,High,Core,,Science & discovery,Knowledge,Published analysis & synthesis,,,,,,,,,,Scientists warn bleaching could happen almost every year,"An important review linked the ocean warming scientists expect to more and more frequent bleaching, and to reefs declining. It warned that yearly bleaching could become common.",It turned bleaching from an occasional oddity into a climate risk that can be predicted.,"[{""t"": ""Scenarios and climate models"", ""u"": ""https://www.canada.ca/en/environment-climate-change/services/climate-change/canadian-centre-climate-services/basics/scenario-models.html"", ""p"": ""Government of Canada, Canadian Centre for Climate Services"", ""s"": ""What climate projections, emissions scenarios and warming limits mean""}, {""t"": ""The Paris Agreement | United Nations"", ""u"": ""https://www.un.org/en/climatechange/paris-agreement"", ""p"": ""United Nations"", ""s"": ""What climate projections, emissions scenarios and warming limits mean""}]"
CR-094,2000,,2000,,2000,1998–2013,1.431364,Solar exposure history is shown to shape bleaching susceptibility,Natural shading patterns allow researchers to predict which surfaces of individual colonies bleach.,Important experiment,Natural experiment,Indian Ocean / Red Sea / Gulf,Thailand,Indo-Pacific reef corals,Demonstrates acclimatization at colony scale.,"Brown et al. (2000), Bleaching patterns predicted by solar-exposure history",https://doi.org/10.1038/35004657,Primary natural experiment,"Jokiel & Coles (1990), Response of Hawaiian and other Indo-Pacific corals to elevated temperature",https://doi.org/10.1007/BF00265006,Primary experiment,High,Core,,"Experiment, method & monitoring",Knowledge,Experimental & intervention science,,,,,,,,,,How much sun a coral has had changes its bleaching risk,Researchers used natural patterns of shade to predict which surfaces of a single coral colony would bleach.,"It shows that corals can get used to their conditions, even within one colony.","[{""t"": ""What is coral bleaching?"", ""u"": ""https://oceanservice.noaa.gov/facts/coral_bleach.html"", ""p"": ""NOAA Ocean Service"", ""s"": ""What coral bleaching is and why it happens""}, {""t"": ""Coral bleaching 101"", ""u"": ""https://www2.gbrmpa.gov.au/learn/reef-health/coral-bleaching"", ""p"": ""Great Barrier Reef Marine Park Authority (Reef Authority)"", ""s"": ""What coral bleaching is and why it happens""}]"
CR-095,2001,,2001,,2001,1998–2013,1.414973,“Adaptive bleaching” hypothesis is tested with transplants,Experimental host–symbiont combinations suggest bleaching can sometimes permit association with better-suited algae.,Important experiment,Experimental science,Caribbean / Florida,Panama,Coral–algal symbiosis,Influential—and debated—idea about acclimatization under climate change.,"Baker (2001), Reef corals bleach to survive change",https://doi.org/10.1038/35081151,Primary transplant experiment,"Rowan (2004), Thermal adaptation in reef coral symbionts",https://doi.org/10.1038/430742a,Primary experiment,High,Core,"Present as a hypothesis supported in some systems, not a universal rescue mechanism.","Experiment, method & monitoring",Knowledge,Experimental & intervention science,,,,,,,,,,Scientists test the idea that bleaching can help corals swap algae,Researchers paired corals with different types of the tiny algae that live inside them. The results suggest that bleaching can sometimes let a coral take up algae that suit it better.,"It is an influential idea about how corals might adjust as the climate changes, and scientists still argue about it.","[{""t"": ""Breeding temperature tolerant corals for reef restoration and adaptation"", ""u"": ""https://www.aims.gov.au/research-topics/featured-projects/reef-spawning-research-aims/breeding-temperature-tolerant-corals-reef-restoration-and-adaptation"", ""p"": ""Australian Institute of Marine Science (AIMS)"", ""s"": ""Helping corals cope with heat: breeding and assisted evolution""}]"
CR-096,2002,,2002,,2002,1998–2013,1.39794,Second major Great Barrier Reef mass bleaching event,"Aerial surveys find bleaching over more than half of surveyed reefs, though severe mortality remains localized.",Bleaching event,Scientific monitoring,Great Barrier Reef / Coral Sea,Great Barrier Reef,Great Barrier Reef,Shows repeated regional events before the era of near-consecutive bleaching.,"AIMS dataset: Coral bleaching events 1998 and 2002, Great Barrier Reef",https://apps.aims.gov.au/metadata/view/bf722d7c-4659-471d-9864-6a8960c72a70,Primary monitoring dataset,"Hughes et al. (2017), Global warming and recurrent mass bleaching of corals",https://doi.org/10.1038/nature21707,Primary regional/global analysis,High,Core,,Bleaching & heat stress,Reef change,Field observation & monitoring,,,,,,,,,,The Great Barrier Reef bleaches badly for the second time,Surveys from the air found bleaching on more than half of the reefs they checked. Severe coral death stayed in scattered places rather than spreading everywhere.,"It shows the region bleached more than once, before the years of almost back to back bleaching.","[{""t"": ""What is coral bleaching?"", ""u"": ""https://oceanservice.noaa.gov/facts/coral_bleach.html"", ""p"": ""NOAA Ocean Service"", ""s"": ""What coral bleaching is and why it happens""}, {""t"": ""Coral bleaching 101"", ""u"": ""https://www2.gbrmpa.gov.au/learn/reef-health/coral-bleaching"", ""p"": ""Great Barrier Reef Marine Park Authority (Reef Authority)"", ""s"": ""What coral bleaching is and why it happens""}]"
CR-097,2002,,2002.2,,2002,1998–2013,1.394452,Coral-associated bacterial communities are mapped with molecular methods,"Culture-independent surveys reveal diverse, host-associated microbiota and establish the coral microbiome as a research field.",Scientific finding,Molecular science,Global backbone,Caribbean corals,Coral holobiont,Expands the reef unit of study from coral plus algae to a multi-partner holobiont.,"Rohwer et al. (2002), Diversity and distribution of coral-associated bacteria",https://doi.org/10.3354/meps243001,Primary microbiome study,"Levin et al. (2017), Engineering strategies to decode and enhance coral symbiosis",https://doi.org/10.3389/fmicb.2017.01220,Methods/research agenda,High,Core,,Science & discovery,Knowledge,Genomic & laboratory science,,,,,,,,,,Scientists map the many bacteria that live on corals,"New molecular methods let scientists survey coral bacteria without growing them in the lab first. They found many different bacteria living with corals, which started the study of the coral microbiome, the community of tiny living things in and on a coral.","Scientists now study a reef as a coral plus its algae plus other partners, all living together.",
CR-098,2003,,2003,,2003,1998–2013,1.380211,Reef resilience framework links climate change and local human pressure,A major synthesis argues that overfishing and pollution can erode the capacity of reefs to recover from climate shocks.,Scientific finding,Published science,Global backbone,Global,Global reefs,Shapes two decades of resilience-based management.,"Hughes et al. (2003), Climate change, human impacts, and coral reef resilience",https://doi.org/10.1126/science.1085046,Synthesis/analysis,"Graham et al. (2015), Predicting climate-driven regime shifts versus rebound potential",https://doi.org/10.1038/nature14140,Primary comparative analysis,High,Core,,Science & discovery,Knowledge,Published analysis & synthesis,,,,,,,,,,Overfishing and pollution can weaken a reef's ability to recover,A major review argued that overfishing and pollution can wear down a reef's ability to bounce back from climate shocks.,It guided twenty years of management aimed at keeping reefs able to recover.,"[{""t"": ""What is climate change?"", ""u"": ""https://weather.metoffice.gov.uk/climate-change/what-is-climate-change"", ""p"": ""Met Office (UK)"", ""s"": ""Climate change and a warming ocean""}, {""t"": ""Climate change"", ""u"": ""https://www.aims.gov.au/research-topics/environmental-issues/climate-change"", ""p"": ""Australian Institute of Marine Science (AIMS)"", ""s"": ""Climate change and a warming ocean""}]"
CR-099,2004,,2004,,2004,1998–2013,1.361728,Thermally adapted symbionts are linked to greater coral heat tolerance,Field and physiological evidence shows some symbiont lineages raise host bleaching thresholds.,Scientific finding,Experimental science,Coral Triangle / Western Pacific,Guam / western Pacific,Coral–algal symbiosis,Identifies a biological source of variation in climate sensitivity.,"Rowan (2004), Thermal adaptation in reef coral symbionts",https://doi.org/10.1038/430742a,Primary experiment,"Howells et al. (2012), Local adaptation of coral-algal symbiosis to temperature",https://doi.org/10.1038/nclimate1330,Primary reciprocal-transplant study,High,Core,,Science & discovery,Knowledge,Experimental & intervention science,,,,,,,,,,Some heat-adapted algae help corals cope with warmer water,Evidence from the field and from studies of how corals work showed that some types of the tiny algae inside corals let their coral take more heat before it bleaches.,It points to a biological reason why some corals are more sensitive to climate than others.,"[{""t"": ""Breeding temperature tolerant corals for reef restoration and adaptation"", ""u"": ""https://www.aims.gov.au/research-topics/featured-projects/reef-spawning-research-aims/breeding-temperature-tolerant-corals-reef-restoration-and-adaptation"", ""p"": ""Australian Institute of Marine Science (AIMS)"", ""s"": ""Helping corals cope with heat: breeding and assisted evolution""}]"
CR-100,2004,,2004.2,,2004,1998–2013,1.357935,Great Barrier Reef rezoning greatly expands no-take protection,The Representative Areas Program places about one-third of the marine park in no-take zones.,Management milestone,Marine spatial planning,Great Barrier Reef / Coral Sea,Australia,Great Barrier Reef,One of the largest ecosystem-scale marine zoning reforms.,"GBRMPA, Representative Areas Program and 2004 zoning plan",https://www2.gbrmpa.gov.au/learn/management/zoning,Primary management record,"UNESCO World Heritage Committee, Great Barrier Reef inscription (1981)",https://whc.unesco.org/en/list/154/,Primary institutional record,High,Core,,"People, records & policy",People & policy,Law & governance,,,,,,,,,,New zones protect about a third of the Great Barrier Reef,The Representative Areas Program put about one-third of the marine park into no-take zones. No-take means nothing may be fished or collected there.,It was one of the largest changes to ocean zoning ever made across a whole ecosystem.,"[{""t"": ""About Marine Protected Areas | National Marine Protected Areas Center"", ""u"": ""https://marineprotectedareas.noaa.gov/aboutmpas/"", ""p"": ""NOAA National Marine Protected Areas Center"", ""s"": ""Marine protected areas and no-take zones""}, {""t"": ""Marine Protected Areas"", ""u"": ""https://education.nationalgeographic.org/resource/marine-protected-areas/"", ""p"": ""National Geographic Education"", ""s"": ""Marine protected areas and no-take zones""}]"
CR-101,2005,,2005,,2005,1998–2013,1.342423,Record Caribbean thermal stress and bleaching,The tropical Atlantic experiences basin-wide bleaching and substantial delayed mortality and disease.,Bleaching event,Monitoring / field observation,Caribbean / Florida,Caribbean basin,Caribbean reefs,A defining regional event before the third global episode.,"Donner et al. (2005), Global assessment of coral bleaching and required rates of adaptation",https://doi.org/10.1111/j.1365-2486.2005.01073.x,Global modelling study,"GCRMN (2021), Status of Coral Reefs of the World: 2020",https://gcrmn.net/2020-report/,Global monitoring report,High,Core,,Bleaching & heat stress,Reef change,Field observation & monitoring,,,,,,,,,,Record heat and widespread bleaching across the Caribbean,"Corals bleached right across the tropical Atlantic. A lot of coral died later on, and there was a lot of disease.",It was the defining event for the region before the third global bleaching episode.,"[{""t"": ""What is coral bleaching?"", ""u"": ""https://oceanservice.noaa.gov/facts/coral_bleach.html"", ""p"": ""NOAA Ocean Service"", ""s"": ""What coral bleaching is and why it happens""}, {""t"": ""Coral bleaching 101"", ""u"": ""https://www2.gbrmpa.gov.au/learn/reef-health/coral-bleaching"", ""p"": ""Great Barrier Reef Marine Park Authority (Reef Authority)"", ""s"": ""What coral bleaching is and why it happens""}]"
CR-102,2006,,2006,,2006,1998–2013,1.322219,Elkhorn and staghorn corals receive U.S. Endangered Species Act protection,Acropora palmata and A. cervicornis become the first corals listed as threatened under the U.S. ESA.,Management milestone,Law and governance,Caribbean / Florida,U.S. Caribbean and Florida,Caribbean Acropora reefs,Formal recognition of functional collapse in dominant reef builders.,"Carpenter et al. (2008), One-third of reef-building corals face elevated extinction risk",https://doi.org/10.1126/science.1159196,Global assessment,"Gladfelter (1982), White-band disease in Acropora  [no citable record found]",,Primary disease study,High,Core,Add the Federal Register listing as the final legal primary source.,"People, records & policy",People & policy,Law & governance,,,,,,,,,,Elkhorn and staghorn corals become protected in the United States,"Elkhorn and staghorn corals, known to scientists as Acropora palmata and A. cervicornis, were listed as threatened. They were the first corals ever listed under the U.S. Endangered Species Act.",It was official recognition that corals which build much of the reef were no longer doing that job.,
CR-103,2006,,2006.3,,2006,1998–2013,1.31597,Deep cold-water coral reefs become a mainstream conservation issue,Global syntheses document widespread deep coral frameworks threatened by trawling and extraction.,Scientific finding,Published science,Deep / cold-water corals,North Atlantic and global margins,Cold-water coral reefs,Broadens “reef conservation” beyond shallow tropical systems.,"Roberts et al. (2006), Reefs of the deep: cold-water coral ecosystems",https://doi.org/10.1126/science.1119861,Synthesis,"Freiwald et al. (2004), Cold-water Coral Reefs",https://wedocs.unep.org/20.500.11822/8727,Global assessment,High,Core,,Science & discovery,Knowledge,Published analysis & synthesis,,,,,,,,,,Deep cold-water coral reefs become a major conservation concern,"Global reviews described deep coral structures found widely around the world. They are threatened by trawling, where nets are dragged along the sea floor, and by things being taken from the sea bed.","It widened reef conservation beyond warm, shallow reefs.","[{""t"": ""Do all corals live in warm water?"", ""u"": ""https://oceanexplorer.noaa.gov/ocean-fact/coral-water/"", ""p"": ""NOAA Ocean Exploration"", ""s"": ""Cold-water and deep-sea corals""}]"
CR-104,2006,,2006.5,,2006,1998–2013,1.311754,Fishing experiments reveal herbivore-driven trophic cascades,Manipulating fish access shows that loss of grazers can promote macroalgae and impede coral recovery.,Important experiment,Field experiment,Caribbean / Florida,Bahamas,Caribbean reefs,Directly links fishing pressure to reef phase shifts.,"Mumby et al. (2006), Fishing, trophic cascades, and herbivory on coral reefs",https://doi.org/10.1126/science.1121129,Primary field experiment,"Lessios et al. (1984), Spread of Diadema mass mortality through the Caribbean",https://doi.org/10.1126/science.226.4672.335,Primary field study,High,Core,,"Experiment, method & monitoring",Knowledge,Experimental & intervention science,,,,,,,,,,Experiments show plant-eating fish help corals recover,Scientists changed which fish could reach parts of a reef. Losing the fish that graze can let large seaweeds take over and can slow coral recovery.,It directly links fishing pressure to reefs shifting into a different state.,"[{""t"": ""Sustainable Fishing"", ""u"": ""https://education.nationalgeographic.org/resource/sustainable-fishing/"", ""p"": ""National Geographic Education"", ""s"": ""Fishing pressure and overfishing on reefs""}]"
CR-105,2008,,2008,,2008,1998–2013,1.278754,Global assessment finds one-third of reef-building corals at elevated extinction risk,Species-level threat assessment identifies climate change and disease as leading risks.,Scientific finding,Global assessment,Global backbone,Global,Reef-building corals,Creates the first comprehensive global coral extinction-risk benchmark.,"Carpenter et al. (2008), One-third of reef-building corals face elevated extinction risk",https://doi.org/10.1126/science.1159196,Global assessment,"Hughes et al. (2003), Climate change, human impacts, and coral reef resilience",https://doi.org/10.1126/science.1085046,Synthesis/analysis,High,Core,,Science & discovery,Knowledge,Published analysis & synthesis,,,,,,,,,,One-third of reef-building corals face a higher risk of extinction,A global assessment looked at coral species one by one and found that one-third of reef-building corals are at raised risk of extinction. Climate change and disease were the leading risks.,It was the first full global measure of how close corals are to extinction.,"[{""t"": ""IUCN Red List of Threatened Species"", ""u"": ""https://www.iucnredlist.org/about/background-history"", ""p"": ""IUCN"", ""s"": ""Corals as threatened species""}]"
CR-106,2009–2011,field programme,2009,,2009,1998–2013,1.255273,Natural CO2 seeps show how acidification restructures reefs,Field gradients reveal reduced coral diversity and increasing dominance of non-calcifiers as pH falls.,Important experiment,Natural experiment,Coral Triangle / Western Pacific,Papua New Guinea,Shallow coral reefs,Provides an ecosystem-scale analogue for ocean acidification.,"Fabricius et al. (2011), Losers and winners in coral reefs acclimatized to elevated CO2",https://doi.org/10.1038/nclimate1122,Primary natural-analogue study,"Kroeker et al. (2013), Impacts of ocean acidification on marine organisms",https://doi.org/10.1111/gcb.12179,Meta-analysis,High,Core,,"Experiment, method & monitoring",Knowledge,Experimental & intervention science,,,,,,,,,,Natural CO2 leaks show how more acidic water changes reefs,"In places where CO2 leaks naturally into the sea, the water gradually becomes more acidic. Along those gradients there are fewer kinds of coral, and living things that do not build hard skeletons take over.","It gives a real-life example, at the size of a whole ecosystem, of ocean acidification.","[{""t"": ""What is Ocean Acidification?"", ""u"": ""https://oceanservice.noaa.gov/facts/acidification.html"", ""p"": ""NOAA Ocean Service"", ""s"": ""Ocean acidification and coral skeletons""}, {""t"": ""Ocean Acidification"", ""u"": ""https://ocean.si.edu/ocean-life/invertebrates/ocean-acidification"", ""p"": ""Smithsonian Ocean"", ""s"": ""Ocean acidification and coral skeletons""}]"
CR-107,15-May-09,,2009.37,,2009,1998–2013,1.246252,Coral Triangle Initiative launches regional political cooperation,"Six countries coordinate on reefs, fisheries and food security across the world centre of coral diversity.",Management milestone,Regional governance,Coral Triangle / Western Pacific,"Manado, Indonesia; Coral Triangle region",Coral Triangle reefs,Largest multilateral governance framework focused on the Coral Triangle.,"CTI-CFF Leaders Declaration, Manado, 15 May 2009",https://www.cticff.org/library/cti-cff-leaders-declaration,Primary intergovernmental declaration,"Cinner et al. (2016), Bright spots among the world’s coral reefs",https://doi.org/10.1038/nature18607,Primary global comparative analysis,High,Supporting,,"People, records & policy",People & policy,Law & governance,,,,,,,,,,Six countries join forces to protect the Coral Triangle,"Six countries agreed to work together on reefs, fishing and food security. Their area is the part of the world with the most kinds of coral.",It is the largest agreement between governments focused on the Coral Triangle.,
CR-108,2010,,2010,,2010,1998–2013,1.230449,Second global mass coral bleaching event,Warm anomalies across major basins produce the second formally recognized global event.,Global bleaching event,Global monitoring,Global backbone,Global tropical reefs,Global reefs,Confirms that global bleaching is recurrent rather than singular.,"NOAA Coral Reef Watch, Fourth Global Bleaching Event status update (2 June 2026)",https://coralreefwatch.noaa.gov/satellite/research/coral_bleaching_report.php,Official monitoring record,"GCRMN (2021), Status of Coral Reefs of the World: 2020",https://gcrmn.net/2020-report/,Global monitoring report,High,Core,,Bleaching & heat stress,Reef change,Field observation & monitoring,,,,,,,,,,The world's corals bleach on a global scale a second time,Unusually warm water across the major ocean basins caused the second bleaching event officially recognised as global.,"It confirmed that global bleaching happens again and again, not just once.","[{""t"": ""What is coral bleaching?"", ""u"": ""https://oceanservice.noaa.gov/facts/coral_bleach.html"", ""p"": ""NOAA Ocean Service"", ""s"": ""What coral bleaching is and why it happens""}, {""t"": ""Coral bleaching 101"", ""u"": ""https://www2.gbrmpa.gov.au/learn/reef-health/coral-bleaching"", ""p"": ""Great Barrier Reef Marine Park Authority (Reef Authority)"", ""s"": ""What coral bleaching is and why it happens""}]"
CR-109,2010,,2010.2,,2010,1998–2013,1.225309,Southeast Asia and the Andaman Sea experience severe bleaching,Large parts of the Coral Triangle and northern Indian Ocean bleach during the second global event.,Bleaching event,Monitoring / field observation,Coral Triangle / Western Pacific,Southeast Asia and Andaman Sea,Coral Triangle reefs,Major regional expression of the 2010 global event.,"GCRMN (2021), Status of Coral Reefs of the World: 2020",https://gcrmn.net/2020-report/,Global monitoring report,"NOAA Coral Reef Watch, Fourth Global Bleaching Event status update (2 June 2026)",https://coralreefwatch.noaa.gov/satellite/research/coral_bleaching_report.php,Official monitoring record,High,Core,,Bleaching & heat stress,Reef change,Field observation & monitoring,,,,,,,,,,Severe bleaching hits Southeast Asia and the Andaman Sea,Large parts of the Coral Triangle and the northern Indian Ocean bleached during the second global event.,It was how the 2010 global event showed up in this region.,"[{""t"": ""What is coral bleaching?"", ""u"": ""https://oceanservice.noaa.gov/facts/coral_bleach.html"", ""p"": ""NOAA Ocean Service"", ""s"": ""What coral bleaching is and why it happens""}, {""t"": ""Coral bleaching 101"", ""u"": ""https://www2.gbrmpa.gov.au/learn/reef-health/coral-bleaching"", ""p"": ""Great Barrier Reef Marine Park Authority (Reef Authority)"", ""s"": ""What coral bleaching is and why it happens""}]"
CR-110,2010,,2010.27,,2010,1998–2013,1.223496,United Kingdom declares the Chagos Marine Protected Area,"A very large no-take designation covers remote central Indian Ocean reef systems, amid legal, sovereignty and Chagossian-rights controversy.",Management milestone,Law and governance,Indian Ocean / Red Sea / Gulf,Chagos Archipelago,Chagos reefs,Pairs large-scale protection with unresolved questions of displacement and sovereignty.,"Government of Mauritius, Cabinet decision on the proposed Chagos Marine Protected Area, 2 April 2010",https://pmo.govmu.org/CabinetDecision/2010/Cabinet-Decisions-taken-on-2-April.aspx,Primary governmental record,"GCRMN (2021), Status of Coral Reefs of the World: 2020",https://gcrmn.net/2020-report/,Global monitoring report,High,Supporting,Any public narrative should distinguish ecological designation from the continuing sovereignty and displacement dispute.,"People, records & policy",People & policy,Law & governance,,,,,,,,,,The United Kingdom creates the huge Chagos Marine Protected Area,"A very large no-take area was declared over remote reefs in the central Indian Ocean. No-take means nothing may be caught or collected there. The decision was argued over in law, over who the islands belong to, and over the rights of the Chagossian people.","It brought protection on a very large scale, but questions about people moved away from their homes and about who the islands belong to were left unsettled.","[{""t"": ""About Marine Protected Areas | National Marine Protected Areas Center"", ""u"": ""https://marineprotectedareas.noaa.gov/aboutmpas/"", ""p"": ""NOAA National Marine Protected Areas Center"", ""s"": ""Marine protected areas and no-take zones""}, {""t"": ""Marine Protected Areas"", ""u"": ""https://education.nationalgeographic.org/resource/marine-protected-areas/"", ""p"": ""National Geographic Education"", ""s"": ""Marine protected areas and no-take zones""}]"
CR-111,2011,,2011,,2011,1998–2013,1.20412,First reef-coral genome is published,"The Acropora digitifera genome enables modern comparative genomics of calcification, immunity and stress response.",Scientific finding,Genomics,Coral Triangle / Western Pacific,"Okinawa, Japan",Acropora reefs,Creates a genomic reference for coral biology and adaptation.,"Shinzato et al. (2011), Acropora digitifera genome",https://doi.org/10.1038/nature10249,Primary genome paper,"Dixon et al. (2015), Genomic determinants of coral heat tolerance",https://doi.org/10.1126/science.1261224,Primary genomic study,High,Core,,Science & discovery,Knowledge,Genomic & laboratory science,,,,,,,,,,Scientists publish the first genome of a reef coral,"Scientists read the full set of DNA, called the genome, of the coral Acropora digitifera. That let them compare genes for building skeletons, fighting off disease and coping with stress.",It gives coral scientists a DNA reference for studying coral biology and how corals adapt.,
CR-112,2011,,2011.3,,2011,1998–2013,1.1959,Western Australia marine heatwave causes unprecedented reef loss,"Extreme warming affects reefs across thousands of kilometres, including Ningaloo and offshore systems.",Bleaching event,Monitoring / field observation,Indian Ocean / Red Sea / Gulf,Western Australia,Ningaloo and WA reefs,Shows that even relatively remote reefs can be hit by regional marine heatwaves.,"Moore et al. (2012), Unprecedented mass bleaching and loss of coral across 12° latitude in WA",https://doi.org/10.1371/journal.pone.0051807,Primary field study,"Le Nohaïc et al. (2017), Mass bleaching of thermally resistant corals in NW Australia",https://doi.org/10.1038/s41598-017-14794-y,Primary field study,High,Core,,Bleaching & heat stress,Reef change,Field observation & monitoring,,,,,,,,,,A marine heatwave causes record reef loss in Western Australia,Extreme warming affected reefs across thousands of kilometres. Ningaloo and reefs further offshore were among them.,It shows that even fairly remote reefs can be hit by heatwaves in the sea.,"[{""t"": ""Marine Heatwaves | National Marine Ecosystem Status"", ""u"": ""https://ecowatch.noaa.gov/thematic/marine-heatwaves"", ""p"": ""NOAA"", ""s"": ""Marine heatwaves: when the sea gets too hot""}]"
CR-113,2012,,2012,,2012,1998–2013,1.176091,"GBR monitoring attributes long decline to cyclones, crown-of-thorns and bleaching",A 27-year analysis quantifies drivers of coral-cover loss and estimates recovery potential without COTS.,Scientific finding,Monitoring analysis,Great Barrier Reef / Coral Sea,Great Barrier Reef,Great Barrier Reef,Landmark attribution of cumulative reef decline.,"De’ath et al. (2012), The 27-year decline of coral cover on the Great Barrier Reef",https://doi.org/10.1073/pnas.1208909109,Primary monitoring analysis,"AIMS (2025), Annual Summary Report of Coral Reef Condition 2024/25",https://www.aims.gov.au/monitoring-great-barrier-reef/gbr-condition-summary-2024-25,Official monitoring report,High,Core,,Science & discovery,Knowledge,Field observation & monitoring,,,,,,,,,,"Cyclones, crown-of-thorns starfish and bleaching drove a long reef decline",A study covering 27 years measured what was causing the Great Barrier Reef to lose coral. It also worked out how much the reef could recover without crown-of-thorns starfish.,It was a landmark study of how different pressures added up to cause the reef's decline.,"[{""t"": ""Crown-of-Thorns Starfish"", ""u"": ""https://www.aims.gov.au/research-topics/marine-life/crown-thorns-starfish"", ""p"": ""Australian Institute of Marine Science (AIMS)"", ""s"": ""Crown-of-thorns starfish outbreaks""}, {""t"": ""Crown-of-thorns starfish | Coral Reefs, Invasive Species & Predators | Britannica"", ""u"": ""https://www.britannica.com/animal/crown-of-thorns-starfish"", ""p"": ""Encyclopaedia Britannica"", ""s"": ""Crown-of-thorns starfish outbreaks""}]"
CR-114,2012,,2012.2,,2012,1998–2013,1.170262,Panoramic reef-imaging programmes create a visual baseline,"Seaview-style surveys capture georeferenced, repeatable reef imagery at unprecedented scale.",Technology / methods,Remote sensing / imaging,Global / multiple regions,Global reef regions,Global reefs,Prepares reef monitoring for automation and public visualization.,Global Reef Record / XL Catlin Seaview Survey archive,https://globalreefrecord.org/,Primary imagery/data programme,"Beijbom et al. (2012), Automated annotation of coral reef survey images",https://doi.org/10.1109/CVPR.2012.6247798,Primary computer-vision methods,High,Core,,"Experiment, method & monitoring",Knowledge,Remote sensing & imaging,,,,,,,,,,Wide-angle photo surveys create a picture record of reefs,"Survey programmes took wide, panoramic photos of reefs on a scale never reached before. Each photo is tagged with its exact position, so the same spot can be photographed again.",It got reef monitoring ready for machines to do the work and for the public to see reefs.,
CR-115,2013,,2013,,2013,1998–2013,1.146128,Meta-analysis consolidates ocean-acidification effects across taxa,"Synthesized experiments show generally negative effects on calcification, survival and development, with substantial variability.",Scientific finding,Meta-analysis,Global backbone,Global marine experiments,Reef calcifiers,Clarifies an interacting global stressor beyond warming.,"Kroeker et al. (2013), Impacts of ocean acidification on marine organisms",https://doi.org/10.1111/gcb.12179,Meta-analysis,"Eyre et al. (2018), Coral reefs will transition to net dissolving before end of century",https://doi.org/10.1126/science.aao1118,Primary field synthesis/model,High,Core,,Science & discovery,Knowledge,Published analysis & synthesis,,,,,,,,,,A big review pulls together the effects of ocean acidification,"Scientists combined the results of many experiments on ocean acidification. The effects on building skeletons, on survival and on development were mostly bad, but they varied a lot.",It makes clear that acidification is a second worldwide stress that acts along with warming.,"[{""t"": ""What is Ocean Acidification?"", ""u"": ""https://oceanservice.noaa.gov/facts/acidification.html"", ""p"": ""NOAA Ocean Service"", ""s"": ""Ocean acidification and coral skeletons""}, {""t"": ""Ocean Acidification"", ""u"": ""https://ocean.si.edu/ocean-life/invertebrates/ocean-acidification"", ""p"": ""Smithsonian Ocean"", ""s"": ""Ocean acidification and coral skeletons""}]"
CR-116,2014,,2014,,2014,2014–2026,1.113943,Assisted evolution is proposed as an explicit reef-intervention strategy,"Researchers outline selective breeding, symbiont manipulation and conditioning to accelerate climate tolerance.",Scientific finding,Intervention science,Global backbone,Global,Reef restoration,Marks a shift from conserving existing states toward actively shaping future reefs.,"van Oppen et al. (2015), Building coral reef resilience through assisted evolution",https://doi.org/10.1073/pnas.1422301112,Conceptual/experimental agenda,"Palumbi et al. (2014), Mechanisms of reef coral resistance to future climate",https://doi.org/10.1126/science.1251336,Primary genomic/physiological study,High,Core,,Science & discovery,Knowledge,Experimental & intervention science,,,,,,,,,,Scientists propose helping corals evolve faster,"Researchers set out ways to speed up how well corals cope with a warming climate. These were breeding chosen corals, changing the tiny algae inside them, and conditioning corals by exposing them to conditions in advance.",It marks a shift from protecting reefs as they are towards actively shaping what future reefs will be.,"[{""t"": ""Breeding temperature tolerant corals for reef restoration and adaptation"", ""u"": ""https://www.aims.gov.au/research-topics/featured-projects/reef-spawning-research-aims/breeding-temperature-tolerant-corals-reef-restoration-and-adaptation"", ""p"": ""Australian Institute of Marine Science (AIMS)"", ""s"": ""Helping corals cope with heat: breeding and assisted evolution""}]"
CR-117,2014–2017,to 2017,2014,,2014,2014–2026,1.113943,Third global mass coral bleaching event,Prolonged ocean heat affects reefs across all tropical basins for three consecutive years.,Global bleaching event,Global monitoring,Global backbone,Global tropical reefs,Global reefs,"At the time, the longest and most extensive global bleaching event.","NOAA Coral Reef Watch, Fourth Global Bleaching Event status update (2 June 2026)",https://coralreefwatch.noaa.gov/satellite/research/coral_bleaching_report.php,Official monitoring record,"Hughes et al. (2018), Spatial and temporal patterns of mass bleaching",https://doi.org/10.1126/science.aan8048,Primary global analysis,High,Core,,Bleaching & heat stress,Reef change,Field observation & monitoring,,,,,,,,,,Corals bleach worldwide for a third time over three years,Long-lasting ocean heat affected reefs across every tropical ocean basin for three years in a row.,"At the time, it was the longest and most widespread global bleaching event.","[{""t"": ""What is coral bleaching?"", ""u"": ""https://oceanservice.noaa.gov/facts/coral_bleach.html"", ""p"": ""NOAA Ocean Service"", ""s"": ""What coral bleaching is and why it happens""}, {""t"": ""Coral bleaching 101"", ""u"": ""https://www2.gbrmpa.gov.au/learn/reef-health/coral-bleaching"", ""p"": ""Great Barrier Reef Marine Park Authority (Reef Authority)"", ""s"": ""What coral bleaching is and why it happens""}]"
CR-118,2014,,2014.5,,2014,2014–2026,1.09691,Genomic and physiological work maps heat-resistant coral populations,Fine-scale field experiments identify heritable and acclimatory mechanisms associated with survival in hot microhabitats.,Important experiment,Genomics / physiology,Coral Triangle / Western Pacific,American Samoa,Pacific reef corals,Provides evidence that some adaptive capacity exists—but is spatially uneven.,"Palumbi et al. (2014), Mechanisms of reef coral resistance to future climate",https://doi.org/10.1126/science.1251336,Primary genomic/physiological study,"Dixon et al. (2015), Genomic determinants of coral heat tolerance",https://doi.org/10.1126/science.1261224,Primary genomic study,High,Core,,"Experiment, method & monitoring",Knowledge,Genomic & laboratory science,,,,,,,,,,Scientists find coral populations that can handle heat,"Careful field experiments looked at corals surviving in naturally hot spots. That survival was linked to two things: traits passed down from parent corals, and the corals getting used to the heat.","It shows corals have some ability to adapt, but that ability is uneven from place to place.","[{""t"": ""Breeding temperature tolerant corals for reef restoration and adaptation"", ""u"": ""https://www.aims.gov.au/research-topics/featured-projects/reef-spawning-research-aims/breeding-temperature-tolerant-corals-reef-restoration-and-adaptation"", ""p"": ""Australian Institute of Marine Science (AIMS)"", ""s"": ""Helping corals cope with heat: breeding and assisted evolution""}]"
CR-119,2015,,2015,,2015,2014–2026,1.079181,Reciprocal and genomic studies show heat tolerance is partly heritable,Larval and adult experiments identify genetic variation that can support selection under warming.,Scientific finding,Genomics / experiment,Great Barrier Reef / Coral Sea,Great Barrier Reef and Pacific,Reef corals,Underpins selective-breeding and assisted-gene-flow proposals.,"Dixon et al. (2015), Genomic determinants of coral heat tolerance",https://doi.org/10.1126/science.1261224,Primary genomic study,"Bay & Palumbi (2017), Transcriptome predictors of coral survival and growth",https://doi.org/10.1002/ece3.2685,Primary genomic study,High,Core,,Science & discovery,Knowledge,Genomic & laboratory science,,,,,,,,,,Heat tolerance in corals is partly passed down through genes,Experiments on coral larvae and adults found differences in their genes. Those differences could allow heat-tolerant corals to be selected as the ocean warms.,It supports proposals to breed tougher corals and to move helpful genes between reefs.,"[{""t"": ""Breeding temperature tolerant corals for reef restoration and adaptation"", ""u"": ""https://www.aims.gov.au/research-topics/featured-projects/reef-spawning-research-aims/breeding-temperature-tolerant-corals-reef-restoration-and-adaptation"", ""p"": ""Australian Institute of Marine Science (AIMS)"", ""s"": ""Helping corals cope with heat: breeding and assisted evolution""}]"
CR-120,2015,,2015.2,,2015,2014–2026,1.071882,ReFuGe 2020 coordinates coral genomic resources,An international consortium promotes reference genomes and standardized molecular resources for reef conservation.,Scientific programme,Genomics,Global backbone,Global,Coral genomics,Helps move coral genomics from isolated projects to comparative infrastructure.,"Voolstra et al. (2015), The ReFuGe 2020 Consortium",https://doi.org/10.3389/fmars.2015.00068,Research programme,"Shinzato et al. (2011), Acropora digitifera genome",https://doi.org/10.1038/nature10249,Primary genome paper,High,Supporting,,"Experiment, method & monitoring",Knowledge,Genomic & laboratory science,,,,,,,,,,ReFuGe 2020 brings coral DNA projects together,"An international group encouraged reference genomes, which are complete DNA sets used for comparison. It also pushed for shared standards in coral molecular work for reef conservation.",It helped turn separate coral DNA projects into shared tools that can be compared.,
CR-121,2015–2016,heatwave,2015.5,,2015,2014–2026,1.060698,Kiritimati heatwave becomes a prolonged natural experiment,Tagged colonies show contrasting resistance and recovery pathways mediated by symbionts and local disturbance.,Important experiment,Natural experiment,Central / Eastern Pacific,"Kiritimati, Kiribati",Pacific atoll reefs,Reveals that survival can involve both initial resistance and later symbiont change.,"Claar et al. (2020), Dynamic symbioses reveal pathways through prolonged heatwaves",https://doi.org/10.1038/s41467-020-19169-y,Primary natural experiment,"Rowan (2004), Thermal adaptation in reef coral symbionts",https://doi.org/10.1038/430742a,Primary experiment,High,Core,,"Experiment, method & monitoring",Knowledge,Experimental & intervention science,,,,,,,,,,A long heatwave at Kiritimati became a natural experiment,"Scientists tagged coral colonies and followed them through the heatwave. The colonies differed in how they resisted the heat and how they recovered. The tiny algae living inside the corals, and local disturbance, shaped those different paths.",It shows survival can involve resisting the heat at first and changing the tiny algae inside later.,"[{""t"": ""Marine Heatwaves | National Marine Ecosystem Status"", ""u"": ""https://ecowatch.noaa.gov/thematic/marine-heatwaves"", ""p"": ""NOAA"", ""s"": ""Marine heatwaves: when the sea gets too hot""}]"
CR-122,2016,,2016,,2016,2014–2026,1.041393,Great Barrier Reef suffers unprecedented northern mass bleaching,Extreme heat causes severe bleaching and mortality across the northern thousand kilometres.,Bleaching event,Scientific monitoring,Great Barrier Reef / Coral Sea,Northern Great Barrier Reef,Great Barrier Reef,First of a rapid sequence that overwhelms historical recovery intervals.,"Hughes et al. (2017), Global warming and recurrent mass bleaching of corals",https://doi.org/10.1038/nature21707,Primary regional/global analysis,"Australian Institute of Marine Science, Coral bleaching events",https://www.aims.gov.au/research-topics/environmental-issues/coral-bleaching/coral-bleaching-events,Official monitoring synthesis,High,Core,,Bleaching & heat stress,Reef change,Field observation & monitoring,,,,,,,,,,Never before seen bleaching hit the northern Great Barrier Reef,"Extreme heat caused severe bleaching, when corals turn white under stress, and killed corals too. The damage ran across the northern thousand kilometres of the reef.",It was the first in a fast run of events that came quicker than the recovery times reefs used to get.,"[{""t"": ""What is coral bleaching?"", ""u"": ""https://oceanservice.noaa.gov/facts/coral_bleach.html"", ""p"": ""NOAA Ocean Service"", ""s"": ""What coral bleaching is and why it happens""}, {""t"": ""Coral bleaching 101"", ""u"": ""https://www2.gbrmpa.gov.au/learn/reef-health/coral-bleaching"", ""p"": ""Great Barrier Reef Marine Park Authority (Reef Authority)"", ""s"": ""What coral bleaching is and why it happens""}]"
CR-123,2016,,2016.2,,2016,2014–2026,1.033424,Western Australian thermally extreme reefs bleach at regional scale,"The 2015–16 marine heatwave affects even naturally hot, variable Kimberley reef environments.",Bleaching event,Field study,Indian Ocean / Red Sea / Gulf,"Kimberley, Western Australia",Macrotidal coral reefs,Challenges the assumption that extreme habitats are automatically climate refuges.,"Le Nohaïc et al. (2017), Mass bleaching of thermally resistant corals in NW Australia",https://doi.org/10.1038/s41598-017-14794-y,Primary field study,"Moore et al. (2012), Unprecedented mass bleaching and loss of coral across 12° latitude in WA",https://doi.org/10.1371/journal.pone.0051807,Primary field study,High,Core,,Bleaching & heat stress,Reef change,Field observation & monitoring,,,,,,,,,,Naturally hot reefs in Western Australia bleached across the region,The marine heatwave of 2015 and 2016 affected even the Kimberley reefs. Those reef environments are naturally hot and their temperatures swing a lot.,It challenges the idea that reefs in extreme places are automatically safe from climate change.,"[{""t"": ""What is coral bleaching?"", ""u"": ""https://oceanservice.noaa.gov/facts/coral_bleach.html"", ""p"": ""NOAA Ocean Service"", ""s"": ""What coral bleaching is and why it happens""}, {""t"": ""Coral bleaching 101"", ""u"": ""https://www2.gbrmpa.gov.au/learn/reef-health/coral-bleaching"", ""p"": ""Great Barrier Reef Marine Park Authority (Reef Authority)"", ""s"": ""What coral bleaching is and why it happens""}]"
CR-124,2016,,2016.4,,2016,2014–2026,1.025306,Global “bright spots” analysis identifies unexpectedly successful reefs,Comparative social–ecological analysis finds sites performing better than expected despite human pressure.,Scientific finding,Global comparative analysis,Global backbone,Global tropical reefs,Global reefs,Redirects attention toward enabling institutions and local stewardship.,"Cinner et al. (2016), Bright spots among the world’s coral reefs",https://doi.org/10.1038/nature18607,Primary global comparative analysis,"Johannes (1978), Traditional marine conservation methods in Oceania",https://doi.org/10.1146/annurev.es.09.110178.002025,Ethnographic synthesis,High,Core,,Science & discovery,Knowledge,Published analysis & synthesis,,,,,,,,,,A global study found reefs doing better than expected,"Researchers compared reefs and the people who live alongside them. Some sites were doing better than expected, even with pressure from humans.","It moves attention towards organisations that make success possible, and towards people caring for their own reefs.",
CR-125,2016–2017,emergence and spread,2016.5,,2016,2014–2026,1.021189,Stony coral tissue loss disease emerges as a Caribbean crisis,"A highly lethal disease spreads from Florida and later through the wider Caribbean, affecting many species.",Disease / ecological cascade,Monitoring / field observation,Caribbean / Florida,Florida Reef Tract and Caribbean,Caribbean reefs,One of the fastest and broadest coral-disease outbreaks recorded.,"Precht et al. (2016), Unprecedented disease-related coral mortality in southeastern Florida",https://doi.org/10.1038/srep31374,Primary disease study,"Neely et al. (2021), Rapid population decline of pillar coral from disease",https://doi.org/10.3389/fmars.2021.656515,Primary monitoring study,High,Core,,Crisis & decline,Reef change,Field observation & monitoring,,,,,,,,,,Stony coral tissue loss disease became a Caribbean crisis,A disease that kills corals very often spread out from Florida. It later moved through the wider Caribbean and affected many coral species.,It is one of the fastest and most widespread coral disease outbreaks ever recorded.,"[{""t"": ""Coral Disease - History and General Information"", ""u"": ""https://cdhc.noaa.gov/coral-disease/"", ""p"": ""NOAA Coral Disease and Health Consortium"", ""s"": ""Diseases that kill corals""}, {""t"": ""Florida's Coral Reef Disease Outbreak | Florida Keys National Marine Sanctuary"", ""u"": ""https://floridakeys.noaa.gov/coral-disease/"", ""p"": ""NOAA Florida Keys National Marine Sanctuary"", ""s"": ""Diseases that kill corals""}]"
CR-126,2017,,2017,,2017,2014–2026,1,Back-to-back bleaching strikes the central Great Barrier Reef,A second consecutive summer of severe heat expands cumulative damage southward.,Bleaching event,Scientific monitoring,Great Barrier Reef / Coral Sea,Central Great Barrier Reef,Great Barrier Reef,First documented back-to-back mass bleaching on the GBR.,"Hughes et al. (2017), Global warming and recurrent mass bleaching of corals",https://doi.org/10.1038/nature21707,Primary regional/global analysis,"Australian Institute of Marine Science, Coral bleaching events",https://www.aims.gov.au/research-topics/environmental-issues/coral-bleaching/coral-bleaching-events,Official monitoring synthesis,High,Core,,Bleaching & heat stress,Reef change,Field observation & monitoring,,,,,,,,,,Bleaching hit the central Great Barrier Reef two years running,A second summer of severe heat followed straight after the first. The damage built up and spread further south.,It was the first recorded time mass bleaching happened in two summers in a row on the Great Barrier Reef.,"[{""t"": ""What is coral bleaching?"", ""u"": ""https://oceanservice.noaa.gov/facts/coral_bleach.html"", ""p"": ""NOAA Ocean Service"", ""s"": ""What coral bleaching is and why it happens""}, {""t"": ""Coral bleaching 101"", ""u"": ""https://www2.gbrmpa.gov.au/learn/reef-health/coral-bleaching"", ""p"": ""Great Barrier Reef Marine Park Authority (Reef Authority)"", ""s"": ""What coral bleaching is and why it happens""}]"
CR-127,2017,,2017.2,,2017,2014–2026,0.991226,Larval “seeding” demonstrates a lower-cost restoration pathway,Sexually produced coral settlers are reared and outplanted at scales larger than conventional fragment gardening.,Important experiment,Restoration science,Caribbean / Florida,Curaçao,Reef restoration,Advances restoration that preserves genetic diversity.,"Chamberland et al. (2017), New seeding approach reduces costs of coral restoration",https://doi.org/10.1038/s41598-017-17555-z,Primary restoration experiment,"Harrison et al. (1984), Mass spawning in tropical reef corals",https://doi.org/10.1126/science.223.4641.1186,Primary observation,High,Core,,"Experiment, method & monitoring",Knowledge,Experimental & intervention science,,,,,,,,,,Seeding reefs with young corals showed a cheaper way to restore,"Corals were bred from eggs and sperm, and the young corals were raised and planted out on reefs. This was done on a larger scale than the usual method of growing broken coral pieces.",It improves reef restoration in a way that keeps a wide mix of coral genes.,"[{""t"": ""Restoring corals"", ""u"": ""https://oceanservice.noaa.gov/education/tutorial_corals/coral15_restoring-corals.html"", ""p"": ""NOAA Ocean Service Education"", ""s"": ""Coral restoration and coral gardening""}, {""t"": ""Restoring Coral Reefs | NOAA Fisheries"", ""u"": ""https://www.fisheries.noaa.gov/national/habitat-conservation/restoring-coral-reefs"", ""p"": ""NOAA Fisheries"", ""s"": ""Coral restoration and coral gardening""}]"
CR-128,2018,,2018,,2018,2014–2026,0.954243,Mass bleaching becomes five times more frequent than in the early 1980s,"Global analysis shows bleaching intervals have shortened dramatically, leaving less recovery time.",Scientific finding,Global monitoring analysis,Global backbone,Global tropical reefs,Global reefs,Quantifies the collapse of historical recovery windows.,"Hughes et al. (2018), Spatial and temporal patterns of mass bleaching",https://doi.org/10.1126/science.aan8048,Primary global analysis,"Sully et al. (2019), A global analysis of coral bleaching over two decades",https://doi.org/10.1038/s41467-019-09238-2,Primary global database analysis,High,Core,,Science & discovery,Knowledge,Field observation & monitoring,,,,,,,,,,Mass bleaching became five times more common than in the early 1980s,A global study showed the gaps between bleaching events have become much shorter. That leaves corals far less time to recover.,It puts numbers on how the recovery time reefs used to get has disappeared.,"[{""t"": ""What is climate change?"", ""u"": ""https://weather.metoffice.gov.uk/climate-change/what-is-climate-change"", ""p"": ""Met Office (UK)"", ""s"": ""Climate change and a warming ocean""}, {""t"": ""Climate change"", ""u"": ""https://www.aims.gov.au/research-topics/environmental-issues/climate-change"", ""p"": ""Australian Institute of Marine Science (AIMS)"", ""s"": ""Climate change and a warming ocean""}]"
CR-129,2018,,2018.2,,2018,2014–2026,0.944483,Reef accretion models warn many reefs may fail to track sea-level rise,Field-derived carbonate budgets show widespread erosion or insufficient growth under degraded conditions.,Scientific finding,Geological/ecological modelling,Global backbone,Atlantic and Indo-Pacific sites,Shallow coral reefs,Connects ecological decline to coastal-protection failure.,"Perry et al. (2018), Loss of coral reef growth capacity to track sea-level rise",https://doi.org/10.1038/s41586-018-0194-z,Primary global analysis,"Eyre et al. (2018), Coral reefs will transition to net dissolving before end of century",https://doi.org/10.1126/science.aao1118,Primary field synthesis/model,High,Core,,Science & discovery,Knowledge,Geological & fossil evidence,,,,,,,,,,Models warn many reefs may not keep up with rising seas,"Scientists measured in the field how much limestone reefs gain and lose. On damaged reefs, many were wearing away or not growing fast enough.",It links the decline of reef life to reefs no longer protecting the coast.,"[{""t"": ""Is sea level rising?"", ""u"": ""https://oceanservice.noaa.gov/facts/sealevel.html"", ""p"": ""NOAA Ocean Service"", ""s"": ""Sea-level rise, reefs and the coasts and islands they shelter""}, {""t"": ""How do coral reefs protect lives and property?"", ""u"": ""https://oceanservice.noaa.gov/facts/coral_protect.html"", ""p"": ""NOAA Ocean Service"", ""s"": ""Sea-level rise, reefs and the coasts and islands they shelter""}]"
CR-130,2018–2020,research synthesis,2018.5,,2018,2014–2026,0.929419,Mesophotic reefs are tested—and limited—as climate refuges,Surveys and demographic studies show deeper reefs can shelter some taxa but cannot replace shallow reef diversity or connectivity.,Scientific finding,Field observation,Deep / cold-water corals,Tropical mesophotic zones,Mesophotic coral ecosystems,Refines a major conservation hypothesis.,"Bridge et al. (2012), Diversity of Scleractinia and Octocorallia in mesophotic reefs",https://doi.org/10.1007/s00338-011-0828-1,Primary field study,"Ainsworth et al. (2016), Climate-change refugia on the Great Barrier Reef",https://doi.org/10.1126/science.aac7125,Primary environmental analysis,High,Supporting,,Science & discovery,Knowledge,Field observation & monitoring,,,,,,,,,,Deeper reefs were tested as safe havens and found limited,"Surveys and population studies looked at mesophotic reefs, which are reefs in deeper water. They can shelter some groups of species. They cannot replace the variety of life on shallow reefs, or the links between shallow reefs.",It sharpens a major idea in conservation rather than leaving it untested.,"[{""t"": ""What are Mesophotic Coral Ecosystems?"", ""u"": ""https://oceanservice.noaa.gov/facts/mesophotic.html"", ""p"": ""NOAA National Ocean Service"", ""s"": ""Mesophotic reefs, the ocean's twilight zone""}]"
CR-131,2019,,2019,,2019,2014–2026,0.90309,Global analysis maps two decades of bleaching patterns,A standardized database reveals how local temperature variability and geography shape bleaching response.,Scientific finding,Global monitoring analysis,Global backbone,Global tropical reefs,Global reefs,Improves comparative forecasting beyond single events.,"Sully et al. (2019), A global analysis of coral bleaching over two decades",https://doi.org/10.1038/s41467-019-09238-2,Primary global database analysis,"NOAA Coral Reef Watch, Fourth Global Bleaching Event status update (2 June 2026)",https://coralreefwatch.noaa.gov/satellite/research/coral_bleaching_report.php,Official monitoring record,High,Core,,Science & discovery,Knowledge,Field observation & monitoring,,,,,,,,,,Global analysis maps two decades of bleaching patterns,"A database built with the same methods everywhere showed what shapes bleaching. How much local temperatures swing, and where a reef sits, both matter.","It helps scientists compare reefs and forecast bleaching, not just study one event at a time.","[{""t"": ""What is coral bleaching?"", ""u"": ""https://oceanservice.noaa.gov/facts/coral_bleach.html"", ""p"": ""NOAA Ocean Service"", ""s"": ""What coral bleaching is and why it happens""}, {""t"": ""Coral bleaching 101"", ""u"": ""https://www2.gbrmpa.gov.au/learn/reef-health/coral-bleaching"", ""p"": ""Great Barrier Reef Marine Park Authority (Reef Authority)"", ""s"": ""What coral bleaching is and why it happens""}]"
CR-132,2019,,2019.2,,2019,2014–2026,0.892095,Recruitment collapse is documented after repeated GBR bleaching,"Adult mortality sharply reduces larval supply, changing the mix and geography of new coral recruits.",Scientific finding,Demographic field study,Great Barrier Reef / Coral Sea,Great Barrier Reef,Great Barrier Reef,"Shows how heatwaves affect the next generation, not only surviving adults.","Hughes et al. (2019), Global warming impairs stock-recruitment dynamics of corals",https://doi.org/10.1038/s41586-019-1081-y,Primary demographic analysis,"Harrison et al. (1984), Mass spawning in tropical reef corals",https://doi.org/10.1126/science.223.4641.1186,Primary observation,High,Core,,Science & discovery,Knowledge,Field observation & monitoring,,,,,,,,,,Far fewer baby corals appeared after repeated Great Barrier Reef bleaching,"So many adult corals died that far fewer coral larvae were produced. That changed which young corals settled, and where they settled.","It shows heatwaves affect the next generation of corals, not only the adults that survive.","[{""t"": ""What is coral bleaching?"", ""u"": ""https://oceanservice.noaa.gov/facts/coral_bleach.html"", ""p"": ""NOAA Ocean Service"", ""s"": ""What coral bleaching is and why it happens""}, {""t"": ""Coral bleaching 101"", ""u"": ""https://www2.gbrmpa.gov.au/learn/reef-health/coral-bleaching"", ""p"": ""Great Barrier Reef Marine Park Authority (Reef Authority)"", ""s"": ""What coral bleaching is and why it happens""}]"
CR-133,2019,,2019.4,,2019,2014–2026,0.880814,Coral probiotics show experimental protection from heat stress,Manipulating beneficial microorganisms improves bleaching resistance and recovery in controlled trials.,Important experiment,Intervention science,Atlantic / Africa,Brazilian coral experiments,Coral holobiont,First strong proof-of-concept for microbiome-assisted resilience.,"Rosado et al. (2019), Marine probiotics increase coral resistance to bleaching",https://doi.org/10.1038/s41396-018-0323-6,Primary experiment,"Levin et al. (2017), Engineering strategies to decode and enhance coral symbiosis",https://doi.org/10.3389/fmicb.2017.01220,Methods/research agenda,High,Core,,"Experiment, method & monitoring",Knowledge,Experimental & intervention science,,,,,,,,,,Helpful microbes protected corals from heat stress in experiments,"Scientists changed the helpful microorganisms living with corals. In controlled trials, the corals resisted bleaching better and recovered better.",It was the first strong proof that helping corals through their tiny living partners can work.,
CR-134,2020,,2020,,2020,2014–2026,0.845098,Great Barrier Reef experiences its third mass bleaching in five years,"Aerial surveys find widespread bleaching across northern, central and southern sectors.",Bleaching event,Scientific monitoring,Great Barrier Reef / Coral Sea,Great Barrier Reef,Great Barrier Reef,Demonstrates basin-scale heat stress without a strong El Niño prerequisite.,"Australian Institute of Marine Science, Coral bleaching events",https://www.aims.gov.au/research-topics/environmental-issues/coral-bleaching/coral-bleaching-events,Official monitoring synthesis,"Hughes et al. (2018), Spatial and temporal patterns of mass bleaching",https://doi.org/10.1126/science.aan8048,Primary global analysis,High,Core,,Bleaching & heat stress,Reef change,Field observation & monitoring,,,,,,,,,,The Great Barrier Reef had its third mass bleaching in five years,"Surveys from the air found widespread bleaching in the northern, central and southern parts of the reef.",It showed heat stress can cover a whole ocean basin without a strong El Nino first.,"[{""t"": ""What is coral bleaching?"", ""u"": ""https://oceanservice.noaa.gov/facts/coral_bleach.html"", ""p"": ""NOAA Ocean Service"", ""s"": ""What coral bleaching is and why it happens""}, {""t"": ""Coral bleaching 101"", ""u"": ""https://www2.gbrmpa.gov.au/learn/reef-health/coral-bleaching"", ""p"": ""Great Barrier Reef Marine Park Authority (Reef Authority)"", ""s"": ""What coral bleaching is and why it happens""}]"
CR-135,2020,,2020.2,,2020,2014–2026,0.832509,Laboratory evolution of symbionts increases coral heat tolerance,Heat-evolved microalgae confer greater bleaching tolerance to coral larvae in experiments.,Important experiment,Intervention science,Great Barrier Reef / Coral Sea,Australian laboratory systems,Coral–algal symbiosis,A direct assisted-evolution demonstration.,"Buerger et al. (2020), Heat-evolved microalgal symbionts increase coral bleaching tolerance",https://doi.org/10.1126/sciadv.aba2498,Primary evolution experiment,"van Oppen et al. (2015), Building coral reef resilience through assisted evolution",https://doi.org/10.1073/pnas.1422301112,Conceptual/experimental agenda,High,Core,,"Experiment, method & monitoring",Knowledge,Experimental & intervention science,,,,,,,,,,Algae evolved in the laboratory raised coral heat tolerance,"Scientists let tiny algae evolve under heat in the laboratory. In experiments, those algae gave coral larvae, the youngest corals, better tolerance of bleaching.","It is a direct demonstration of assisted evolution, where scientists help a species adapt.","[{""t"": ""Breeding temperature tolerant corals for reef restoration and adaptation"", ""u"": ""https://www.aims.gov.au/research-topics/featured-projects/reef-spawning-research-aims/breeding-temperature-tolerant-corals-reef-restoration-and-adaptation"", ""p"": ""Australian Institute of Marine Science (AIMS)"", ""s"": ""Helping corals cope with heat: breeding and assisted evolution""}]"
CR-136,2020–2024,deployment period,2020.5,,2020,2014–2026,0.812913,ReefCloud and related platforms automate benthic-image analysis,"Cloud workflows combine expert validation, machine learning and standardized image products for broad monitoring programmes.",Technology / methods,AI and imaging,Great Barrier Reef / Coral Sea,Australia and partner regions,Global reefs,Makes large-scale image monitoring operational rather than experimental.,AIMS ReefCloud platform,https://reefcloud.ai/,Operational monitoring platform,"Beijbom et al. (2012), Automated annotation of coral reef survey images",https://doi.org/10.1109/CVPR.2012.6247798,Primary computer-vision methods,High,Supporting,,"Experiment, method & monitoring",Knowledge,Remote sensing & imaging,,,,,,,,,,ReefCloud and similar tools automate analysis of seabed photos,These systems run online and combine checking by experts with machine learning. They turn reef photos into standard products that wide monitoring programmes can use.,It makes large scale photo monitoring an everyday tool rather than an experiment.,"[{""t"": ""NOAA Coral Reef Watch Program"", ""u"": ""https://coralreefwatch.noaa.gov/product/5km/tutorial/crw10a_dhw_product.php"", ""p"": ""NOAA Coral Reef Watch"", ""s"": ""How scientists watch reefs and reef heat stress""}, {""t"": ""Monitoring the Great Barrier Reef"", ""u"": ""https://www.aims.gov.au/research-topics/monitoring-and-discovery/monitoring-great-barrier-reef"", ""p"": ""Australian Institute of Marine Science (AIMS)"", ""s"": ""How scientists watch reefs and reef heat stress""}]"
CR-137,2021,,2021,,2021,2014–2026,0.778151,Global monitoring estimates 14% coral loss from 2009 to 2018,The first comprehensive global status report in years synthesizes tens of thousands of surveys.,Scientific finding,Global monitoring,Global backbone,Global tropical reefs,Global reefs,Creates a standardized pre-fourth-event global baseline.,"GCRMN (2021), Status of Coral Reefs of the World: 2020",https://gcrmn.net/2020-report/,Global monitoring report,"Carpenter et al. (2008), One-third of reef-building corals face elevated extinction risk",https://doi.org/10.1126/science.1159196,Global assessment,High,Core,,Science & discovery,Knowledge,Field observation & monitoring,,,,,,,,,,Global monitoring estimates 14% coral loss from 2009 to 2018,It was the first full global status report for years. It brought together tens of thousands of reef surveys.,"It gives one global starting point, measured the same way, from before the fourth global event.",
CR-138,2021,,2021.2,,2021,2014–2026,0.763428,Allen Coral Atlas produces global high-resolution reef habitat maps,Satellite data and machine learning map shallow coral habitats for monitoring and planning.,Technology / methods,Remote sensing,Global backbone,Global tropical reefs,Global reefs,Makes consistent global spatial layers available for management.,"Roelfsema et al. (2021), Global coral reef habitat maps and remote sensing",https://doi.org/10.3389/fmars.2021.643381,Primary remote-sensing product,"Beijbom et al. (2012), Automated annotation of coral reef survey images",https://doi.org/10.1109/CVPR.2012.6247798,Primary computer-vision methods,High,Core,,"Experiment, method & monitoring",Knowledge,Remote sensing & imaging,,,,,,,,,,The Allen Coral Atlas mapped reef habitats worldwide in fine detail,Satellite data and machine learning were used to map shallow coral habitats. The maps are for monitoring and for planning.,Managers everywhere can now use the same maps of where reefs are.,
CR-139,2022,,2022,,2022,2014–2026,0.69897,GBR mass bleaching occurs during La Niña,Above-average temperatures trigger the first recorded GBR mass bleaching during a La Niña phase.,Bleaching event,Scientific monitoring,Great Barrier Reef / Coral Sea,Great Barrier Reef,Great Barrier Reef,Shows that background warming can overwhelm historically cooler climate phases.,"AIMS (2022), Annual Summary Report of Coral Reef Condition 2021/22",https://www.aims.gov.au/monitoring-great-barrier-reef/gbr-condition-summary-2021-22,Official monitoring report,"Australian Institute of Marine Science, Coral bleaching events",https://www.aims.gov.au/research-topics/environmental-issues/coral-bleaching/coral-bleaching-events,Official monitoring synthesis,High,Core,,Bleaching & heat stress,Reef change,Field observation & monitoring,,,,,,,,,,Mass bleaching hit the Great Barrier Reef during a La Nina,Temperatures were above average and set off mass bleaching. It was the first mass bleaching recorded on the Great Barrier Reef during a La Nina phase.,It shows that the ongoing warming can overpower climate phases that used to be cooler.,"[{""t"": ""What is coral bleaching?"", ""u"": ""https://oceanservice.noaa.gov/facts/coral_bleach.html"", ""p"": ""NOAA Ocean Service"", ""s"": ""What coral bleaching is and why it happens""}, {""t"": ""Coral bleaching 101"", ""u"": ""https://www2.gbrmpa.gov.au/learn/reef-health/coral-bleaching"", ""p"": ""Great Barrier Reef Marine Park Authority (Reef Authority)"", ""s"": ""What coral bleaching is and why it happens""}]"
CR-140,2022,,2022.2,,2022,2014–2026,0.681241,Thermal stress is linked to productive viral infection in coral symbionts,Experiments show heat can switch some dinoflagellate viruses from persistent to productive infection.,Important experiment,Microbiome / virology,Central / Eastern Pacific,Moorea laboratory coral system,Coral holobiont,Adds viruses to mechanistic bleaching research.,"Grupstra et al. (2022), Thermal stress induces productive viral infection in coral symbionts",https://doi.org/10.1038/s41396-022-01194-y,Primary experiment,"Rohwer et al. (2002), Diversity and distribution of coral-associated bacteria",https://doi.org/10.3354/meps243001,Primary microbiome study,High,Supporting,,"Experiment, method & monitoring",Knowledge,Genomic & laboratory science,,,,,,,,,,Heat stress was linked to active virus infections in coral algae,"In experiments, heat switched some viruses in the tiny algae from a quiet, long lasting infection to an active one.",It adds viruses to the research on how bleaching actually works.,
CR-141,2023,,2023,,2023,2014–2026,0.60206,Unprecedented Florida Keys heat triggers emergency coral rescue,Record early-season heat causes severe bleaching and prompts relocation of nursery corals and intensified monitoring.,Bleaching event,Emergency response / monitoring,Caribbean / Florida,Florida Keys,Florida Reef Tract,A highly visible early phase of the fourth global event.,"NOAA, Emergency response to 2023 Florida Keys coral bleaching",https://www.fisheries.noaa.gov/feature-story/noaa-and-partners-respond-unprecedented-heat-stress-floridas-coral-reef,Official response record,"NOAA Coral Reef Watch, Fourth Global Bleaching Event status update (2 June 2026)",https://coralreefwatch.noaa.gov/satellite/research/coral_bleaching_report.php,Official monitoring record,High,Core,,Bleaching & heat stress,Reef change,Field observation & monitoring,,,,,,,,,,Record heat in the Florida Keys forced an emergency coral rescue,Record heat arrived early in the season and caused severe bleaching. Teams moved corals out of nurseries and increased their monitoring.,It was a very visible early stage of the fourth global event.,"[{""t"": ""What is coral bleaching?"", ""u"": ""https://oceanservice.noaa.gov/facts/coral_bleach.html"", ""p"": ""NOAA Ocean Service"", ""s"": ""What coral bleaching is and why it happens""}, {""t"": ""Coral bleaching 101"", ""u"": ""https://www2.gbrmpa.gov.au/learn/reef-health/coral-bleaching"", ""p"": ""Great Barrier Reef Marine Park Authority (Reef Authority)"", ""s"": ""What coral bleaching is and why it happens""}]"
CR-142,2023,,2023.2,,2023,2014–2026,0.579784,Fourth global bleaching event begins,"Bleaching-level heat stress spreads through the Caribbean, eastern Pacific and later other basins.",Global bleaching event,Global monitoring,Global backbone,Global tropical reefs,Global reefs,Start of the largest global event on record.,"NOAA Coral Reef Watch, Fourth Global Bleaching Event status update (2 June 2026)",https://coralreefwatch.noaa.gov/satellite/research/coral_bleaching_report.php,Official monitoring record,"Australian Institute of Marine Science, Coral bleaching events",https://www.aims.gov.au/research-topics/environmental-issues/coral-bleaching/coral-bleaching-events,Official monitoring synthesis,High,Core,,Bleaching & heat stress,Reef change,Field observation & monitoring,,,,,,,,,,Fourth global bleaching event begins,Heat strong enough to cause bleaching spread through the Caribbean and the eastern Pacific. It later reached other ocean basins.,Start of the largest global event on record.,"[{""t"": ""What is coral bleaching?"", ""u"": ""https://oceanservice.noaa.gov/facts/coral_bleach.html"", ""p"": ""NOAA Ocean Service"", ""s"": ""What coral bleaching is and why it happens""}, {""t"": ""Coral bleaching 101"", ""u"": ""https://www2.gbrmpa.gov.au/learn/reef-health/coral-bleaching"", ""p"": ""Great Barrier Reef Marine Park Authority (Reef Authority)"", ""s"": ""What coral bleaching is and why it happens""}]"
CR-143,2023,,2023.4,,2023,2014–2026,0.556303,Deep-sea origin analysis reframes coral bathymetric evolution,Phylogenetic biogeography supports repeated transitions between deep and shallow habitats.,Scientific finding,Evolutionary science,Deep / cold-water corals,Global,Scleractinian corals,Connects shallow reef vulnerability with deep evolutionary refugia.,"Campoy et al. (2023), Deep-sea origin and depth colonization of reef-building corals",https://doi.org/10.1038/s41467-023-43287-y,Primary phylogenetic research,"Vaga et al. (2025), A global coral phylogeny reveals resilience and vulnerability",https://doi.org/10.1038/s41586-025-09615-6,Primary phylogenetic research,High,Supporting,,Science & discovery,Knowledge,Published analysis & synthesis,,,,,,,,,,A study of deep sea origins rethinks how corals moved between depths,Researchers compared coral family trees with where the corals live. The results support corals moving between deep and shallow homes many times.,"It connects the danger facing shallow reefs with deep water, where corals have found safety over evolutionary time.","[{""t"": ""Do all corals live in warm water?"", ""u"": ""https://oceanexplorer.noaa.gov/ocean-fact/coral-water/"", ""p"": ""NOAA Ocean Exploration"", ""s"": ""Cold-water and deep-sea corals""}]"
CR-144,2024,,2024,,2024,2014–2026,0.477121,Great Barrier Reef records its largest bleaching footprint,"High-to-extreme bleaching is observed across all three GBR regions, followed by substantial mortality.",Bleaching event,Scientific monitoring,Great Barrier Reef / Coral Sea,Great Barrier Reef,Great Barrier Reef,Largest spatial footprint recorded on the GBR.,"AIMS (2025), Annual Summary Report of Coral Reef Condition 2024/25",https://www.aims.gov.au/monitoring-great-barrier-reef/gbr-condition-summary-2024-25,Official monitoring report,"Australian Institute of Marine Science, Coral bleaching events",https://www.aims.gov.au/research-topics/environmental-issues/coral-bleaching/coral-bleaching-events,Official monitoring synthesis,High,Core,,Bleaching & heat stress,Reef change,Field observation & monitoring,,,,,,,,,,The Great Barrier Reef recorded its largest bleaching area,High to extreme bleaching was seen across all three regions of the Great Barrier Reef. A large number of corals died afterwards.,It is the largest area ever recorded on the Great Barrier Reef.,"[{""t"": ""What is coral bleaching?"", ""u"": ""https://oceanservice.noaa.gov/facts/coral_bleach.html"", ""p"": ""NOAA Ocean Service"", ""s"": ""What coral bleaching is and why it happens""}, {""t"": ""Coral bleaching 101"", ""u"": ""https://www2.gbrmpa.gov.au/learn/reef-health/coral-bleaching"", ""p"": ""Great Barrier Reef Marine Park Authority (Reef Authority)"", ""s"": ""What coral bleaching is and why it happens""}]"
CR-145,2024,,2024.2,,2024,2014–2026,0.447158,Coral Sea and global reef monitoring scale up during an active mass event,"Coordinated aerial, in-water, satellite and automated-image surveys produce high-resolution event records.",Monitoring milestone,Scientific monitoring,Global / multiple regions,Global and Australian reefs,Global reefs,Signals a shift toward integrated real-time monitoring.,"AIMS (2025), Annual Summary Report of Coral Reef Condition 2024/25",https://www.aims.gov.au/monitoring-great-barrier-reef/gbr-condition-summary-2024-25,Official monitoring report,AIMS ReefCloud platform,https://reefcloud.ai/,Operational monitoring platform,High,Supporting,,"Experiment, method & monitoring",Knowledge,Field observation & monitoring,,,,,,,,,,Coral Sea and global reef monitoring grew during a live event,"Teams worked together, surveying from the air, in the water, by satellite and with automatic photo systems. Together they produced very detailed records of the event.",It signals a shift towards joined up monitoring that reports as things happen.,
CR-146,Apr-24,,2024.29,,2024,2014–2026,0.432969,NOAA and ICRI declare the fourth global bleaching event,Heat stress and documented bleaching across major basins meet the formal criteria for a global event.,Global bleaching event,Global monitoring,Global backbone,Global tropical reefs,Global reefs,Official recognition of an event already underway since 2023.,"NOAA Coral Reef Watch, Fourth Global Bleaching Event status update (2 June 2026)",https://coralreefwatch.noaa.gov/satellite/research/coral_bleaching_report.php,Official monitoring record,"Australian Institute of Marine Science, Coral bleaching events",https://www.aims.gov.au/research-topics/environmental-issues/coral-bleaching/coral-bleaching-events,Official monitoring synthesis,High,Core,,Bleaching & heat stress,Reef change,Field observation & monitoring,,,,,,,,,,NOAA and ICRI declare the fourth global bleaching event,Heat stress and recorded bleaching across the major ocean basins met the official rules for a global event.,It was official recognition of an event that had already been under way since 2023.,"[{""t"": ""What is coral bleaching?"", ""u"": ""https://oceanservice.noaa.gov/facts/coral_bleach.html"", ""p"": ""NOAA Ocean Service"", ""s"": ""What coral bleaching is and why it happens""}, {""t"": ""Coral bleaching 101"", ""u"": ""https://www2.gbrmpa.gov.au/learn/reef-health/coral-bleaching"", ""p"": ""Great Barrier Reef Marine Park Authority (Reef Authority)"", ""s"": ""What coral bleaching is and why it happens""}]"
CR-147,2025,,2025,,2025,2014–2026,0.30103,Fourth global event becomes the largest on record,NOAA reports bleaching-level heat stress across about 84.4% of global reef area and confirmed mass bleaching in at least 83 countries and territories.,Global bleaching event,Global monitoring,Global backbone,Global tropical reefs,Global reefs,Surpasses the 2014–2017 event in spatial exposure.,"NOAA Coral Reef Watch, Fourth Global Bleaching Event status update (2 June 2026)",https://coralreefwatch.noaa.gov/satellite/research/coral_bleaching_report.php,Official monitoring record,"Australian Institute of Marine Science, Coral bleaching events",https://www.aims.gov.au/research-topics/environmental-issues/coral-bleaching/coral-bleaching-events,Official monitoring synthesis,High,Core,,Bleaching & heat stress,Reef change,Field observation & monitoring,,,,,,,,,,Fourth global event becomes the largest on record,NOAA reported heat strong enough to cause bleaching across about 84.4% of the world's reef area. Mass bleaching was confirmed in at least 83 countries and territories.,More reef area was affected than in the event of 2014 to 2017.,"[{""t"": ""What is coral bleaching?"", ""u"": ""https://oceanservice.noaa.gov/facts/coral_bleach.html"", ""p"": ""NOAA Ocean Service"", ""s"": ""What coral bleaching is and why it happens""}, {""t"": ""Coral bleaching 101"", ""u"": ""https://www2.gbrmpa.gov.au/learn/reef-health/coral-bleaching"", ""p"": ""Great Barrier Reef Marine Park Authority (Reef Authority)"", ""s"": ""What coral bleaching is and why it happens""}]"
CR-148,2025,,2025.2,,2025,2014–2026,0.255273,Consecutive mass bleaching returns to the Great Barrier Reef,"A 2025 event follows the severe 2024 summer, especially affecting northern sectors.",Bleaching event,Scientific monitoring,Great Barrier Reef / Coral Sea,Northern and central GBR,Great Barrier Reef,Second sequence of consecutive GBR events after 2016–2017.,"Australian Institute of Marine Science, Coral bleaching events",https://www.aims.gov.au/research-topics/environmental-issues/coral-bleaching/coral-bleaching-events,Official monitoring synthesis,"AIMS (2025), Annual Summary Report of Coral Reef Condition 2024/25",https://www.aims.gov.au/monitoring-great-barrier-reef/gbr-condition-summary-2024-25,Official monitoring report,High,Core,,Bleaching & heat stress,Reef change,Field observation & monitoring,,,,,,,,,,Mass bleaching hit the Great Barrier Reef two years in a row,An event in 2025 followed the severe summer of 2024. The northern parts of the reef were especially affected.,"It is the second run of back to back events on the Great Barrier Reef, after 2016 and 2017.","[{""t"": ""What is coral bleaching?"", ""u"": ""https://oceanservice.noaa.gov/facts/coral_bleach.html"", ""p"": ""NOAA Ocean Service"", ""s"": ""What coral bleaching is and why it happens""}, {""t"": ""Coral bleaching 101"", ""u"": ""https://www2.gbrmpa.gov.au/learn/reef-health/coral-bleaching"", ""p"": ""Great Barrier Reef Marine Park Authority (Reef Authority)"", ""s"": ""What coral bleaching is and why it happens""}]"
CR-149,2025,,2025.3,,2025,2014–2026,0.230449,"Western Australia experiences extraordinary, widespread bleaching","Ningaloo, Pilbara, Kimberley, Rowley Shoals and offshore reefs experience moderate to extreme bleaching over thousands of kilometres.",Bleaching event,Scientific monitoring,Indian Ocean / Red Sea / Gulf,Western Australia,"Ningaloo, Kimberley and offshore reefs",First recorded mass bleaching for some remote reef regions.,"Australian Institute of Marine Science, Coral bleaching events",https://www.aims.gov.au/research-topics/environmental-issues/coral-bleaching/coral-bleaching-events,Official monitoring synthesis,"Le Nohaïc et al. (2017), Mass bleaching of thermally resistant corals in NW Australia",https://doi.org/10.1038/s41598-017-14794-y,Primary field study,High,Core,,Bleaching & heat stress,Reef change,Field observation & monitoring,,,,,,,,,,Western Australia had extraordinary and widespread bleaching,"Ningaloo, the Pilbara, the Kimberley, Rowley Shoals and offshore reefs all bleached. The bleaching ran from moderate to extreme and stretched over thousands of kilometres.","For some remote reef regions, it was the first mass bleaching ever recorded.","[{""t"": ""What is coral bleaching?"", ""u"": ""https://oceanservice.noaa.gov/facts/coral_bleach.html"", ""p"": ""NOAA Ocean Service"", ""s"": ""What coral bleaching is and why it happens""}, {""t"": ""Coral bleaching 101"", ""u"": ""https://www2.gbrmpa.gov.au/learn/reef-health/coral-bleaching"", ""p"": ""Great Barrier Reef Marine Park Authority (Reef Authority)"", ""s"": ""What coral bleaching is and why it happens""}]"
CR-150,2025,,2025.5,,2025,2014–2026,0.176091,AIMS reports sharp coral-cover declines after the 2024 GBR event,"Regional hard-coral cover falls 14–30%, with some individual reefs losing far more.",Scientific finding,Long-term monitoring,Great Barrier Reef / Coral Sea,Great Barrier Reef,Great Barrier Reef,Converts bleaching observations into measured post-event mortality.,"AIMS (2025), Annual Summary Report of Coral Reef Condition 2024/25",https://www.aims.gov.au/monitoring-great-barrier-reef/gbr-condition-summary-2024-25,Official monitoring report,"De’ath et al. (2012), The 27-year decline of coral cover on the Great Barrier Reef",https://doi.org/10.1073/pnas.1208909109,Primary monitoring analysis,High,Core,,Science & discovery,Knowledge,Field observation & monitoring,,,,,,,,,,AIMS reports sharp falls in coral cover after the 2024 event,"Across regions, the seabed covered by hard coral fell by 14 to 30%. Some individual reefs lost far more than that.",It turns observations of bleaching into measured coral deaths after the event.,"[{""t"": ""NOAA Coral Reef Watch Program"", ""u"": ""https://coralreefwatch.noaa.gov/product/5km/tutorial/crw10a_dhw_product.php"", ""p"": ""NOAA Coral Reef Watch"", ""s"": ""How scientists watch reefs and reef heat stress""}, {""t"": ""Monitoring the Great Barrier Reef"", ""u"": ""https://www.aims.gov.au/research-topics/monitoring-and-discovery/monitoring-great-barrier-reef"", ""p"": ""Australian Institute of Marine Science (AIMS)"", ""s"": ""How scientists watch reefs and reef heat stress""}]"
CR-151,2025,,2025.7,,2025,2014–2026,0.113943,Largest global coral phylogeny rewrites deep-time origins,Hundreds of newly sequenced taxa push inferred scleractinian ancestry to roughly 460 Ma and photosymbiosis to around 300 Ma.,Scientific finding,Genomics / phylogenetics,Global backbone,Global,Scleractinian corals,Major revision of when and where the coral lineage originated.,"Vaga et al. (2025), A global coral phylogeny reveals resilience and vulnerability",https://doi.org/10.1038/s41586-025-09615-6,Primary phylogenetic research,"Stolarski et al. (2011), Ancient evolutionary origins of Scleractinia",https://doi.org/10.1186/1471-2148-11-316,Primary phylogenetic research,High,Core,,Science & discovery,Knowledge,Genomic & laboratory science,,,,,,,,,,Biggest coral family tree pushes coral origins much further back,Scientists read the DNA of hundreds more coral types and built the largest coral family tree. It suggests hard corals go back roughly 460 million years. It also suggests corals began living with tiny algae inside them around 300 million years ago.,It is a big change to when and where the coral line began.,
CR-152,30-Sep-25,,2025.75,,2025,2014–2026,0.09691,Bleaching-level heat exposure stops expanding globally,NOAA’s 2026 update uses this date as the endpoint of the fourth event’s expanding global footprint.,Global bleaching event,Global monitoring,Global backbone,Global tropical reefs,Global reefs,Provides a provisional end date for animation and comparison.,"NOAA Coral Reef Watch, Fourth Global Bleaching Event status update (2 June 2026)",https://coralreefwatch.noaa.gov/satellite/research/coral_bleaching_report.php,Official monitoring record,"Australian Institute of Marine Science, Coral bleaching events",https://www.aims.gov.au/research-topics/environmental-issues/coral-bleaching/coral-bleaching-events,Official monitoring synthesis,High,Core,NOAA says the event “likely ended” in 2025; impacts and recovery continue.,Bleaching & heat stress,Reef change,Field observation & monitoring,,,,,,,,,,The spread of bleaching level heat around the world stops,NOAA's 2026 update uses this date as the point where the fourth bleaching event stopped spreading to new parts of the world. Bleaching is when heat stress turns corals white.,"It gives a rough end date, for now, that can be used for animation and for comparison.","[{""t"": ""What is coral bleaching?"", ""u"": ""https://oceanservice.noaa.gov/facts/coral_bleach.html"", ""p"": ""NOAA Ocean Service"", ""s"": ""What coral bleaching is and why it happens""}, {""t"": ""Coral bleaching 101"", ""u"": ""https://www2.gbrmpa.gov.au/learn/reef-health/coral-bleaching"", ""p"": ""Great Barrier Reef Marine Park Authority (Reef Authority)"", ""s"": ""What coral bleaching is and why it happens""}]"
CR-153,2025–2026,ongoing,2025.8,,2025,2014–2026,0.079181,Computer-vision reef datasets accelerate automated monitoring,Large expert-annotated image datasets improve segmentation and scalable analysis of benthic communities.,Technology / methods,AI and imaging,Global backbone,Global reef imagery,Global reefs,Supports the future animated timeline’s data-rich monitoring era.,"Sauder et al. (2025), The Coralscapes Dataset",https://arxiv.org/abs/2503.20000,Primary dataset/preprint,"Beijbom et al. (2012), Automated annotation of coral reef survey images",https://doi.org/10.1109/CVPR.2012.6247798,Primary computer-vision methods,High,Supporting,,"Experiment, method & monitoring",Knowledge,Remote sensing & imaging,,,,,,,,,,New reef photo sets help computers watch reefs automatically,Experts labelled large sets of reef photos by hand. Computers can use them to pick out and outline what is in each picture. That makes it easier to study the life on the sea floor across many reefs at once.,It helps build the data rich monitoring part of the future animated timeline.,
CR-154,2-Jun-26,,2026.42,,2026,2014–2026,-0.236572,NOAA says the fourth global bleaching event likely ended in 2025,The status update retains 84.4% global reef-area exposure and at least 83 affected countries and territories.,Monitoring milestone,Global monitoring,Global backbone,Global tropical reefs,Global reefs,Current authoritative status point for the timeline.,"NOAA Coral Reef Watch, Fourth Global Bleaching Event status update (2 June 2026)",https://coralreefwatch.noaa.gov/satellite/research/coral_bleaching_report.php,Official monitoring record,"Australian Institute of Marine Science, Coral bleaching events",https://www.aims.gov.au/research-topics/environmental-issues/coral-bleaching/coral-bleaching-events,Official monitoring synthesis,High,Core,,"Experiment, method & monitoring",Knowledge,Field observation & monitoring,,,,,,,,,,NOAA says the fourth global bleaching event likely ended in 2025,"The update keeps the same figures as before. About 84.4% of the world's reef area was exposed, and at least 83 countries and territories were affected.",It is the most up to date official status point for the timeline.,"[{""t"": ""What is coral bleaching?"", ""u"": ""https://oceanservice.noaa.gov/facts/coral_bleach.html"", ""p"": ""NOAA Ocean Service"", ""s"": ""What coral bleaching is and why it happens""}, {""t"": ""Coral bleaching 101"", ""u"": ""https://www2.gbrmpa.gov.au/learn/reef-health/coral-bleaching"", ""p"": ""Great Barrier Reef Marine Park Authority (Reef Authority)"", ""s"": ""What coral bleaching is and why it happens""}]"
PJ-001,2030,,2030,,2030,Projected: 2027–2100,,IPCC finds conservation alone cannot protect reefs beyond 2030,"AR6 Working Group II concludes that even under the lowest emissions pathway assessed, SSP1-2.6, reefs face widespread decline and a shift to net erosion by mid-century.",Projection,Model projection,Global / multiple regions,Global / multiple regions,Global / multiple regions,"Sets the limit of what reef management can achieve on its own: past about 2030 the outcome is decided by emissions, not by protection.","IPCC AR6 Working Group II, Chapter 3: Oceans and Coastal Ecosystems and Their Services (2022)",https://doi.org/10.1017/9781009325844.005,Intergovernmental assessment,,,,High,Core,Projection. Placed at its stated projection year; see proj_* columns.,"People, records & policy",People & policy,Published analysis & synthesis,yes,2030,2023,SSP1-2.6,"Under SSP1-2.6, coral reefs are at risk of widespread decline, loss of structural integrity and transitioning to net erosion by mid-century due to increasing intensity and frequency of marine heatwaves (very high confidence).","IPCC AR6 WGII Chapter 3, Executive Summary. A second statement in the same section reads “conservation and restoration alone will be insufficient to protect coral reefs beyond 2030 (high confidence)”.",,"not applicable — report chapter, no abstract",https://www.ipcc.ch/report/ar6/wg2/chapter/chapter-3/,Protecting reefs on its own cannot save them past 2030 says IPCC,"An IPCC report found that even under the lowest emissions path it looked at, called SSP1-2.6, reefs face wide decline. It also expects reefs to start wearing away faster than they build by the middle of the century.","It shows the limit of what reef management can do alone. After about 2030 the outcome is decided by emissions, not by protection.","[{""t"": ""Scenarios and climate models"", ""u"": ""https://www.canada.ca/en/environment-climate-change/services/climate-change/canadian-centre-climate-services/basics/scenario-models.html"", ""p"": ""Government of Canada, Canadian Centre for Climate Services"", ""s"": ""What climate projections, emissions scenarios and warming limits mean""}, {""t"": ""The Paris Agreement | United Nations"", ""u"": ""https://www.un.org/en/climatechange/paris-agreement"", ""p"": ""United Nations"", ""s"": ""What climate projections, emissions scenarios and warming limits mean""}]"
PJ-002,2034,,2034,,2034,Projected: 2027–2100,,99% of reefs pass the five-yearly severe bleaching threshold by 2034 under high emissions,"Kilometre-scale projections put 91% of reefs already past the ten-yearly severe bleaching threshold in 2021, and almost all reefs past the five-yearly threshold within about a decade under SSP5-8.5.",Projection,Model projection,Global / multiple regions,Global / multiple regions,Global / multiple regions,"The earliest date in this set, and the one that treats widespread long-term degradation as already committed rather than avoidable.","Kalmus et al. (2022), Past the Precipice? Projected Coral Habitability Under Global Heating",https://doi.org/10.1029/2021EF002608,Primary modelling study,,,,High,Core,Projection. Placed at its stated projection year; see proj_* columns.,Bleaching & heat stress,Reef change,Remote sensing & imaging,yes,2034,2022,"SSP5-8.5 (2034), SSP3-7.0 (2036), SSP2-4.5 (2040)","We project 99% of 1 km² reefs to exceed TD5Y by 2034, 2036, and 2040 under SSP5-8.5, SSP3-7.0, and SSP2-4.5 respectively.",,,identical,Crossref (api.crossref.org),Under high emissions 99% of reefs could bleach severely every five years by 2034,"Projections at about one kilometre scale looked at severe bleaching, when heat turns corals white. They put 91% of reefs already past the point of severe bleaching once every ten years in 2021. Under the high emissions path SSP5-8.5, almost all reefs pass the once every five years point within about a decade.","It is the earliest date in this set. It treats wide, long lasting damage as already locked in rather than avoidable.","[{""t"": ""Scenarios and climate models"", ""u"": ""https://www.canada.ca/en/environment-climate-change/services/climate-change/canadian-centre-climate-services/basics/scenario-models.html"", ""p"": ""Government of Canada, Canadian Centre for Climate Services"", ""s"": ""What climate projections, emissions scenarios and warming limits mean""}, {""t"": ""The Paris Agreement | United Nations"", ""u"": ""https://www.un.org/en/climatechange/paris-agreement"", ""p"": ""United Nations"", ""s"": ""What climate projections, emissions scenarios and warming limits mean""}]"
PJ-003,2040,,2040,,2040,Projected: 2027–2100,,Most western Atlantic reefs turn from building to eroding by 2040,Fossil reef deposits at more than 400 sites constrain how fast these reefs can grow; more than 70% are projected to be losing carbonate faster than they make it within about fifteen years.,Projection,Model projection,Caribbean / Florida,Caribbean / Florida,Caribbean / Florida,"Erosion, not bleaching, is what raises water depth over a reef, and water depth is what governs how much wave energy reaches the coast behind it.","Perry et al. (2025), Reduced Atlantic reef growth past 2 °C warming amplifies sea-level impacts",https://doi.org/10.1038/s41586-025-09439-4,Primary fossil-data analysis,,,,High,Core,Projection. Placed at its stated projection year; see proj_* columns.,Crisis & decline,Reef change,Geological & fossil evidence,yes,2040,2025,SSP2-4.5 and higher (warming above 2°C),"Our analysis predicts that more than 70% of tropical western Atlantic reefs will transition into net erosional states by 2040, but that if warming exceeds 2 °C (SSP2–4.5 and higher), nearly all reefs (at least 99%) will be eroding by 2100.",,,prefix-identical,https://www.nature.com/articles/s41586-025-09439-4,Most western Atlantic reefs could start wearing away by 2040,"Fossil reef remains at more than 400 sites show how fast these reefs can grow. More than 70% are projected to lose the stony material they are built from faster than they make it, within about fifteen years.","Wearing away, not bleaching, is what makes the water over a reef deeper. Water depth controls how much wave energy reaches the coast behind the reef.","[{""t"": ""What is Ocean Acidification?"", ""u"": ""https://oceanservice.noaa.gov/facts/acidification.html"", ""p"": ""NOAA Ocean Service"", ""s"": ""Ocean acidification and coral skeletons""}, {""t"": ""Ocean Acidification"", ""u"": ""https://ocean.si.edu/ocean-life/invertebrates/ocean-acidification"", ""p"": ""Smithsonian Ocean"", ""s"": ""Ocean acidification and coral skeletons""}]"
PJ-004,2050,,2050,,2050,Projected: 2027–2100,,"Great Barrier Reef coral declines sharply by mid-century, but can still recover below 2°C","An eco-evolutionary simulation of 3,800 individual reefs finds rapid decline by mid-century under every emissions scenario, and recovery within this century only if warming stays under 2°C so thermal adaptation can keep pace.",Projection,Model projection,Great Barrier Reef / Coral Sea,Great Barrier Reef / Coral Sea,Great Barrier Reef / Coral Sea,"One of the few projections in which the reef still has a route back, and it depends entirely on how fast warming is stopped.","Bozec et al. (2025), A rapidly closing window for coral persistence under global warming",https://doi.org/10.1038/s41467-025-65015-4,Primary modelling study,,,,High,Core,Projection. Placed at its stated projection year; see proj_* columns.,Recovery & resilience,Reef change,Published analysis & synthesis,yes,2050,2025,all emissions scenarios; recovery only below 2°C,"We project a rapid coral decline by mid-century under all emission scenarios, with further decline under the most likely warming trajectory. However, recovery is possible this century if warming remains below 2 °C, allowing thermal adaptation to keep pace.",,,identical,https://www.nature.com/articles/s41467-025-65015-4,Great Barrier Reef coral could drop sharply but recover below 2°C,"A computer model followed 3,800 separate reefs and how their corals change and adapt over time. It shows a fast decline by the middle of the century under every emissions scenario. Corals recover within this century only if warming stays under 2°C, so they can adapt to the heat fast enough.",It is one of the few projections where the reef still has a way back. That depends entirely on how fast warming is stopped.,"[{""t"": ""Scenarios and climate models"", ""u"": ""https://www.canada.ca/en/environment-climate-change/services/climate-change/canadian-centre-climate-services/basics/scenario-models.html"", ""p"": ""Government of Canada, Canadian Centre for Climate Services"", ""s"": ""What climate projections, emissions scenarios and warming limits mean""}, {""t"": ""The Paris Agreement | United Nations"", ""u"": ""https://www.un.org/en/climatechange/paris-agreement"", ""p"": ""United Nations"", ""s"": ""What climate projections, emissions scenarios and warming limits mean""}]"
PJ-005,2050,,2050,,2050,Projected: 2027–2100,,Most atoll islands become uninhabitable around the middle of this century,"Reefs that stop growing let more wave energy across the reef flat. Combined with sea-level rise, that is projected to flood most atoll islands every year, ruining infrastructure and the freshwater lenses beneath them.",Projection,Model projection,Central / Eastern Pacific,Central / Eastern Pacific,Central / Eastern Pacific,"The clearest statement in the literature that reef decline is a habitability problem for people, not only an ecological one.","Storlazzi et al. (2018), Most atolls will be uninhabitable by the mid-21st century because of sea-level rise exacerbating wave-driven flooding",https://doi.org/10.1126/sciadv.aap9741,Primary modelling study,,,,High,Core,Projection. Placed at its stated projection year; see proj_* columns.,"People, records & policy",People & policy,Published analysis & synthesis,yes,2050,2018,current greenhouse gas emission rates,"We show that, on the basis of current greenhouse gas emission rates, the nonlinear interactions between sea-level rise and wave dynamics over reefs will lead to the annual wave-driven overwash of most atoll islands by the mid-21st century.",The paper says “mid-21st century” rather than naming a year; it is placed at 2050 on that basis.,,identical,https://pubs.usgs.gov/publication/70196699,Most atoll islands could become impossible to live on by mid century,"Reefs that stop growing let more wave energy cross the flat top of the reef. Together with sea level rise, that is projected to flood most atoll islands every year. The flooding would ruin buildings and roads and the fresh water held underground beneath them.","It is the clearest statement in the research that reef decline is about whether people can live there, not only about nature.","[{""t"": ""Is sea level rising?"", ""u"": ""https://oceanservice.noaa.gov/facts/sealevel.html"", ""p"": ""NOAA Ocean Service"", ""s"": ""Sea-level rise, reefs and the coasts and islands they shelter""}, {""t"": ""How do coral reefs protect lives and property?"", ""u"": ""https://oceanservice.noaa.gov/facts/coral_protect.html"", ""p"": ""NOAA Ocean Service"", ""s"": ""Sea-level rise, reefs and the coasts and islands they shelter""}]"
PJ-006,2070,,2070,,2070,Projected: 2027–2100,,"Three quarters of reefs bleach severely every year before 2070, even on the Paris pledges",The first 4 km-resolution global projection of annual severe bleaching. Cutting emissions from RCP8.5 to RCP4.5 buys reefs an average of only eleven years.,Projection,Model projection,Global / multiple regions,Global / multiple regions,Global / multiple regions,"Established that the Paris pledges, as made, do little to give reefs time to adapt, and that the timing varies by more than a decade between neighbouring countries.","van Hooidonk et al. (2016), Local-scale projections of coral reef futures and implications of the Paris Agreement",https://doi.org/10.1038/srep39666,Primary modelling study,,,,High,Core,Projection. Placed at its stated projection year; see proj_* columns.,Bleaching & heat stress,Reef change,Remote sensing & imaging,yes,2070,2016,RCP4.5 (compared with RCP8.5),"RCP4.5 adds 11 years to the global average ASB timing when compared to RCP8.5; however, >75% of reefs still experience ASB before 2070 under RCP4.5.",,,identical,https://www.nature.com/articles/srep39666,Three quarters of reefs could bleach severely each year before 2070 despite Paris pledges,This was the first global projection of yearly severe bleaching at 4 km resolution. Cutting emissions from RCP8.5 to RCP4.5 gives reefs only about eleven extra years on average.,"It showed that the Paris pledges, as they were made, do little to give reefs time to adapt. It also showed the timing varies by more than ten years between neighbouring countries.","[{""t"": ""Scenarios and climate models"", ""u"": ""https://www.canada.ca/en/environment-climate-change/services/climate-change/canadian-centre-climate-services/basics/scenario-models.html"", ""p"": ""Government of Canada, Canadian Centre for Climate Services"", ""s"": ""What climate projections, emissions scenarios and warming limits mean""}, {""t"": ""The Paris Agreement | United Nations"", ""u"": ""https://www.un.org/en/climatechange/paris-agreement"", ""p"": ""United Nations"", ""s"": ""What climate projections, emissions scenarios and warming limits mean""}]"
PJ-007,2080,,2080,,2080,Projected: 2027–2100,,Annual severe bleaching on the Great Barrier Reef by about 2080 under high emissions,Downscaled CMIP6 projections put severe bleaching at every year under SSP5-8.5. Holding to 2°C halves that; holding to 1.5°C brings it down to about three events a decade.,Projection,Model projection,Great Barrier Reef / Coral Sea,Great Barrier Reef / Coral Sea,Great Barrier Reef / Coral Sea,Quantifies what the half-degree between the two Paris targets is actually worth to one reef: the difference between annual bleaching and roughly one year in three.,"McWhorter et al. (2021), The importance of 1.5°C warming for the Great Barrier Reef",https://doi.org/10.1111/gcb.15994,Primary modelling study,,,,High,Core,Projection. Placed at its stated projection year; see proj_* columns.,Bleaching & heat stress,Reef change,Published analysis & synthesis,yes,2080,2021,"SSP5-8.5, SSP1-2.6, SSP1-1.9","By ~2080, severe bleaching events are expected to occur annually under intensifying emissions (shared socioeconomic pathway SSP5-8.5).",,,identical,https://repository.library.noaa.gov/view/noaa/37576,Great Barrier Reef could bleach severely every year by about 2080 under high emissions,Climate model projections scaled down to the reef put severe bleaching at every year under the high emissions path SSP5-8.5. Holding warming to 2°C halves that. Holding to 1.5°C brings it down to about three events every ten years.,It shows what the half degree between the two Paris targets is worth to one reef. It is the difference between bleaching every year and roughly one year in three.,"[{""t"": ""Scenarios and climate models"", ""u"": ""https://www.canada.ca/en/environment-climate-change/services/climate-change/canadian-centre-climate-services/basics/scenario-models.html"", ""p"": ""Government of Canada, Canadian Centre for Climate Services"", ""s"": ""What climate projections, emissions scenarios and warming limits mean""}, {""t"": ""The Paris Agreement | United Nations"", ""u"": ""https://www.un.org/en/climatechange/paris-agreement"", ""p"": ""United Nations"", ""s"": ""What climate projections, emissions scenarios and warming limits mean""}]"
PJ-008,2080,,2080,,2080,Projected: 2027–2100,,Bleaching season shifts from late summer to spring by 2080,"Daily-resolution warming projections show bleaching risk starting earlier in the year and lasting longer, with some low-latitude reefs facing year-round risk whatever the mitigation.",Projection,Model projection,Global / multiple regions,Global / multiple regions,Global / multiple regions,Changes the nature of the threat rather than its size: a longer risk window leaves less of the year for corals to recover in.,"Mellin et al. (2024), Cumulative risk of future bleaching for the world's coral reefs",https://doi.org/10.1126/sciadv.adn9660,Primary modelling study,,,,High,Core,Projection. Placed at its stated projection year; see proj_* columns.,Bleaching & heat stress,Reef change,Remote sensing & imaging,yes,2080,2024,not named in the abstract,"By 2080, coral bleaching is likely to start on most reefs in spring, rather than late summer, with year-round bleaching risk anticipated to be high for some low-latitude reefs regardless of global efforts to mitigate harmful greenhouse gasses.",,,identical,Crossref (api.crossref.org),Bleaching season could move from late summer to spring by 2080,"Day by day warming projections show bleaching risk starting earlier in the year and lasting longer. Some reefs near the equator face risk all year round, whatever is done to cut emissions.",It changes the kind of threat rather than its size. A longer risky window leaves corals less of the year to recover in.,"[{""t"": ""Scenarios and climate models"", ""u"": ""https://www.canada.ca/en/environment-climate-change/services/climate-change/canadian-centre-climate-services/basics/scenario-models.html"", ""p"": ""Government of Canada, Canadian Centre for Climate Services"", ""s"": ""What climate projections, emissions scenarios and warming limits mean""}, {""t"": ""The Paris Agreement | United Nations"", ""u"": ""https://www.un.org/en/climatechange/paris-agreement"", ""p"": ""United Nations"", ""s"": ""What climate projections, emissions scenarios and warming limits mean""}]"
PJ-009,2100,,2100,,2100,Projected: 2027–2100,,Global reef carbonate production falls below zero by 2100 on mid and high emissions,"Across 183 reefs, mean net carbonate production is projected to decline by 76%, 149% and 156% under RCP2.6, 4.5 and 8.5. Values beyond 100% mean the reef is dissolving faster than it builds.",Projection,Model projection,Global / multiple regions,Global / multiple regions,Global / multiple regions,Carbonate production is the reef's structural budget. When it goes negative the framework itself is being spent down.,"Cornwall et al. (2021), Global declines in coral reef calcium carbonate production under ocean acidification and warming",https://doi.org/10.1073/pnas.2015265118,Published analysis & synthesis,,,,High,Core,Projection. Placed at its stated projection year; see proj_* columns.,Crisis & decline,Reef change,Published analysis & synthesis,yes,2100,2021,"RCP2.6, RCP4.5, RCP8.5","We forecast mean global reef net carbonate production under representative concentration pathways (RCP) 2.6, 4.5, and 8.5 will decline by 76, 149, and 156%, respectively, by 2100.",,,prefix-identical,https://repository.library.noaa.gov/view/noaa/29669,Reefs could lose more stony material than they build by 2100 under mid and high emissions,"Across 183 reefs, the stony material reefs make is projected to fall by 76%, 149% and 156% under RCP2.6, 4.5 and 8.5. A drop of more than 100% means the reef is dissolving faster than it builds.","Making stony material is the reef's building budget. When it turns negative, the reef's own structure is being used up.","[{""t"": ""What is Ocean Acidification?"", ""u"": ""https://oceanservice.noaa.gov/facts/acidification.html"", ""p"": ""NOAA Ocean Service"", ""s"": ""Ocean acidification and coral skeletons""}, {""t"": ""Ocean Acidification"", ""u"": ""https://ocean.si.edu/ocean-life/invertebrates/ocean-acidification"", ""p"": ""Smithsonian Ocean"", ""s"": ""Ocean acidification and coral skeletons""}]"
PJ-010,2100,,2100,,2100,Projected: 2027–2100,,Restoring one branching coral could let a reef keep pace with 0.5 m of sea-level rise,"At Buck Island Reef, restoring elkhorn coral is projected to reverse the reef's erosion trajectory and match the sea-level rise expected by 2100 under moderate emissions cuts.",Projection,Model projection,Caribbean / Florida,Caribbean / Florida,Caribbean / Florida,"A rare projection in which intervention changes the outcome, with the condition attached: it works alongside emissions cuts, not instead of them.","Toth et al. (2023), The potential for coral reef restoration to mitigate coastal flooding as sea levels rise",https://doi.org/10.1038/s41467-023-37858-2,Primary modelling study,,,,High,Core,Projection. Placed at its stated projection year; see proj_* columns.,"Experiment, method & monitoring",Knowledge,Experimental & intervention science,yes,2100,2023,moderate carbon-emissions reductions,"Our results provide guidance on how restoration of Acropora palmata, if successful, could mitigate the most extreme impacts of coastal flooding by reversing projected trajectories of reef erosion and allowing reefs to keep pace with the ~0.5 m of sea-level rise expected by 2100 with moderate carbon-emissions reductions.",,,prefix-identical,https://www.nature.com/articles/s41467-023-37858-2,Replanting one coral could help a reef match 0.5 m of sea level rise,"At Buck Island Reef, replanting elkhorn coral is projected to turn around the reef's wearing away. It could then match the sea level rise expected by 2100 if emissions are cut moderately.","It is a rare projection where action changes the outcome. The condition attached is that it works alongside emissions cuts, not instead of them.","[{""t"": ""Restoring corals"", ""u"": ""https://oceanservice.noaa.gov/education/tutorial_corals/coral15_restoring-corals.html"", ""p"": ""NOAA Ocean Service Education"", ""s"": ""Coral restoration and coral gardening""}, {""t"": ""Restoring Coral Reefs | NOAA Fisheries"", ""u"": ""https://www.fisheries.noaa.gov/national/habitat-conservation/restoring-coral-reefs"", ""p"": ""NOAA Fisheries"", ""s"": ""Coral restoration and coral gardening""}]"
PJ-011,2100,,2100,,2100,Projected: 2027–2100,,"Reef carbonate production can recover this century, but only with strong mitigation","A coral module embedded inside a carbon-climate model. Without thermal adaptation, production falls below a quarter of historical values. With adaptation and high mitigation, it recovers to 50–90%.",Projection,Model projection,Global / multiple regions,Global / multiple regions,Global / multiple regions,Shows how much of the projected range comes from a single uncertain biological assumption: whether corals can raise their bleaching thresholds.,"Bouttes et al. (2025), Projections of coral reef carbonate production from a global climate–coral reef coupled model",https://doi.org/10.5194/bg-22-4531-2025,Primary modelling study,,,,High,Core,Projection. Placed at its stated projection year; see proj_* columns.,Science & discovery,Knowledge,Published analysis & synthesis,yes,2100,2025,Shared Socioeconomic Pathways; high-emission vs high-mitigation,"We show that without thermal adaptation, global coral reef carbonate production decreases to less than 25 % of historical values in most scenarios over the 21st century, with limited further declines between 2100 and 2300 irrespective of the climate sensitivity.",,,identical,https://bg.copernicus.org/articles/22/4531/2025/,Reefs could build stone again this century but only with strong emissions cuts,"Researchers put a coral model inside a climate and carbon model. Without corals adapting to heat, reef building falls below a quarter of its past levels. With adaptation and strong emissions cuts, it recovers to between 50 and 90%.",It shows how much of the range in these projections comes from one uncertain question about biology. That question is whether corals can raise the temperature at which they bleach.,"[{""t"": ""What is Ocean Acidification?"", ""u"": ""https://oceanservice.noaa.gov/facts/acidification.html"", ""p"": ""NOAA Ocean Service"", ""s"": ""Ocean acidification and coral skeletons""}, {""t"": ""Ocean Acidification"", ""u"": ""https://ocean.si.edu/ocean-life/invertebrates/ocean-acidification"", ""p"": ""Smithsonian Ocean"", ""s"": ""Ocean acidification and coral skeletons""}]"
PJ-012,2100,,2100,,2100,Projected: 2027–2100,,A bleaching rate above 7.9% a year tips reefs into lasting degradation,"A data-driven model fitted to historical field observations identifies a threshold annual bleaching rate, and finds it exceeded across all major tropical regions by the end of the century even under optimistic mitigation.",Projection,Model projection,Global / multiple regions,Global / multiple regions,Global / multiple regions,Puts a number on the point where repeated bleaching stops being a series of events and becomes a change of state.,"Zeng et al. (2025), Inevitable global coral reef decline under climate change-induced thermal stresses",https://doi.org/10.1038/s43247-025-02790-4,Primary modelling study,,,,High,Core,Projection. Placed at its stated projection year; see proj_* columns.,Crisis & decline,Reef change,Published analysis & synthesis,yes,2100,2025,"multiple emission scenarios, including optimistic mitigation","Alarmingly, even under the most optimistic mitigation pathways, substantial degradation is projected across all major tropical marine regions by the end of the century.",,,prefix-identical,https://www.nature.com/articles/s43247-025-02790-4,Bleaching above 7.9% a year could tip reefs into lasting damage,"A model built from real field observations found a tipping point in the yearly bleaching rate. It finds that rate passed across every major tropical region by the end of the century, even with hopeful emissions cuts.",It puts a number on the point where repeated bleaching stops being a run of separate events. Past that point the reef has changed state.,"[{""t"": ""Scenarios and climate models"", ""u"": ""https://www.canada.ca/en/environment-climate-change/services/climate-change/canadian-centre-climate-services/basics/scenario-models.html"", ""p"": ""Government of Canada, Canadian Centre for Climate Services"", ""s"": ""What climate projections, emissions scenarios and warming limits mean""}, {""t"": ""The Paris Agreement | United Nations"", ""u"": ""https://www.un.org/en/climatechange/paris-agreement"", ""p"": ""United Nations"", ""s"": ""What climate projections, emissions scenarios and warming limits mean""}]"
PJ-013,1.5°C and 2°C above pre-industrial,,2110,,2110,"Scenario, no date given",,"IPCC: reefs decline a further 70–90% at 1.5°C, and more than 99% at 2°C","The single most quoted number about the future of coral reefs, from the Special Report on 1.5°C. It is stated against warming levels, not against years.",Projection,Model projection,Global / multiple regions,Global / multiple regions,Global / multiple regions,"The half-degree between the two Paris targets is, for reefs, close to the difference between a remnant and none.","IPCC (2018), Global Warming of 1.5°C, Chapter 3: Impacts of 1.5°C Global Warming on Natural and Human Systems",https://doi.org/10.1017/9781009157940.005,Intergovernmental assessment,,,,High,Core,"Projection stated against a warming level or emissions scenario, not a date. Corridor position implies no timing.","People, records & policy",People & policy,Published analysis & synthesis,yes,,2018,1.5°C and 2°C above pre-industrial,"Coral reefs, for example, are projected to decline by a further 70–90% at 1.5°C (high confidence) with larger losses (>99%) at 2ºC (very high confidence).","IPCC SR1.5, Summary for Policymakers, paragraph B.4.2, which cites Chapter 3 section 3.4.4 and Box 3.4.",yes,"not applicable — report chapter, no abstract",https://www.ipcc.ch/sr15/chapter/spm/,IPCC expects reefs to decline a further 70 to 90% at 1.5°C and over 99% at 2°C,"This is the most quoted number about the future of coral reefs. It comes from the IPCC Special Report on 1.5°C. It is given against warming levels, not against years.","For reefs, the half degree between the two Paris targets is close to the difference between a small remnant and none at all.","[{""t"": ""Scenarios and climate models"", ""u"": ""https://www.canada.ca/en/environment-climate-change/services/climate-change/canadian-centre-climate-services/basics/scenario-models.html"", ""p"": ""Government of Canada, Canadian Centre for Climate Services"", ""s"": ""What climate projections, emissions scenarios and warming limits mean""}, {""t"": ""The Paris Agreement | United Nations"", ""u"": ""https://www.un.org/en/climatechange/paris-agreement"", ""p"": ""United Nations"", ""s"": ""What climate projections, emissions scenarios and warming limits mean""}]"
PJ-014,"RCP3-PD, RCP4.5; warming below 1.5°C",,2112,,2112,"Scenario, no date given",,Keeping more than a tenth of reefs needs warming held below 1.5°C,"An early comprehensive treatment of bleaching in terms of global mean temperature. Even under the most optimistic scenario assessed, and generous assumptions about adaptation, a third of reefs are projected to degrade over the long term.",Projection,Model projection,Global / multiple regions,Global / multiple regions,Global / multiple regions,"Set the framing that reef outcomes should be stated against warming levels rather than dates, which most later work followed.","Frieler et al. (2012), Limiting global warming to 2 °C is unlikely to save most coral reefs",https://doi.org/10.1038/nclimate1674,Primary modelling study,,,,High,Core,"Projection stated against a warming level or emissions scenario, not a date. Corridor position implies no timing.",Bleaching & heat stress,Reef change,Published analysis & synthesis,yes,,2012,"RCP3-PD, RCP4.5; warming below 1.5°C",We show that preserving >10% of coral reefs worldwide would require limiting warming to below 1.5 °C (atmosphere–ocean general circulation models (AOGCMs) range: 1.3–1.8 °C) relative to pre-industrial levels.,,yes,identical,https://www.nature.com/articles/nclimate1674,Saving more than a tenth of reefs needs warming kept below 1.5°C,"This was an early full study of bleaching described in terms of global average temperature. Even under the most hopeful scenario it looked at, and with generous assumptions about corals adapting, a third of reefs are projected to decline over the long term.",It set the habit of describing reef outcomes against warming levels rather than dates. Most later work followed it.,"[{""t"": ""Scenarios and climate models"", ""u"": ""https://www.canada.ca/en/environment-climate-change/services/climate-change/canadian-centre-climate-services/basics/scenario-models.html"", ""p"": ""Government of Canada, Canadian Centre for Climate Services"", ""s"": ""What climate projections, emissions scenarios and warming limits mean""}, {""t"": ""The Paris Agreement | United Nations"", ""u"": ""https://www.un.org/en/climatechange/paris-agreement"", ""p"": ""United Nations"", ""s"": ""What climate projections, emissions scenarios and warming limits mean""}]"
PJ-015,1.5°C and 2.0°C of global warming,,2114,,2114,"Scenario, no date given",,"Local thermal refuges all but vanish at 1.5°C, and completely at 2°C","At 1 km resolution across more than 230,000 reef pixels, the share of reef acting as a thermal refuge falls from 84% today to 0.2% at 1.5°C and zero at 2°C. Upwelling and strong currents rarely help.",Projection,Model projection,Global / multiple regions,Global / multiple regions,Global / multiple regions,"Undercuts the strategy of protecting the coolest reefs and hoping they carry the rest, which had been a central plank of climate-smart reef management.","Dixon et al. (2022), Future loss of local-scale thermal refugia in coral reef ecosystems",https://doi.org/10.1371/journal.pclm.0000004,Primary modelling study,,,,High,Core,"Projection stated against a warming level or emissions scenario, not a date. Corridor position implies no timing.",Recovery & resilience,Reef change,Remote sensing & imaging,yes,,2022,1.5°C and 2.0°C of global warming,"Here, we show that climate change will overwhelm current local-scale refugia, with declines in global thermal refugia from 84% of global coral reef pixels in the present-day climate to 0.2% at 1.5°C, and 0% at 2.0°C of global warming.",,yes,identical,https://journals.plos.org/climate/article?id=10.1371/journal.pclm.0000004,Cool refuges for reefs nearly vanish at 1.5°C and are gone at 2°C,"The study covered more than 230,000 reef squares of about one kilometre each. The share of reef acting as a cool refuge from heat falls from 84% today to 0.2% at 1.5°C, and to zero at 2°C. Cold water rising from below and strong currents rarely help.",It weakens the plan of protecting the coolest reefs and hoping they carry the rest. That plan had been a central part of climate smart reef management.,"[{""t"": ""Scenarios and climate models"", ""u"": ""https://www.canada.ca/en/environment-climate-change/services/climate-change/canadian-centre-climate-services/basics/scenario-models.html"", ""p"": ""Government of Canada, Canadian Centre for Climate Services"", ""s"": ""What climate projections, emissions scenarios and warming limits mean""}, {""t"": ""The Paris Agreement | United Nations"", ""u"": ""https://www.un.org/en/climatechange/paris-agreement"", ""p"": ""United Nations"", ""s"": ""What climate projections, emissions scenarios and warming limits mean""}]"
PJ-016,~3°C of global warming,,2116,,2116,"Scenario, no date given",,Great Barrier Reef refuges hold their advantage only until about 3°C,"The reefs that escaped the worst thermal stress over the past twenty years did so because of tides and wind mixing warm water away from the surface. That physical advantage survives warming, up to a point.",Projection,Model projection,Great Barrier Reef / Coral Sea,Great Barrier Reef / Coral Sea,Great Barrier Reef / Coral Sea,"A more hopeful reading of refuges than the global picture, with a hard ceiling attached.","McWhorter et al. (2022), Climate refugia on the Great Barrier Reef fail when global warming exceeds 3°C",https://doi.org/10.1111/gcb.16323,Primary modelling study,,,,High,Core,"Projection stated against a warming level or emissions scenario, not a date. Corridor position implies no timing.",Recovery & resilience,Reef change,Published analysis & synthesis,yes,,2022,~3°C of global warming,"However, on average this relative advantage only persists until global warming exceeds ~3°C.",,yes,identical,Crossref (api.crossref.org),Great Barrier Reef cool refuges keep their advantage only to about 3°C,"Some reefs escaped the worst heat stress over the past twenty years. Tides and wind mixed warm water away from the surface there. That physical advantage survives warming, but only up to a point.","It is a more hopeful view of refuges than the global picture, with a hard ceiling attached.","[{""t"": ""Scenarios and climate models"", ""u"": ""https://www.canada.ca/en/environment-climate-change/services/climate-change/canadian-centre-climate-services/basics/scenario-models.html"", ""p"": ""Government of Canada, Canadian Centre for Climate Services"", ""s"": ""What climate projections, emissions scenarios and warming limits mean""}, {""t"": ""The Paris Agreement | United Nations"", ""u"": ""https://www.un.org/en/climatechange/paris-agreement"", ""p"": ""United Nations"", ""s"": ""What climate projections, emissions scenarios and warming limits mean""}]"
PJ-017,RCP2.6 and RCP4.5 (persistence) vs RCP6.0 and RCP8.5 (extinction),,2118,,2118,"Scenario, no date given",,"Corals can evolve fast enough to survive, but only on low-emissions pathways","Genomic simulations for a cool-water population in the Cook Islands show heat tolerance evolving fast enough for the population to persist under RCP2.6 and RCP4.5, and not fast enough under RCP6.0 or RCP8.5.",Projection,Model projection,Central / Eastern Pacific,Central / Eastern Pacific,Central / Eastern Pacific,"Puts a boundary on natural adaptation: it is real, it is measurable, and it is outpaced above a certain rate of warming.","Bay et al. (2017), Genomic models predict successful coral adaptation if future ocean warming rates are reduced",https://doi.org/10.1126/sciadv.1701413,Primary modelling study,,,,High,Core,"Projection stated against a warming level or emissions scenario, not a date. Corridor position implies no timing.",Recovery & resilience,Reef change,Genomic & laboratory science,yes,,2017,RCP2.6 and RCP4.5 (persistence) vs RCP6.0 and RCP8.5 (extinction),"Under more severe scenarios, RCP6.0 and RCP8.5, adaptation was not rapid enough to prevent extinction.",,yes,identical,https://pmc.ncbi.nlm.nih.gov/articles/PMC5665595/,Corals could evolve fast enough to survive but only with low emissions,Computer models of genes looked at a cool water coral population in the Cook Islands. Heat tolerance evolves fast enough for the population to keep going under RCP2.6 and RCP4.5. It is not fast enough under RCP6.0 or RCP8.5.,"It puts a boundary on natural adaptation. Adaptation is real and can be measured, but it is outpaced above a certain speed of warming.","[{""t"": ""Breeding temperature tolerant corals for reef restoration and adaptation"", ""u"": ""https://www.aims.gov.au/research-topics/featured-projects/reef-spawning-research-aims/breeding-temperature-tolerant-corals-reef-restoration-and-adaptation"", ""p"": ""Australian Institute of Marine Science (AIMS)"", ""s"": ""Helping corals cope with heat: breeding and assisted evolution""}, {""t"": ""Scenarios and climate models"", ""u"": ""https://www.canada.ca/en/environment-climate-change/services/climate-change/canadian-centre-climate-services/basics/scenario-models.html"", ""p"": ""Government of Canada, Canadian Centre for Climate Services"", ""s"": ""What climate projections, emissions scenarios and warming limits mean""}]"
PJ-018,gradual warming; 20–50 coral generations (100–250 years),,2120,,2120,"Scenario, no date given",,Enough genetic variation exists for region-wide adaptation over 100–250 years,"Population genomics plus larval dispersal modelling for Acropora millepora finds southward migration spreading heat-tolerant alleles, and standing variation sufficient to adapt to gradual warming. The same model predicts rising sensitivity to sudden heatwaves.",Projection,Model projection,Great Barrier Reef / Coral Sea,Great Barrier Reef / Coral Sea,Great Barrier Reef / Coral Sea,"The most optimistic adaptation projection here, and it comes with the caveat that gradual warming and marine heatwaves are different problems.","Matz et al. (2018), Potential and limits for rapid genetic adaptation to warming in a Great Barrier Reef coral",https://doi.org/10.1371/journal.pgen.1007220,Primary modelling study,,,,High,Core,"Projection stated against a warming level or emissions scenario, not a date. Corridor position implies no timing.",Origins & evolution,Reef change,Genomic & laboratory science,yes,,2018,gradual warming; 20–50 coral generations (100–250 years),"Despite this capacity for adaptation, our model predicts that coral populations would become increasingly sensitive to random thermal fluctuations such as ENSO cycles or heat waves, which corresponds well with the recent increase in frequency of catastrophic coral bleaching events.",,yes,identical,https://journals.plos.org/plosgenetics/article?id=10.1371/journal.pgen.1007220,Corals across one region could hold enough genetic variety to adapt over 100 to 250 years,"Scientists studied the genes of Acropora millepora and modelled how its young drift on currents. Young corals drifting south spread heat tolerant gene versions, and the genetic variety already there is enough to adapt to gradual warming. The same model predicts corals becoming more sensitive to sudden heatwaves.",It is the most hopeful adaptation projection here. It comes with the warning that gradual warming and marine heatwaves are different problems.,"[{""t"": ""Breeding temperature tolerant corals for reef restoration and adaptation"", ""u"": ""https://www.aims.gov.au/research-topics/featured-projects/reef-spawning-research-aims/breeding-temperature-tolerant-corals-reef-restoration-and-adaptation"", ""p"": ""Australian Institute of Marine Science (AIMS)"", ""s"": ""Helping corals cope with heat: breeding and assisted evolution""}]"
PJ-019,all climate scenarios modelled; 50-year horizon,,2122,,2122,"Scenario, no date given",,Large-scale intervention buys the Great Barrier Reef one to two decades,"A meta-community model of 3,753 reefs tests combinations of crown-of-thorns control, rubble stabilisation, water quality measures, solar radiation management and heat-tolerant corals. None avert decline; the strongest combinations delay it.",Projection,Model projection,Great Barrier Reef / Coral Sea,Great Barrier Reef / Coral Sea,Great Barrier Reef / Coral Sea,"The clearest statement of what reef intervention is for. It is a way of buying time for mitigation to work, not a substitute for it.","Condie et al. (2021), Large-scale interventions may delay decline of the Great Barrier Reef",https://doi.org/10.1098/rsos.201296,Primary modelling study,,,,High,Core,"Projection stated against a warming level or emissions scenario, not a date. Corridor position implies no timing.","Experiment, method & monitoring",Knowledge,Experimental & intervention science,yes,,2021,all climate scenarios modelled; 50-year horizon,"Without intervention, all climate scenarios resulted in precipitous declines in GBR coral cover over the next 50 years.",,yes,identical,Crossref (api.crossref.org),Big rescue efforts could buy the Great Barrier Reef ten to twenty years,"A model of 3,753 connected reefs tested mixes of crown of thorns control, holding loose rubble in place, better water quality, reflecting some sunlight away and heat tolerant corals. None of the mixes stop the decline. The strongest ones only delay it.","It is the clearest statement of what reef intervention is for. It is a way of buying time for emissions cuts to work, not a replacement for them.","[{""t"": ""Restoring corals"", ""u"": ""https://oceanservice.noaa.gov/education/tutorial_corals/coral15_restoring-corals.html"", ""p"": ""NOAA Ocean Service Education"", ""s"": ""Coral restoration and coral gardening""}, {""t"": ""Restoring Coral Reefs | NOAA Fisheries"", ""u"": ""https://www.fisheries.noaa.gov/national/habitat-conservation/restoring-coral-reefs"", ""p"": ""NOAA Fisheries"", ""s"": ""Coral restoration and coral gardening""}]"
PJ-020,high emissions scenarios (not individually named),,2124,,2124,"Scenario, no date given",,"Swapping algal partners delays decline, until the warming rate outruns it","A global model of competing coral growth forms finds symbiont shuffling towards heat-tolerant types more effective than symbiont evolution, and both overtaken under high emissions. Acidification matters far less than warming.",Projection,Model projection,Global / multiple regions,Global / multiple regions,Global / multiple regions,"Vulnerability depends on the interaction between how fast it warms and how fast corals can respond, so neither warming nor adaptive capacity predicts the outcome on its own.","Logan et al. (2021), Quantifying global potential for coral evolutionary response to climate change",https://doi.org/10.1038/s41558-021-01037-2,Primary modelling study,,,,High,Core,"Projection stated against a warming level or emissions scenario, not a date. Corridor position implies no timing.",Science & discovery,Knowledge,Published analysis & synthesis,yes,,2021,high emissions scenarios (not individually named),"We show symbiont shuffling (towards taxa with increased heat tolerance) was more effective than symbiont evolution in delaying coral-cover declines, but stronger warming rates (high emissions scenarios) outpace the ability of these adaptive processes and limit coral persistence.",,yes,identical,https://www.nature.com/articles/s41558-021-01037-2,Swapping algae partners delays decline until warming gets too fast,"A global model of competing coral growth forms looked at the tiny algae living inside corals. Corals shuffling towards heat tolerant algae types works better than those algae evolving, and under high emissions both are overtaken. The sea turning more acidic matters far less than warming.",How badly reefs suffer depends on how fast it warms and how fast corals can respond together. So neither warming nor the ability to adapt predicts the outcome on its own.,"[{""t"": ""Breeding temperature tolerant corals for reef restoration and adaptation"", ""u"": ""https://www.aims.gov.au/research-topics/featured-projects/reef-spawning-research-aims/breeding-temperature-tolerant-corals-reef-restoration-and-adaptation"", ""p"": ""Australian Institute of Marine Science (AIMS)"", ""s"": ""Helping corals cope with heat: breeding and assisted evolution""}, {""t"": ""Scenarios and climate models"", ""u"": ""https://www.canada.ca/en/environment-climate-change/services/climate-change/canadian-centre-climate-services/basics/scenario-models.html"", ""p"": ""Government of Canada, Canadian Centre for Climate Services"", ""s"": ""What climate projections, emissions scenarios and warming limits mean""}]"
PJ-021,climate change scenarios (not individually named),,2126,,2126,"Scenario, no date given",,Transplanting heat-tolerant corals helps only if sustained for a century,"An eco-evolutionary simulation of restoration and assisted evolution finds both have a limited effect on severe decline, and that building genetic variance may outperform introducing heat-tolerant genotypes.",Projection,Model projection,Global / multiple regions,Global / multiple regions,Global / multiple regions,"A direct test of the assumption behind much reef restoration, and the answer is that scale and duration matter more than the choice of coral.","DeFilippo et al. (2022), Assessing the potential for demographic restoration and assisted evolution to build climate resilience in coral reefs",https://doi.org/10.1002/eap.2650,Primary modelling study,,,,High,Core,"Projection stated against a warming level or emissions scenario, not a date. Corridor position implies no timing.","Experiment, method & monitoring",Knowledge,Experimental & intervention science,yes,,2022,climate change scenarios (not individually named),"Overall, we found that, although demographic restoration and assisted evolution have the potential to improve long‐term coral cover, both approaches had a limited impact in preventing severe declines under climate change scenarios.",,yes,identical,https://pmc.ncbi.nlm.nih.gov/articles/PMC9788104/,Planting heat tolerant corals helps only if kept up for a century,"A computer model followed replanting corals and helping them evolve, along with how coral genes change over time. Both have only a limited effect on severe decline. Building up genetic variety may work better than adding corals with heat tolerant genes.",It is a direct test of the idea behind much reef restoration. The answer is that scale and how long it lasts matter more than which coral is chosen.,"[{""t"": ""Restoring corals"", ""u"": ""https://oceanservice.noaa.gov/education/tutorial_corals/coral15_restoring-corals.html"", ""p"": ""NOAA Ocean Service Education"", ""s"": ""Coral restoration and coral gardening""}, {""t"": ""Restoring Coral Reefs | NOAA Fisheries"", ""u"": ""https://www.fisheries.noaa.gov/national/habitat-conservation/restoring-coral-reefs"", ""p"": ""NOAA Fisheries"", ""s"": ""Coral restoration and coral gardening""}]"
