dc:title,prism:publicationName,prism:coverDate,prism:volume,prism:issueIdentifier,prism:pageRange,prism:doi,subtype,subtypeDescription,citedby-count,eid,pubmed-id,openaccess,abstract,authors,themes
Extreme temperature events reshuffle the ecological landscape of the Southern Ocean,Nature Communications,2026-12-01,17,1,,10.1038/s41467-025-68029-0,ar,Article,1,2-s2.0-105029241809,41469522,1,"Extreme temperature events are becoming widespread with global warming, impacting phytoplankton, the foundation of the marine ecosystem. In the Southern Ocean, these impacts are not well understood, despite the key role of phytoplankton in global carbon cycling and climate. Here, we use 26 years of satellite observations and confirm previously identified impacts of marine heatwaves (MHWs) on phytoplankton in the Southern Ocean, while systematically comparing the opposite impacts of marine cold spells (MCSs). MHWs decrease phytoplankton chlorophyll-a (Chl-a) in subtropical regions (−21.11%) but less so in polar regions, with Chl-a even increasing in the Sub-Antarctic Zone (+ 22.26%). MCSs exhibit opposite patterns, enhancing Chl-a in subtropical regions (+ 32.37%) while inhibiting it in southern regions (−21.19%). These regional differences in Chl-a anomalies are mediated by distinct responses in phytoplankton size composition to MHWs and MCSs. As extreme events intensify with global warming, Southern Ocean’s phytoplankton will be disrupted, with implications for global biogeochemical cycles. These findings highlight the importance of simultaneously considering both MHWs and MCSs when assessing the ecological impacts of climate extremes.","Bai, Zhimin; Deng, Lin; Brewin, Robert J.W.; He, Wenbo; Chunpi, Qilin; Zhao, Jun",
"Heatwaves beneath the ice: organ-specific physiological responses in the Antarctic emerald rockcod, Trematomus bernacchii (Boulenger, 1902)",Comparative Biochemistry and Physiology Part C Toxicology and Pharmacology,2026-07-01,305,,,10.1016/j.cbpc.2026.110509,ar,Article,0,2-s2.0-105032423507,,1,"Over the past few decades, the climate has undergone significant transformations, with increasing temperatures emerging as one of the most critical threats to marine ecosystems. Mounting evidence of marine heatwaves (MHWs) events in the Southern Ocean and Antarctic region has intensified scientific efforts, revealing that these fragile ecosystems may act as crucial early indicators of wider climate-driven changes in marine environments' biodiversity. This study explores the transcriptional responses of Trematomus bernacchii to thermal stress, focusing on the liver and spleen, key organs in immune defence and metabolic regulation. Adult specimens (total n = 30) were collected from Terra Nova Bay (Ross Sea) during the austral summer (late October 2022) and exposed to a temperature gradient, mimicking MHWs, ranging from 0 °C to +3 °C; a separate control group was maintained at 0 °C. Expression levels of antioxidant-related genes ( prdx3 , prdx5 , cat , sod1 , sod2 , gpx1 , gpx3 , gpx4 ) along with two innate immunity genes ( tlr2 and tlr9 ) were analysed in liver and spleen tissues from five biological replicates. The liver showed an early and dynamic response: gpxs , sod2 , Prdxs , and tlrs were upregulated at +1 °C and +2 °C but downregulated at +3 °C, suggesting early mitochondrial antioxidant response and immune activation. In contrast, the spleen remained largely unresponsive at mild stress levels, with marked activation of gpx1 , sods , Prdxs , and tlrs only at +3 °C. Cat remained unresponsive to thermal stress. These results indicate a delayed but coordinated response, suggesting an energy-conservation mechanism under increasing thermal stress. They underscore the limited plasticity of polar fish physiology and offer molecular insights into the vulnerability of Antarctic marine species in a warming climate.","Piva, Elisabetta; Kholdihaghighi, Shaghayegh; Ametrano, Alessia; Schumann, Sophia; Pacchini, Sara; Cortese, Martina; Drago, Laura; Baroni, Fabio; Fogliano, Chiara; Coscia, Maria Rosaria; Irato, Paola; Santovito, Gianfranco",
Characterising marine heatwaves in the Svalbard Archipelago and surrounding seas,Ocean Science,2026-02-12,22,1,587-607,10.5194/os-22-587-2026,ar,Article,0,2-s2.0-105030127601,,1,"In the Arctic Ocean, satellite-based sea surface temperature data shows that marine heatwave (MHW) intensity, frequency, duration and coverage have increased significantly in recent decades, raising concern for Arctic ecosystems. A high frequency (more than three events per year) of MHWs has been shown around the Svalbard Archipelago. Based on this, we investigate MHW trends around Svalbard at the surface and subsurface, using a regional reanalysis from TOPAZ (1991–2022). We find an increase in the frequency and duration of MHW events around the Svalbard Archipelago over the last decade. Focussing on a region west of Svalbard, we observe an increase in MHW frequency and duration, associated with a long-term rise in sea surface temperature in the region. Analysis of eight individual summer (June–September) MHW events lasting longer than 10 d west of Svalbard, indicated the presence of four shallow (≤50 m) and four deep (>50 m) MHWs after 2010, with a mean duration of 29 d. Some events extended into the Barents Sea. Heat budget analysis demonstrated a greater contribution of ocean heat transport compared to air-sea heat fluxes in driving the MHW events. Deep and shallow events were associated with ocean heat transport anomalies of up to 9 TW. This new understanding of MHW characteristics, including their horizontal and vertical distribution, is key to assessing ecological impacts.","Williams-Kerslake, Marianne; Langehaug, Helene R.; Skogseth, Ragnheid; Nilsen, Frank; Samuelsen, Annette; Gonzalez, Silvana; Keenlyside, Noel",
"Southern Ocean marine heatwaves: variability, hotspots and teleconnections",Journal of Oceanography,2026-02-01,82,1,1-24,10.1007/s10872-025-00769-5,ar,Article,1,2-s2.0-105011031429,,0,"Marine heatwaves (MHW) are increasingly recognized for their ecological and climatic impacts, yet their behavior in the Southern Ocean (SO)—a key component of the global climate system—remains understudied. This study investigates the spatial and temporal variability of SO MHW from 1982 to 2022, focusing on two regional hotspots: the Western Pacific (WP) and North Ross Sea (NRS), highlighting regional dynamics, variability, and the influence of large-scale climate modes. SO exhibited weaker long-term MHW trends compared to the global average, but a marked intensification (frequency + 0.36 events/decade, + 15 days/decade) in the last decade signals a recent shift under warming conditions. Regionally, NRS experienced stronger austral summer MHW intensity, while WP showed more frequent but less intense events in austral winter, indicating seasonal responses. A strong correlation between SST variance and MHW frequency in WP (R ≈ 0.85–0.86), and moderate correlation in NRS (R ≈ 0.78), highlights the role of background variability. ENSO moderately influenced NRS MHW frequency and days, whereas WP showed weaker teleconnection signatures. The Southern-Annular Mode (SAM) negatively correlated with MHW intensity and duration in NRS, during austral autumn, through wind-driven processes, including enhanced westerlies and Ekman transport, promoting cold-water upwelling and mixing. These mechanisms reduce surface warming and stratification, suppressing MHW development. EOF PC1 reflects large-scale variability (e.g., ENSO), while PC2 isolates polar-amplified signals near hotspots. Such decomposition improves understanding of how SST anomalies and MHW extremes co-evolve under climate forcing. This study underscores the importance of large-scale climate modes and regional processes in shaping SO MHW characteristics.","Gurumoorthi, K.; Luis, Alvarinho J.",
A decade of continuous Rockall Trough transport observations using moorings and gliders,Ocean Science,2026-01-16,22,1,167-185,10.5194/os-22-167-2026,ar,Article,0,2-s2.0-105027973036,,1,"The Rockall Trough, northwest of Scotland and Ireland, is a key conduit for the North Atlantic Current (NAC) and European Slope Current (ESC) transporting heat and salt toward the Nordic Seas and Arctic Ocean while mediating exchanges between the open ocean and the European shelf. We present a decade-long record of Rockall Trough circulation from the Ellett Array providing the first continuous estimates of heat and freshwater transport between 2014 and 2024. We develop a methodology that combines the high spatial resolution of gliders with the high temporal resolution of moorings and ocean reanalysis output producing continuous eastern boundary velocity fields of the ESC for integration into the full Rockall Trough transport product. This approach improves the mean structure of the ESC, capturing the southward undercurrent previously unresolved and enhancing the ability to reproduce extreme, likely mesoscale, transport events. The Rockall Trough transport is dominated by the NAC flowing through the mid basin, exhibiting multi-year variability consistent with changes in the subpolar gyre and the mid-2010s cold freshwater anomaly. The ESC acts as a secondary driver, is not correlated with the NAC and is influenced by along-slope wind stress. Since 2022, warmer and saltier conditions, amplified by the 2023 extreme North Atlantic marine heatwave, have strengthened northward volume, heat, and salt transport through the Ellett Array. Our results highlight the value of sustained glider-based boundary current observations for Atlantic climate monitoring and demonstrate that the combined mooring–glider framework provides a robust and transferable approach for long-term ocean transport monitoring.","Burmeister, Kristin; Jones, Sam C.; Fraser, Neil J.; Fox, Alan D.; Cunningham, Stuart A.; Drysdale, Lewis A.; Inall, Mark E.; Dotto, Tiago S.; Holliday, N. Penny",
Evaluation of coupled and uncoupled ocean–ice–atmosphere simulations using icon-2024.07 and NEMOv4.2.0 for the EURO-CORDEX domain,Geoscientific Model Development,2026-01-15,19,1,543-578,10.5194/gmd-19-543-2026,ar,Article,0,2-s2.0-105028029313,,1,"Evaluation results from the reanalysis-driven (ERA5/ORAS5) simulation for the years 1979–2021 with a regional coupled ocean–atmosphere model (ROAM) are presented. The coupled setup portrayed here is one of the first regional climate modeling systems to couple the ICON atmosphere model in climate limited-area mode (CLM) with the ocean model NEMO for the North and Baltic Sea (NBS), using a flux-based OASIS3-MCT coupling approach. Along with the simulation using the coupled model configuration ROAM-NBS, the simulations with the uncoupled components (ICON-CLM and NEMO-NBS, respectively) are analyzed and compared with various observational datasets. ROAM-NBS complements atmosphere-only climate projections with the same atmospheric model and setup, which will all be published in accordance with EURO-CORDEX specifications. Climate projections by ROAM-NBS will enrich the data available to support the German Strategy for Adaptation to Climate Change (DAS), especially for our target region, which are the German national waters. In general, the mean model climate is well represented by all setups. The sea surface temperature (SST) bias is, on average, about ±0.5 K. Differences in fluxes and precipitation over the ocean between the coupled and uncoupled simulations are largely related to SST differences. However, the mean influence on the land areas is negligible. The evaluations of ocean variables indicate a strong agreement between ROAM-NBS and NEMO-NBS. Compared to observations, both simulations overestimate sea ice concentration and extent. Mean temperature and salinity profiles in the Baltic Sea are generally reproduced by both simulations, with biases in the deeper layers. Major inflow events are captured but underestimated. Sea surface height and storm surge highly coincide with observational data, with NEMO-NBS slightly outperforming ROAM-NBS in terms of correlation. The marine heat wave (MHW) evaluation against observations in the North and Baltic Sea demonstrates that the simulations capture the inter-annual variability of MHW characteristics. Overall, the coupled simulation demonstrates adequate performance for both the atmosphere and the ocean, and the setup will be used to produce coupled regional climate projections for Europe. However, bias correction for the deeper Baltic layers remains necessary for further applications, and future work will focus on refining the setup for this region.","Maurer, Vera; Düsterhöft-Wriggers, Wibke; Beddig, Rebekka; Meyer, Janna; Hinrichs, Claudia; Ho-Hagemann, Ha Thi Minh; Staneva, Joanna; Ehlers, Birte Marie; Janssen, Frank",
Compounded effects of long-term warming and the exceptional 2023 marine heatwave on North Atlantic coccolithophore bloom dynamics,Ocean Science,2026-01-14,22,1,145-166,10.5194/os-22-145-2026,ar,Article,0,2-s2.0-105027965626,,1,"The North Atlantic is undergoing rapid ecological evolution under the influence of both long-term warming and the increasing frequency of marine heatwaves. In 2023, the North Atlantic experienced record-breaking sea surface temperature anomalies, exceeding +5 °C regionally and lasting several months. Using 25 years of satellite-derived particulate inorganic carbon data (1998–2023), we assess the response of coccolithophore blooms across two biogeographical boundaries: the Celtic Sea and the Barents Sea. We show that the 2023 marine heatwave led to reduced bloom intensity and fragmentation in the Celtic Sea, while leading to record-high intensity and extent in the Barents Sea. These contrasting responses are modulated by long-term sea surface temperature trends, upper-ocean stratification, and polar front shifts. Our findings suggest a spatial shift of coccolithophore blooms with potential implications for the carbon cycle under long-term warming and stratification.","Guinaldo, Thibault; Neukermans, Griet",
Marine Heatwaves Enable High-Latitude Maintenance of Super Typhoons: The Role of Deep Ocean Stratification and Cold-Wake Mitigation,Journal of Marine Science and Engineering,2026-01-01,14,2,,10.3390/jmse14020191,ar,Article,0,2-s2.0-105028580344,,1,"Tropical cyclones typically weaken rapidly during poleward propagation due to decreasing sea surface temperatures and increasing vertical wind shear. Super Typhoon Oscar (1995) deviated from this pattern by maintaining Category-5 intensity at an anomalously high latitude. This study investigates the oceanic mechanisms driving this resilience by integrating satellite SST data with atmospheric (ERA5) and oceanic (HYCOM) reanalysis products. Our analysis shows that the storm track intersected a persistent marine heatwave (MHW) characterized by a deep thermal anomaly extending to approximately 150 m. This elevated heat content formed a strong stratification barrier at the base of the mixed layer (~32 m) that prevented the typical entrainment of cold thermocline water. Instead, storm-induced turbulence mixed warm subsurface water upward to effectively mitigate the negative cold-wake feedback. This process sustained extreme upward enthalpy fluxes exceeding 210 W m−2 and generated a regime of thermodynamic compensation that enabled the storm to maintain its structure despite an unfavorable atmospheric environment with moderate-to-strong vertical wind shear (15–20 m s−1). These results indicate that the three-dimensional ocean structure acts as a more reliable predictor of typhoon intensity than SST alone in regions affected by MHWs. As MHWs deepen under climate warming, this cold-wake mitigation mechanism is likely to become a significant factor influencing future high-latitude cyclone hazards.","Tian, Chengjie; Yu, Yang; Ji, Jinlin; Zhang, Chenhui; Feng, Jiajun; Li, Guang","8,9,10,11,15,16"
"Winter Sea-Surface-Temperature Memory in the East/Japan Sea Under the Arctic Oscillation: Time-Integrated Forcing, Coupled Hot Spots, and Predictability Windows",Remote Sensing,2026-01-01,18,1,,10.3390/rs18010079,ar,Article,0,2-s2.0-105027307857,,1,"Highlights: What are the main findings? The Arctic Oscillation (AO) conditions winter sea-surface-temperature (SST) memory in the East/Japan Sea. Effective integration timescales are about 2–3 weeks for wind-stress curl and near-surface atmospheric variables, and about 4–7 weeks for sea-level pressure and meridional wind, with longer timescales during the negative AO phase. A covariance-based coupled-pattern analysis consistently identifies East Korea Bay and the Subpolar Front as air–sea coupling hot spots, and time-integrated atmospheric responses reproduce the observed sub-seasonal persistence of SST anomalies. What are the implications of the main findings? These phase-specific memory windows (for example, 3-week wind-stress-curl/near-surface drivers and 4–7-week sea-level-pressure/meridional-wind drivers during the negative phase) can be used as leading indices for sub-seasonal prediction of winter marine heatwaves and cold-surge-impacted SST anomalies. The combination of satellite SST, reanalysis fields, and simple integration/coupled-pattern/persistence diagnostics provides a lightweight, reproducible framework that can be transferred to other marginal seas and climate modes. We examine how the Arctic Oscillation (AO) shapes winter sea-surface-temperature (SST) variability in the East/Japan Sea, with a focus on sub-seasonal SST memory (how long anomalies persist) and air–sea coupling (where SST and atmospheric anomalies co-vary). Using daily OISST v2.1 and ERA5 reanalysis for 1993–2022, we first analyze winter persistence of SST and key atmospheric drivers and identify East Korea Bay and the Subpolar Front as hotspots of long-lived SST anomalies. A rank-reduced multivariate maximum covariance analysis then extracts the leading coupled mode between SST and a set of atmospheric fields under positive and negative AO phases; in both phases the coupled mode is front-anchored, but its amplitude and spatial focus differ. Finally, to quantify the mixed-layer memory, we construct Ornstein–Uhlenbeck-like time-integrated responses of the atmospheric principal components. The effective integration timescales, determined by maximizing zero-lag correlations with the SST mode, cluster at approximately 2–3 weeks for wind-stress curl and near-surface variables and 4–7 weeks for sea-level pressure and meridional wind, with longer timescales during negative AO. The time-integrated atmospheric responses exhibit SST-like persistence, confirming the mixed layer’s role as a stochastic integrator. These AO-conditioned memory windows define practical lead times over which integrated atmospheric indices can act as predictors of winter marine heatwaves and cold-surge-impacted SST anomalies.","Lim, Gyuchang; Park, Jong Jin","6,7,9,14,15,16"
Global Responses of Phytoplankton Size Structure to Marine Heatwaves,Global Biogeochemical Cycles,2026-01-01,40,1,,10.1029/2025GB008854,ar,Article,0,2-s2.0-105026497858,,1,"Marine heatwaves (MHWs) are receiving fast-growing attention due to their devastating ecological and socioeconomic impacts under global warming. Despite studies on the response of phytoplankton abundance to MHWs, their effects on phytoplankton size structure (PSS), a crucial property of phytoplankton community, are poorly understood. Here, we present a global assessment of PSS changes during MHWs based on multi-satellite observations. We find that MHWs tend to increase the dominance of smaller-size phytoplankton in mid-low latitudes, while shifting PSS toward larger-size species in high latitudes. Compared with the high-latitude oceans, PSS are more susceptible to MHWs in mid-low latitudes (ML). Hotspots of PSS shifting to smaller species are observed in the tropical oceans, the eastern boundary upwelling systems, and the mid-latitude transition zones, mainly due to reduced nutrient availability associated with changes in oceanic processes. In contrast, the shift of PSS to larger size classes in the high-latitude oceans is likely attributed to increased light exposure during MHWs. The potential recovery time of these PSS disturbance exhibits marked spatial heterogeneities and suggests a more elastic phytoplankton community during MHWs in ML. These results extend our understanding of the phytoplankton responses to MHWs and have important implications for global fisheries and carbon cycling.","Zhan, Weikang; Zhang, Ying; He, Qingyou; Feng, Ming; Du, Yan; Shen, Xinchen; Liu, Yunchen; Zhan, Haigang","12,13"
Diverging carbonate budgets following tropicalization of temperate reefs,Proceedings of the Royal Society B Biological Sciences,2025-12-17,292,2061,,10.1098/rspb.2025.2578,ar,Article,0,2-s2.0-105027705405,41538033,1,"Climate-driven shifts in the abundance and distribution of habitat-forming species are transforming how ecosystems produce and cycle carbon, nutrients and energy. Temperate kelp forests are increasingly being replaced by tropical or warm-affinity habitat-forming species like turf seaweeds and corals, i.e. 'tropicalized'. These changes can have cascading effects on associated species such as calcifying organisms, which contribute to sediment generation and carbon cycling via the production of calcium carbonate. This study quantified carbonate production and erosion across a temperate kelp forest and three tropicalized reef states following the 2011 marine heatwave: kelp-turf mix, warmer affinity seaweeds and coral-turf dominance. Results show that gross carbonate production was the highest in coral-turf reefs (1.85 ± 0.65 kg m-2 yr-1), lowest in warmer affinity seaweed reefs (0.04 ± 0.02 kg m-2 yr-1) and intermediate in temperate kelp forests (0.60 ± 0.19 kg m-2 yr-1). These differences were linked to the abundance of corals in coral-turf state and scarce calcifying algae in the warmer affinity seaweed state. Bioerosion played a moderate role in the overall budget, but the dominant bioeroders differed between habitats: urchins in temperate reefs contributed 80% less than parrotfishes in tropicalized reefs. Overall, tropicalization can either increase or decrease carbonate availability, depending on the dominant habitat formers. These shifts may significantly impact inorganic carbon cycling and the structural and functional integrity of coastal reef ecosystems.","Attlan, Océane; Wernberg, Thomas; Wood, Georgina; Pessarrodona, Albert","12,14"
Satellites reveal different stories of marine heatwaves in the sea-ice-covered pan-Arctic,Communications Earth and Environment,2025-12-01,6,1,,10.1038/s43247-025-01997-9,ar,Article,2,2-s2.0-85218073177,,1,"Satellite observations provide valuable information on the rapidly increasing marine heatwaves over the Arctic Ocean, yet current assessments of these events lack reliability because the satellite-based temperature in ice-covered regions heavily relies on ice conditions. Here we compared the marine heatwaves derived from two commonly used satellite products to evaluate the potential influences of sea ice in the pan-Arctic. We found inconsistent behaviors of marine heatwaves in both mean fields and temporal variations on interannual and seasonal timescales using two datasets, which became even larger in recent years when they showed opposite tendencies over regions with higher ice concentrations (>50%). Our findings revealed our knowledge of marine heatwaves in the Arctic is facing challenges due to the large influences of sea ice and datasets that were ignored in previous studies, highlighting an urgent need for in situ observations and consistent and reliable long-time datasets for the warming Arctic.","Zhang, Xuewei; Zhao, Ning; Dai, Zhijun; Han, Zhen","1,7,16"
Climate-driven shifts in marine habitat explain recent declines of Japanese Chum salmon,Scientific Reports,2025-12-01,15,1,,10.1038/s41598-025-26397-z,ar,Article,0,2-s2.0-105023691296,41339368,1,"Climate change is accelerating at unprecedented rates, with disproportionate impacts on marine ecosystems. We examined the distributional responses of chum salmon (Oncorhynchus keta), a keystone species, to the recent climatic changes in the North Pacific from 1998 to 2022. We applied a multi-model ensemble approach to examine the spatial and temporal distribution patterns of suitable habitats throughout their seasonal migratory grounds and relate them to recent declines of Japanese chum salmon stocks. Our modelling identified temporal shifts in the locations of feeding and overwintering grounds, driven by increasing ocean temperatures, deteriorating forage conditions, and strengthening wind and marine heatwave intensity. During their feeding migration, the suitable chum habitat in the Bering Sea was reduced but increased in the Arctic. Overwintering habitat patterns further captured an overall decline in the trailing edges of their distribution, accompanied by habitat shifts towards the central North Pacific. Periods of marine heatwaves further coincided with sizable habitat losses. Such habitat displacements potentially affect the Japanese chum salmon stocks, shown by substantial habitat reductions in the Okhotsk and central Bering seas. These findings highlight the exacerbating exposure and vulnerability of the chum salmon populations to recent climatic and productivity changes throughout their marine life history, with concomitant repercussions on their production dynamics and provision of ecosystem services. Thus, requiring climate-adaptive measures such as the readjustment of fishing seasons and quotas according to the changing salmon stocks and habitat conditions, and the improvement of current hatcheries practices to manage and conserve salmon resources.","Alabia, Irene D.; Saitoh, Sei Ichi; García Molinos, Jorge; Hirata, Takafumi; Miyakoshi, Yasuyuki; Takahashi, Fumihiro; Ueno, Hiromichi; Kaeriyama, Masahide","10,11,12,13,14"
Spatiotemporal patterns of marine heatwaves in the Southern Ocean and their role in air-sea interaction,Journal of Marine Systems,2025-12-01,252,,,10.1016/j.jmarsys.2025.104141,ar,Article,0,2-s2.0-105017430373,,0,"Marine heatwaves (MHWs) are extended periods of abnormally warm ocean conditions in which temperature exceeds the 90th percentile threshold limit. While prior studies have mainly focused on regional trends, the Southern Ocean, particularly around Antarctica, has been relatively understudied despite experiencing considerable warming in recent decades. This study investigates MHWs in the Southern Ocean from 1982 to 2022, highlighting significant spatial and temporal variations in their frequency, intensity, and days. MHWs were found to be more frequent (0.4 events per decade) and intense north of 65°S, especially during the summer, with a marked rise in occurrence after 2008, coinciding with anthropogenic climate change and increasing sea surface temperatures (SST). The study also identifies the influence of climate patterns such as El Niño and the Indian Ocean Dipole (IOD) on MHWs intensity and frequency, particularly in the Ross Sea during spring and autumn. We analyzed the atmospheric impacts of significant MHWs in 2013. The 2013 MHW event serves as a key example of extreme subsurface warming, where temperatures reached 6.2 °C at 120 m depth, significantly increasing the region's heat content. This highlights how MHWs can transmit heat vertically, impacting both surface and deep ocean layers. The findings emphasize the complex interactions between ocean dynamics, and atmospheric conditions in determining MHWs patterns in the Southern Ocean, offering crucial insights for predicting the region's future responses to climate change.","Gurumoorthi, K.; Luis, Alvarinho J.","3,8,9,10,14"
Marine heatwaves are shaping the vertical structure of phytoplankton in the global ocean,Communications Earth and Environment,2025-12-01,6,1,,10.1038/s43247-025-02718-y,ar,Article,4,2-s2.0-105014895854,,1,"Marine heatwaves, characterized by extremely high ocean temperatures, significantly impact marine ecosystems. To date, the vertical structure of phytoplankton responses to marine heatwaves remains poorly understood. Here we use 17 years of global profiles from Biogeochemical-Argo float data to show that marine heatwaves drive distinct phytoplankton responses at different depths, with subsurface signals sometimes stronger than surface ones. These responses are classified into intensified, weakened, and subsurface-reversed chlorophyll-a types, each showing distinct latitudinal patterns and driven by changes in light, temperature, and nutrient supply during marine heatwaves. Intensified responses dominate high latitudes, while weakened and subsurface-reversed responses are more common in mid-to-low latitudes. Marine heatwaves also promote the development of deep chlorophyll maxima and reshape subsurface chlorophyll-a distributions. Our findings highlight the critical role of vertical marine heatwaves in shaping phytoplankton dynamics and underscore the need for enhanced subsurface monitoring to better assess ecological and biogeochemical impacts under ocean warming.","Ma, Xueying; Chen, Gengxin","8,12,16"
Effects of marine heat waves and cold spells on a polar shallow water ecosystem,Scientific Reports,2025-12-01,15,1,,10.1038/s41598-025-05621-w,ar,Article,1,2-s2.0-105008679115,40542060,1,"Global warming affects the Earth system in complex ways, often preventing a functional understanding of the underlying processes. Disentangling these processes between abiotic drivers and single species or entire communities is, however, essential for an in-depth understanding of the impacts of climate change on the ecosystem. Using a high-resolution time series on heat waves and cold spells in an Arctic fjord system, we demonstrate that AI-supported digital data processing, which is based on state-of-the-art observatory technology, has the potential to provide new insights into the effects of abiotic factors on biotic communities, which would not be possible with traditional expedition-based sampling methods. Furthermore, our study shows that short-term, event-driven anomalies in key ocean variables not only alter a system’s hydrography but also have the potential to impact the entire community across the trophic chain from benthos and zooplankton to fish. We found a significant positive correlation between hydrographic temperature anomalies and biota abundance, with high biota abundances linked to ‘Atlantic’ phases with frequent heat waves and low biota abundances correlated with ‘Arctic’ phases dominated by cold spells. The study also revealed that hydrographic anomalies can not only influence overall biota abundance in an area but also trigger complex shifts in species composition. This leads to fluctuating interannual abundance peaks in specific biotic groups, such as jellyfish, fish, or chaetognaths, depending on trigger factors that are not yet fully understood.","Fischer, Philipp; Brix, Holger; Bussmann, Ingeborg; Ködel, Uta; Schwanitz, Max; Schütze, Claudia; Anselm, Norbert; Brand, Markus; Jenniges, Yvonne; Kasten, Sabine; Kraberg, Alexandra; Lienkämper, Miriam; Spotowitz, Lisa; Weber, Ute; Wiltshire, Karen; Dietrich, Peter","1,12,14,16"
Arctic warming as a potential trigger for the warm blob in the northeast Pacific,Npj Climate and Atmospheric Science,2025-12-01,8,1,,10.1038/s41612-025-00900-9,ar,Article,2,2-s2.0-105000327339,,1,"The northeast (NE) Pacific has experienced significant marine heatwaves (MHWs) in recent years, commonly known as “warm blobs.” This study examines the impact of Arctic warming, particularly in the Eastern Siberian-Chukchi Sea (ES-CS) region, on the occurrence of these warm blobs during boreal winters. We found that Arctic warming triggers a positive phase of the Tropical/Northern Hemisphere-like (TNH-like) atmospheric circulation, creating a pronounced high-pressure system over the Alaskan region. This system leads to easterly wind anomalies that weaken prevailing westerlies, reducing heat loss from the ocean to the atmosphere and cold advection in the upper ocean. Consequently, sea surface temperatures rise, favoring the development of warm blobs. A numerical experiment confirmed that the projected changes in the ES-CS region impact warm blobs occurrences by inducing this high-pressure system, linking Arctic warming to MHWs in the NE Pacific.","Chen, Huan Huan; Wang, Yuntao; Li, Xichen; Wan, Liying; Yuan, Yeping; Yan, Yunwei; Hannah, Charles; Chai, Fei","1,9,10,14"
Response of phytoplankton communities to the onset of the 2020 summer marine heatwave in the Drake Passage and Antarctic Peninsula,Biogeosciences,2025-11-25,22,22,7205-7232,10.5194/bg-22-7205-2025,ar,Article,1,2-s2.0-105022829218,,1,"Extreme warming events are increasingly more intense and frequent in the global ocean. These events are predicted to drive profound and widespread effects on marine ecosystems, yet their impact on phytoplankton, the base of the marine food web, is still largely unknown. Our understanding of the impact of these phenomena in marine ecosystems is particularly poor in the remote and logistically challenging Southern Ocean. During summer 2020, the research vessel Hespérides sampled the water column of the Drake Passage and northern Antarctic Peninsula before (early January) and during the early phase (late January-early February) of a Marine Heat Wave (MHW), that resulted in sea surface temperature anomalies of up to +3 °C. Here, we take advantage of this exceptional opportunity to document the effects of an extreme warming event on the nutrient and phytoplankton (diatom and coccolithophores) distributions across the main zonal systems of the Southern Ocean. Overall, our results indicate that biogeographical variability of diatom and coccolithophore assemblages, the two dominant phytoplankton groups in the Southern Ocean, mirrored the physical and chemical properties of the water masses delineated by the Southern Ocean fronts before and during the onset of the marine heat wave. Analysis of a suite of satellite-derived oceanographic parameters revealed that development and persistence of the 2020 marine heat wave were closely tied to mesoscale anticyclonic eddy dynamics. The increase in sea surface temperatures during the onset of the marine heat wave was associated with a remarkable increase in diatom abundance reaching bloom concentrations and a shift in the diatom assemblage towards an increase in the relative abundance of the small diatom Fragilariopsis cylindrus/nana in the southern Drake Passage. Notably, the diatom bloom was not coupled with a statistically significant change in chlorophyll a, as derived from in-situ fluorescence, or modelled Net Primary Production. It is likely that the differing contribution of other phytoplankton groups and/or a shift in the average phytoplankton size before and during the MHW might be responsible for these results. Average coccolithophore abundance was lower than previous studies in the Drake Passage and decreased during the MHW. We speculate that the remarkable nitrate decrease by approximately one order of magnitude lower than average summer concentrations might have been responsible for the reduction in coccolithophore numbers. Low nitrate levels are attributed to either the advection of nitrate poor waters from lower latitudes by an anticyclonic eddy and/or nutrient consumption by substantial development of soft-tissue phytoplankton biomass. Overall, our results reinforce the notion that a warmer Southern Ocean will favour an increase of small phytoplankton cells in the southern Drake Passage and northern Antarctic Peninsula with unpredictable consequences in the marine-food web and biogeochemical cycles that need to be urgently quantified and parametrized.","Rigual-Hernández, Andrés S.; Leventer, Amy; Fernández-Barba, Manuel; Flores, José A.; Navarro, Gabriel; Etourneau, Johan; Evangelinos, Dimitris; Duffy, Megan; Escutia, Carlota; Bohoyo, Fernando; Sánchez-Santos, José M.; Sabourdy, Manon; Jiménez-Espejo, Francisco J.; Bárcena, María A.","2,3,9,12,14"
Wintertime Cross-Correlational Structures Between Sea Surface Temperature Anomaly and Atmospheric-and-Oceanic Fields in the East/Japan Sea Under Arctic Oscillation,Fractal and Fractional,2025-11-01,9,11,,10.3390/fractalfract9110684,ar,Article,1,2-s2.0-105023163855,,1,"The winter Arctic Oscillation (AO) modulates the East Asian climate and the East/Japan Sea (EJS) thermodynamics, yet the local, scale-dependent air–sea couplings remain unclear. Using 30 years of daily fields (1993–2022), we map at each grid point, the cross-persistence and scale-dependent cross-correlations between sea surface temperature anomalies (SSTA) and (i) atmospheric anomalies, (ii) turbulent heat-flux anomalies (sensible and latent), and (iii) oceanic anomalies. Detrended Fluctuation/Cross-Correlation Analyses (DFA/DCCA, 5–50 days) yield the Hurst exponent ((Formula presented.)) and the DCCA coefficient ((Formula presented.)). Significance is assessed with iterative-AAFT surrogates and Benjamini–Hochberg false discovery rate (FDR). Three robust features emerge: (1) during AO+, the East Korean Bay–Subpolar Front corridor shows large SSTA variance and high long-term memory ((Formula presented.) 1.5); (2) turbulent heat-flux anomalies are anti-phased with SSTA and show little cross-persistence; (3) among oceanic fields, SSHA and meridional geostrophic velocity provide the most AO-robust positive coupling. Within a fractal frame, DFA slopes ((Formula presented.)) quantify local self-similarity; interpreting winter anomalies as fBm implies a fractal-dimension proxy (Formula presented.), so AO+ hot spots exhibit (Formula presented.). These fractal maps, together with (Formula presented.), offer a compact way to pre-locate marine-heatwave-prone regions. The grid-point, FDR-controlled DFA/DCCA approach is transferable to other marginal seas.","Lim, Gyuchang; Park, Jong Jin","9,16"
Neoichnological experiments reveal key differences between marine bioturbator responses to gradual warming compared to marine heat waves,Marine Environmental Research,2025-11-01,212,,,10.1016/j.marenvres.2025.107595,ar,Article,1,2-s2.0-105017853708,41045830,1,"Seawater temperature fluctuations influence shallow marine ecosystems by disrupting the bioturbating (burrowing and sediment-mixing) activities of benthic species, which can, in turn, strongly affect seafloor geochemical cycling, including sediment oxygenation, organic matter degradation and nutrient regeneration. Although climate change is expected to increase water temperatures across a range of settings, particularly in mid-to high-latitude coastal environments, there is limited understanding of how the temporal dynamics of these changes (e.g., rate, duration and frequency of warming) will shape bioturbator behaviors. In this study, we used common benthic bioturbators (polychaetes and amphipods) from the Connecticut coast to investigate how conditions simulating both marine heat waves (MHWs) and gradual warming influence bioturbation and burrow features in mesocosm experiments. In addition, we use experimental observations of changes in burrow morphology to develop new criteria for diagnosing the impact of warming from trace fossil assemblages, thus providing a new window into the impact of past episodes of warming on seafloor communities. Our findings indicate that conditions simulating marine heat waves (i.e., episodic, punctuated warming) have distinct and contrasting effects on bioturbators relative to gradual warming. We observe that, for nereid polychaetes, gradual warming increased burrow area and decreased maximum burrow depth, whereas MHW conditions had limited effect. For eunicid polychaetes, gradual warming increased maximum burrow depth, whereas MHWs decreased burrow area. For amphipods, both burrow area and maximum burrow depth increased under MHW conditions. These results highlight that the effects of temperature variations on bioturbators are species- and ecology-specific; different infaunal taxa living within the same community have notably different thermal tolerances.","Miguez-Salas, Olmo; Tarhan, Lidya G.",12
The Arctic copepod Calanus hyperboreus is more tolerant to marine heatwaves than temperate copepods in the Oslofjord,Royal Society Open Science,2025-10-29,12,10,,10.1098/rsos.250365,ar,Article,0,2-s2.0-105020267604,,1,"Calanus hyperboreus plays a key role in the functioning of Arctic ecosystems. It is considered highly vulnerable to ocean warming and marine heatwaves, which would reduce its range, expected to shift northward. Yet, C. hyperboreus is reported as far south as the Skagerrak, where it is considered non-native and transported by ocean currents. We argue that this may be an isolated population adapted to warmer temperatures. To test this hypothesis, we exposed C. hyperboreus from the Oslofjord to temperatures from 0°C to 24°C, for 5 days. We recorded survival to identify the upper threshold of thermal tolerance and DNA damage to detect sublethal effects. The thermal response of C. hyperboreus was compared with that of the dominant copepod species in the Oslofjord, Calanus finmarchicus and Metridia longa. We found that the survival of C. hyperboreus did not decrease before reaching 16°C–20°C which was much higher than 13°C–16°C and 4°C–8°C for C. finmarchicus and M. longa, respectively. Calanus hyperboreus showed the least DNA damage, highlighting the adaptation of its physiology to the Oslofjord. Our results suggest the existence of local adaptations to warming in C. hyperboreus that could determine its fate under climate change.","Lutier, Mathieu; Skari, Andrea Emilie Thorstensen; Thomsen, Nele; Reinardy, Helena C.; Dinh, Khuong V.",12
Leading dynamical processes of global marine heatwaves in an ocean state estimate,Ocean Science,2025-10-17,21,5,2463-2479,10.5194/os-21-2463-2025,ar,Article,0,2-s2.0-105019923697,,1,"Marine heatwaves (MHWs) have emerged as a very active area of research due to the devastating impacts of these events on marine ecosystems across different trophic levels. However, a clear understanding of the local drivers of these extreme ocean conditions is still limited at a global scale. Observations of the terms needed to constrain ocean heat budgets are very sparse, ocean reanalysis products are generally non-conservative and inadequate to conduct accurate heat budget analyses, and the fidelity of climate models with respect to simulating MHWs is still unclear. In this study, we make use of Argo float observations, a satellite-based sea surface temperature product, and the Estimating the Circulation and Climate of the Ocean (ECCO) state estimate to assess MHW characteristics over the global ocean. ECCO is then used to evaluate local MHW drivers. ECCO assimilates observations using the adjoint methodology, which optimizes the system trajectory given the observational constraints in a conservative fashion, making it an ideal product for the estimation of heat budgets. The representation of MHWs in ECCO is generally consistent with observations, although ECCO tends to underestimate MHW frequency and intensity and overestimate duration, relative to the observational products. Atmospheric forcing emerges as the dominant contributor to MHW onset and decline across most regions, while ocean dynamics, including the advective and diffusive convergence of heat, play crucial roles in the equatorial regions, specifically in the extratropical zones (e.g., western boundary currents, such as the Gulf Stream and Kuroshio) and the Southern Ocean. Regional analyses in the northeastern Pacific, southwestern Pacific, and Tasman Sea show diversity in leading dynamical mechanisms for MHW onset and decline both across regions and across events in the same regions: while air-sea exchanges of heat may contribute most frequently to MHW onset and decline, other mechanisms can also often provide dominant contributions and, at times, be the main driver. A more complete understanding of MHWs and their drivers is crucial for predicting their initiation, duration, intensity, and decline, to ultimately inform the development of mitigation and adaptation strategies for affected communities.","Sala, Jacopo; Giglio, Donata; Capotondi, Antonietta; Sukianto, Thea; Kuusela, Mikael","3,9,15,16"
Mapping the safe operating space of marine ecosystems under contrasting emission pathways,Biogeosciences,2025-10-09,22,19,5435-5462,10.5194/bg-22-5435-2025,ar,Article,0,2-s2.0-105018488527,,1,"Anthropogenic greenhouse gas emissions cause multiple changes in the ocean and its ecosystems through climate change and ocean acidification. These changes can occur progressively with rising atmospheric carbon dioxide concentrations, but there is also the possibility of large-scale abrupt, and/or potentially irreversible changes, which would leave limited opportunity for marine ecosystems to adapt. Such changes, either progressive or abrupt, pose a threat to biodiversity, food security, and human societies. However, it remains notoriously difficult to determine exact limits of a “safe operating space” for humanity. Here, we map, for a variety of ocean impact metrics, the crossing of limits, which we define using the available literature and to represent a wide range of deviations from the unperturbed state. We assess the crossing of these limits in three future emission pathways: two climate mitigation scenarios, including an overshoot scenario, and one high-emission no-mitigation scenario. These scenarios are simulated by the latest generation of Earth system models and large perturbed-parameter ensembles with two Earth system models of intermediate complexity. Using this comprehensive model database, we estimate the timing and warming level at which 15 different impact metrics exceed 4 limits, along with an assessment of the associated uncertainties. We find that under the high-emissions scenario, the strongest severity of impacts is expected with high probability for marine heatwaves’ duration, loss of Arctic summer sea ice extent, expansion of ocean areas that are undersaturated with respect to aragonite, and decrease in plankton biomass. The probability of exceeding a given limit generally decreases clearly under low-emissions scenario. Yet, exceedance of ambitious limits related to steric sea level rise, Arctic summer sea ice extent, Arctic aragonite undersaturation, and plankton biomass are projected to be difficult to avoid (high probability) even under the low-emissions scenario. Compared to the high-emissions scenario, the scenario including a temporary overshoot reduces with high probability the risk of exceeding limits by year 2100 related to marine heatwave duration, Arctic summer sea ice extent, strength of the Atlantic meridional overturning circulation, aragonite undersaturation, global deoxygenation, plankton biomass, and metabolic index. Our study highlights the urgent need for ambitious mitigation efforts to drastically minimize extensive impacts and potentially irreversible changes to the world’s ocean ecosystems.","Bourgeois, Timothée; Tran, Giang T.; Jeltsch-Thömmes, Aurich; Schwinger, Jörg; Fröb, Friederike; Frölicher, Thomas L.; Blenckner, Thorsten; Torres, Olivier; Negrel, Jean; Keller, David P.; Oschlies, Andreas; Bopp, Laurent; Joos, Fortunat","10,11,15"
Compound Marine Heatwaves and Acidity Extremes in the Southern Ocean,Global Biogeochemical Cycles,2025-10-01,39,10,,10.1029/2025GB008630,ar,Article,0,2-s2.0-105019352466,,1,"Compound extremes of temperature and acidity that extend over substantial fractions of the water column can be particularly damaging to marine organisms, as they experience not only additional stress by the potentially synergistic effects of these two stressors, but also a reduction in habitable vertical space. Here, we detect and analyze such column-compound extremes (CCX) in the Southern Ocean between 1980 and 2019, and characterize their duration, intensity, and spatial extent. To this end, we use daily output from a hindcast simulation of the Regional Ocean Modeling System (ROMS), coupled with the Biological Elemental Cycling (BEC) model. We first detect extremes in temperature and acidity ([(Formula presented.)]) within the top 300 m using a relative threshold of 95% and then identify CCX where conditions are extreme for both stressors for at least 50 m of the water column. When analyzed on a fixed baseline, positive trends in ocean warming and acidification caused CCX to last longer, intensify, and expand throughout the Southern Ocean. In the Antarctic zone, CCX expanded between 1980 and 2019 more than ten times in volume, lasted up to 120 days longer, and doubled in anomaly. Some of the largest and longest events occurred in Antarctic Marine Protected Areas (MPAs), covering more than 200,000 km2 and persisting for over 500 days. CCX in the Subantarctic and Northern zones quadrupled in volume and increased by more than 30% in anomaly. Across the Southern Ocean, the increasing occurrence of CCX exacerbates the risks to marine ecosystems from warming and acidification.","Wong, Joel; Münnich, Matthias; Gruber, Nicolas","3,11,12,14,15,16"
Effects of North Atlantic summer marine heatwaves on Arctic sea ice freeze-up delay: modulation by atmospheric teleconnections,Climate Dynamics,2025-10-01,63,10,,10.1007/s00382-025-07887-2,ar,Article,0,2-s2.0-105018766549,,0,"Over the past several decades, the Arctic sea ice melting season has significantly lengthened, primarily due to delayed freeze onset (FO). We identified the northern Chukchi and East Siberian Seas as the Arctic region with the most pronounced FO interannual variability and linked it to North Atlantic marine heatwaves (MHWs). Observations revealed that intense and persistent July MHWs near southeast Greenland (seGL) generated anomalous near-surface heating, propelling warm air masses to 300 hPa (higher altitude) compared to the ~ 400–500 hPa level influenced by general sea surface warming. This altered geopotential height gradient over seGL, thereby facilitating the downstream propagation of planetary-scale wave activity flux (WAF) in August, with the signal ultimately reaching the northern Chukchi and East Siberian Seas by September. The WAF-strengthened anticyclonic circulation induced abnormal descending warm airflow, resulting in delayed FO. This process combines water vapor transport-regulated thermodynamics (64%) and sea ice divergence effects (36%), collectively explaining FO interannual variability in this region (northern Chukchi and East Siberian Seas).","Zhou, Xuan; Su, Jie; Zhao, Tianhao; Zhang, Han; Qu, Zhifeng","1,5,9,10,14"
Diagnostic early freeze onset in the Bering Sea,Journal of Marine Systems,2025-10-01,251,,,10.1016/j.jmarsys.2025.104106,ar,Article,0,2-s2.0-105012314964,,0,"Sea ice cover exerts critical influence on oceanic, atmospheric, and ecological processes in the Bering Sea. As a fundamental indicator of ice formation, diagnostic research on Early Freeze Onset (EFO) characteristics remains limited. This study examines the spatiotemporal patterns and underlying mechanisms governing the Bering Sea EFO from 2003 to 2021, leveraging the latest microwave remote sensing dataset. The annual EFO in the Bering Sea exhibits a temporal evolution characterized by positive anomalies (2003−2013) followed by marked negative anomalies (2014–2021). Spatially, the most pronounced contrast between the two periods occurs over the continental shelf south of St. Lawrence Island. A spatial restructuring of EFO beginning in 2014—particularly its shift from positive to negative anomalies on the northern Bering Sea shelf—drives the observed temporal variability. This spatial shift stems from preceding meridional sea surface temperature gradient anomalies, triggering a regime shift in Bering Sea warm advection from negative forcing (2003–2013) to positive forcing (2014–2021). Notably, frequent marine heatwave events during 2014–2021 cause abnormal pre-freeze SST warming in southern St. Lawrence Island waters, compounded by suppressed northward heat export. This dual process amplified heat accumulation, ultimately resulting in earlier EFO. This study emphasizes the need to strengthen research on marine heatwaves in the future, and comprehend the repercussions of EFO on ecosystems, fisheries, and local community livelihoods, to devise adaptive management strategies and policies.","Wang, Weibo; Su, Jie; Zhang, Junpeng; Ding, Rui; Jing, Chunsheng; Guo, Xiaogang","1,5,9,10,11,13,14,16"
The variations of marine heatwaves during the mid-Pliocene warm period based on CESM2,Palaeogeography Palaeoclimatology Palaeoecology,2025-10-01,675,,,10.1016/j.palaeo.2025.113118,ar,Article,0,2-s2.0-105010101290,,0,"The mid-Pliocene warm period (mPWP) provides an opportunity to estimate how the marine heatwaves (MHWs) may vary in a naturally warming world mainly induced by high CO2 concentrations. Using the daily outputs from the CESM2, here we investigate the variations of global MHWs during the mPWP in terms of annual days, frequency, and intensity. Our results indicate that the background warming relative to the preindustrial leads to prolonged or even permanent higher-intensity MHWs during the mPWP. When the effect of increase in mean sea surface temperature is removed, the variations in MHWs exhibit notable regional differences. Particularly, we observe decreased annual days, frequency, and intensity over the eastern tropical Pacific during the mPWP closely linked to the dampened SST variability over there, whereas changes over the polar regions arising from the reduced sea ice. Additionally, the modeled features of MHWs during the mPWP share large similarity with those in future warming scenarios, highlighting the importance of the mPWP as a geological analogue for a future warmer world.","Kong, Xiaohan; Wei, Ting; Yan, Qing","5,10,15"
Extreme Marine Heatwaves in the Global Oceans during the Past Decade,Bulletin of the American Meteorological Society,2025-09-01,106,9,E2017-E2028,10.1175/BAMS-D-24-0337.1,ar,Article,3,2-s2.0-105018473997,,0,"This study assesses the sensitivity of marine heatwave (MHW) intensity to different MHW thresholds and examines the contributions of linear sea surface temperature (SST) warming and record-breaking SSTs to extreme MHWs (xMHWs) over 2012–24. The xMHW is defined by the high threshold of the 97.5th percentile and is compared to the super MHWs (sMHWs) and MHWs due to the SST warming trend [warming-related MHWs (wMHWs)]. The sMHW is identified when and where the daily SST exceeds the highest historic value during the previous years on a given calendar day. The wMHW is approximated as the difference between xMHW and detrended MHW (dMHW). The dMHW is defined using detrended SSTs at the threshold of the 97.5th percentile. Averaged over 2012–24, sMHW and wMHW account for approximately 52% and 43% of xMHW, indicating a more important role of record-breaking SST than that of SST warming trend. Spatially, sMHW dominates over wMHW in high-latitude oceans and during the period of 2012–18; in contrast, wMHW dominates over sMHW mostly in the tropical oceans and during the period of 2019–24. On global average, sMHW and wMHW increase with time at a rate of 1.1 and 3.3 degree-days yr−1. However, their relative contributions to xMHWs diverge: The sMHW ratio decreases at −3% yr−1, but the wMHW ratio increases at 3.6% yr−1, indicating a growing role of long-term warming in xMHW events.","Huang, Boyin; Yin, Xungang; Carton, James A.; Chen, Ligang; Graham, Garrett; Hibbert, Keneshia; Lee, Seonju; Smith, Thomas; Zhang, Huai Min","6,10,16"
Tracer Budgets on Lagrangian Trajectories,Journal of Advances in Modeling Earth Systems,2025-09-01,17,9,,10.1029/2024MS004848,ar,Article,0,2-s2.0-105016718768,,1,"The Lagrangian particle method is widely used to understand scalar tracer concentration fields in models of the atmosphere and oceans. Simulating virtual particles provides an alternative description of advection to the Eulerian representation in models and aids in identifying pathways, timescales, and connectivity. Atmospheric and oceanic models solve advection-diffusion-reaction equations to simulate tracers, in which only the advective component is captured by traditional Lagrangian approaches. In this work, we report a novel method that closes tracer budgets on Lagrangian trajectories in a manner consistent with Eulerian budgets in finite-volume models. The scalar tracer concentrations on grid cell walls are derived from the model advection scheme and then interpolated inside grid boxes along streamlines. The divergence of the diffusive flux and reaction terms are interpolated based on velocity and tracer concentration, ensuring the tracer budget closes in terms of both trajectory and volume integrals. Compared to the Eulerian budget analysis, which considers a fixed volume, our method quantifies the tracer evolution within a volume that moves along with the flow. We demonstrate the method using a case study of Southern Ocean biogeochemistry. Another case study involves analyzing the heat budget of the 2011 Western Australian marine heat wave. The method bridges the gap between Eulerian budget and Lagrangian particle analyses by representing the advective processes with particle movements and interpolating the diffusive and reactive processes onto trajectories in a way consistent with the finite-volume description.","Jiang, Wenrui; Haine, Thomas W.N.","3,9,14,16"
Distinct mechanisms of marine heatwave formation in offshore waters of China,Journal of Oceanology and Limnology,2025-09-01,43,5,1405-1424,10.1007/s00343-025-4192-3,ar,Article,2,2-s2.0-105003437206,,0,"Marine heatwaves (MHWs) have become increasingly frequent and persistent in the context of global warming and the related underlying mechanisms are strongly region-dependent. We employed the NOAA (National Oceanic and Atmospheric Administration) CRW (Coral Reef Watch) daily mean sea surface temperature dataset spanning from 1985 to 2022 to comprehensively analyze the fundamental attributes and evolving patterns of marine heatwaves in the offshore waters of China. Eight pronounced marine heatwaves from frequently affected sensitive regions were investigated to explore their formation mechanisms. The relationship between the occurrences of marine heatwave and large-scale climate mode in the region was explored. Results show that the western Pacific subtropical high plays an essential role in triggering marine heatwaves in Chinese offshore waters, with an anomalous downward shortwave radiation flux acting to warm the sea surface, which is remotely associated to the large-scale sea surface temperature state. Distinct mechanisms for the MHWs were identified in the northern and southern offshore waters of China. MHWs in high latitudes (such as the Bohai Sea and the Yellow Sea) mainly occur during the negative phase of the Pacific Decadal Oscillation (PDO), while those in low latitudes (such as the South China Sea) are more common in about 5-month lags behind the El Niño, for which we purposed a mechanism to describe the main differences in the formation of MHWs in China and discussed the related implications.","Chen, Zhibo; Wang, Ying; Wang, Jiaqi; Zhang, Rong Hua; Jiang, Yifan; Qi, Yu; Yu, Xinchi","7,9,14,16"
Surface and Subsurface Biogeochemical Impacts of the 2019 Northeast Pacific Marine Heatwave,Geophysical Research Letters,2025-08-28,52,16,,10.1029/2025GL115230,ar,Article,0,2-s2.0-105013682654,,1,"Following the highly impactful 2013–2016 Marine Heatwave (MHW), another MHW occurred in the Northeast Pacific during summer 2019. While the physical drivers of this event are well described, its biogeochemical impacts remain poorly understood. We use Ocetrac, a Python package that tracks spatiotemporal extreme events, to identify physical and biogeochemical anomalies associated with the 2019 MHW within two observation-based products, GOBAI-O2 and MOBO-DIC, and model output from the Community Earth System Model Forced Ocean Sea Ice Reconstruction (FOSI). Our findings reveal that warm temperature anomalies associated with the MHW negatively correlate with dissolved inorganic carbon (DIC) and dissolved oxygen (DO). Model reconstruction suggests that DIC anomalies were driven by air-sea flux and biological processes, while anomalies in DO are linked to air-sea flux and circulation. These results underscore the utility of new observational products and models for assessing the biogeochemical consequences of MHWs.","Kohlman, C.; Mogen, S.; Cohen, J. T.; Araujo, J.; Beaudin, E.; Bonino, G.; Gagliardi, A.; Lovenduski, N. S.","14,16"
Tolerance of organisms composing an Arctic kelp community to ocean warming and marine heatwaves,Journal of Ecology,2025-08-01,113,8,1938-1954,10.1111/1365-2745.70074,ar,Article,2,2-s2.0-105007814003,,1,"The Arctic region is experiencing rapid warming and an increase in the frequency and intensity of marine heatwaves (MHWs), posing an increasing risk to coastal ecosystems. Kelp communities in the Arctic are vital habitats that support biodiversity and resilience but are particularly vulnerable to increasing temperature anomalies. In this study, we conducted a mesocosm experiment over 23 days in summer to assess the effects of warming and MHWs on three kelp species (Saccharina latissima, Laminaria digitata and Alaria esculenta) and associated community members: coralline algae, snails, sea urchins and mussels. Three warming scenarios were tested, all of which were offset from a naturally variable control. The four conditions were a control (i.e. ambient seawater) which ranged from ~7.5 to 10°C (naturally variable), a constant high-temperature treatment (+1.8°C from the control), a treatment simulating a single 13-day heatwave with a maximum offset temperature of +2.8°C from the control, and a treatment simulating two consecutive 5-day MHWs with a maximum offset of +3.9°C. For the three kelp species, net photosynthetic rate, maximum quantum yield, chlorophyll a content, carbon to nitrogen ratio and growth rate were investigated. For the associated species, only growth rates were evaluated. Laminaria digitata showed no significant changes in any of the measured parameters, suggesting a robust tolerance to heat stress. Conversely, the maximum quantum yield for S. latissima decreased in the two heatwaves treatment. In addition, A. esculenta displayed a decrease in chlorophyll a content and net photosynthesis over time in the two heatwaves treatment. The growth rates of coralline algae, mussels, snails and sea urchins were not affected by the treatments. Synthesis: These results suggest that Arctic kelp communities are fairly tolerant to warming and short-term MHWs, despite the few minor effects on photosynthesis by some of the kelp species. We note that the future response of kelp communities must account for the potential indirect effects of climate change, such as predation and competition, along with any consequential effects of warming anomalies, as those presented here.","Lebrun, Anaïs; Miller, Cale A.; Gazeau, Frédéric; Urrutti, Pierre; Alliouane, Samir; Gattuso, Jean Pierre; Comeau, Steeve","1,12"
Mapping suitable thermal migration corridors for western Alaska chum salmon in the North Pacific,Deep Sea Research Part I Oceanographic Research Papers,2025-08-01,222,,,10.1016/j.dsr.2025.104531,ar,Article,1,2-s2.0-105005763746,,1,"It is evident that warming North Pacific Ocean (NPO) temperatures are impacting salmon fitness and survival. Record-low western Alaska chum salmon run sizes were recorded in the Yukon River during 2020 and 2021. Based on recent analyses of Pacific salmon species-specific ocean temperature preferences, chum salmon have the widest thermal preference range; we focus on chum because they may have the greatest resilience to temperature variability and if their range is impacted, it is likely other species will respond to observed warming as well. Thermal suitability was mapped along the seasonal migration based on swimming rates to examine potential interannual range or distribution shifts. Two individual-based models of salmon migration driven by surface temperatures and geostrophic currents were run to test the impact of ocean physics on migration and distribution. We found that in the last decade ocean temperatures have similar magnitude and variability as projected through 2050. Since around 2013, the high suitability migration corridor has shifted northwards into the Bering Sea, but the seasonal migration may not be driven primarily by temperature or ocean currents. Warmer ocean temperatures, marine heatwaves, and loss of seasonal sea ice are likely to have the greatest impacts on western Alaska chum salmon where thermal suitability is lowest–in the Bering Sea in winter, and in the eastern Gulf of Alaska in summer. The impacts at the margins of their habitat range may lead to poor condition, a northward domain shift, and more fish entering the Arctic Ocean.","Lemagie, Emily; Farley, Ed; Langan, Joseph A.; Stabeno, Phyllis J.","10,11,13,14"
Temporal change in the abundance and size distribution patterns of temperate deep reef sessile communities under multiple climate disturbances,Estuarine Coastal and Shelf Science,2025-07-15,318,,,10.1016/j.ecss.2025.109224,ar,Article,2,2-s2.0-85219533963,,1,"Climate change poses significant challenges to sessile benthic shallow reef communities, with increased frequency and intensity of marine heatwaves and storms exacerbating these threats. Marine imagery from autonomous underwater vehicles has recently shown that mesophotic reefs (30–150 m) are also vulnerable to climate-induced changes. However, the absence of historical monitoring in these previously inaccessible systems hinders our ability to detect or interpret changes and their underlying drivers. To better understand the variability, we assessed temporal changes over a six-year period in the abundance and size-frequency distribution of mesophotic sessile benthic reef invertebrates in southern Tasmania, a region that is exposed to some of the world's highest wave energy and accelerated warming rates. Our cutting-edge use of artificial intelligence-assisted methods for size estimation from marine imagery indicates a significant increase in the abundance and size of cup-like sponges and bramble octocorals, which is contrasted by a marked decline in the population of locally abundant soft arborescent octocorals, particularly small individuals. Despite an increase in mean size and apparent stability, the absence of significant recruitment for most morphospecies may mask underlying vulnerabilities. While causation cannot be attributed here, this region frequently experiences large storms capable of affecting the seabed at depths of 140 m. The trends observed align with expectations of how these communities may respond under such conditions. The importance of continued monitoring, alongside robust physical data collection, cannot be overstated if we are to better understand population dynamics and drivers of change in these mesophotic reef communities.","Wong, R. H.X.; Monk, J.; Perkins, N. R.; Barrett, N. S.","12,14,16"
Surface and Subsurface Compound Marine Heatwave and Biogeochemical Extremes Under Climate Change,Global Biogeochemical Cycles,2025-05-01,39,5,,10.1029/2025GB008514,ar,Article,5,2-s2.0-105003960710,,1,"Marine species are increasingly threatened by extreme and compound events, as warming, deoxygenation, and acidification unfold. Yet, the surface and especially the subsurface distribution and evolution of such compound events remain poorly understood. We present the current and projected distributions of compound marine heatwave (MHW), low oxygen (LOX), and high acidity (OAX) events throughout the water column, using observation-based data from 2004 to 2019 and large ensemble Earth system model simulations from 1890 to 2100. Our findings reveal that compound MHW-OAX and OAX-LOX events are prevalent in the low to mid latitudes at the ocean surface. At 200 and 600 m, MHW-OAX and MHW-LOX events are frequent in the high latitudes and parts of the tropics, while OAX-LOX events occur globally. Subsurface compound events are often associated with vertical displacements of water masses, with the climatological vertical gradients of ecosystem stressors typically explaining their occurrence patterns. Projections show a strong rise in compound event frequency over the historical period and under continued global warming, primarily driven by shifts in mean oceanic conditions. The portion of the top 2,000 m affected by extreme or compound events rises from 20 (Formula presented.) to 98 (Formula presented.) under 2°C of global warming in a high emissions scenario using a preindustrial baseline, and to 30 (Formula presented.) using a shifting-mean baseline. However, physical and biogeochemical changes may also lead to regional decreases in subsurface events, highlighting complexities in how warming, deoxygenation, and acidification unfold in the ocean interior. Increasing compound event frequency poses a major threat to marine ecosystems, potentially disrupting food webs and biodiversity.","Le Grix, Natacha; Burger, Friedrich A.; Frölicher, Thomas L.","11,12,15"
Global Variability and Future Projections of Marine Heatwave Onset and Decline Rates,Remote Sensing,2025-04-01,17,8,,10.3390/rs17081362,ar,Article,2,2-s2.0-105003741455,,1,"Marine heatwaves (MHWs) can significantly impact marine ecosystems and socio-economic systems, and their severity may increase with global warming. Nevertheless, research on the onset and decline rates of MHWs remains limited, and their historical and future variations are not yet fully understood. This study, therefore, analyzes the spatiotemporal characteristics of MHW onset and decline rates by using historical and future sea surface temperature data from OISSTv2.1 and CMIP6. The results indicate that during the historical period from 1982 to 2014, MHW onset and decline rates were higher in eddy-active mid-latitude current systems and the western tropical region but lower in subtropical gyres. A remarkably high correlation (0.94) exists between the onset and decline rates; regions with higher onset rates also tend to have higher decline rates. Approximately 49.69% of the global ocean exhibits an increasing trend in MHW onset rates, with significant increases observed in the Eastern Equatorial Pacific. Meanwhile, 92.87% of oceanic regions exhibit an increase in decline rates. Looking ahead to the future (2015~2100), both the SSP245 and SSP585 scenarios display consistent spatial patterns of MHW onset and decline rates. The Kuroshio-Oyashio Extension, Gulf Stream, Antarctic Circumpolar Current, and Brazil-Malvinas Confluence regions exhibit relatively higher onset and decline rates. Under the SSP585 scenario, both the onset and decline rates of MHWs are higher than those under the SSP245 scenario. This indicates that as global warming intensifies, more extreme MHWs are likely to occur. This finding indicates that it is necessary to pay attention to the rate of global warming when mitigating its potential impacts.","Pan, Yongyan; Sun, Wenjin; Bao, Senliang; Xie, Mingshen; Jiang, Lei; Ji, Jinlin; Yu, Yang; Dong, Changming","3,9,10,15"
Research on weather and climate extremes over China: 2024 progress of the National Key R&D Program of China for Earth System and Global Change,Transactions of Atmospheric Sciences,2025-03-28,48,2,177-206,10.13878/j.cnki.dqkxxb.20250112001,ar,Article,2,2-s2.0-105010129584,,0,"The article reviews the progress made in 2024 under China's National Key R&D Program for Earth System and Global Change. It highlights key research findings across five areas: observational facts and circulation characteristics of extreme event changes, key oceanic processes and air-sea interaction mechanisms, the influence of oceanic processes on extreme weather and climate, land surface processes and their impacts, and the simulation and prediction of extreme events. Significant advances in 2024 include the following: 1) Our study examined the impact of long-term warming trends on record-breaking high-temperature in China events over the past 40 years. Using the Universal Thermal Climate Index (UTCI), we characterized the spatial distribution and long-term trends of extreme high-temperature events. Observational evidence was provided for changes in hourly and daily extreme precipitation across eastern China during different warming periods. Additionally, regional differences in the duration of summer heatwaves and their associated large-scale circulation anomalies were identified. The dynamic and thermal characteristics of extreme heatwaves in the middle and lower reaches of the Yangtze River were analyzed, and attribution studies assessed the influence of human activities on extreme temperature events in Asian hotspots. 2) We quantified the role of the winter North Pacific Oscillation (NPO) in shaping subsequent ENSO events, emphasizing the contribution of tropical Pacific interannual-decadal variability to pro-longed La Niña events. Our research also proposed a modulation mechanism whereby La Niña's zonal position influences the Indian Ocean Dipole (IOD) and identified seasonal reversals in ENSO's impact on sea surface temperature (SST) in the East China Sea-Kuroshio Region. Furthermore, we investigated the seasonal predictability of SST anomalies and marine heatwaves in the Kuroshio Extension Region, highlighting the role of nonlinear processes in the amplitude evolution of the Madden-Julian Oscillation (MJO) and extreme MJO formation. Additionally, pathways linking anthropogenic forcing, natural variability, and internal climate fluctuations to multidecadal changes in the North Atlantic were explored. 3) Our findings revealed asymmetric ENSO influences on the late-winter ""Warm Arctic-Cold Eurasia"" pattern and identified links between ENSO and precipitation patterns in eastern China during early and late winter. The connection between ENSO and the Kuroshio anticyclone was also examined. Seasonal mechanisms linking ENSO to SST variability in the East China Sea-Kuroshio Region and its influence on East Asian precipitation were clarified. We found a strong association between Mega-ENSO and the poleward shift of typhoon genesis locations in the western North Pacific, while trans-basin tropical air-sea interactions were shown to affect typhoon formation frequency. Furthermore, we identified Antarctic warming-induced South Atlantic warming as a key driver to the 2022 East Asian heatwaves and demonstrated that tropical North Atlantic variability modulates forest wildfire activity in Northeast China. 4) We investigated the role of Eurasian soil moisture variability in triggering clustered extreme precipitation events in northern China and evaluated the influence of snow cover on subseasonal temperature variability and predictability. Attribution and projection studies examined drought patterns influenced by land surface factors and land-atmosphere coupling. The physical mechanisms linking land surface processes and land-sea interactions to summer precipitation, extreme Meiyu events, and heavy rainfall in China were further elucidated. Additionally, we assessed the impact of summer irrigation in North China on the diurnal cycle of precipitation and regional water cycles, as well as the effects of urbanization on mesoscale convective systems and heavy rainfall in the Pearl River Delta during warm seasons. 5) The simulation capabilities of CMIP6 models in representing the subseasonal reversal of the ""Warm Arctic- Cold Eurasia"" pattern were systematically evaluated. A seasonal prediction model for compound extreme heat-humidity events in southeastern China was developed. Using an interannual increment approach, a physical-statistical prediction model for summer heavy precipitation days (HPDs) in North China was established. Additionally, deep learning techniques were employed to enhance dynamical model predictions of summer extreme precipitation in the middle and lower Yangtze River basin. Further advancements in dynamical model development and their predictive applications were explored. Finally, this article outlines key challenges and research priorities for future studies, aiming to advance understanding of extreme weather and climate in China.","Chen, Haishan; Zhang, Yaocun; Zhang, Wenjun; Yin, Zhicong; Chen, Guosen; Hua, Wenjian; Huang, Danqing; Kuang, Xueyuan; Liu, Yunyun; Ma, Hongyun; Shi, Ning; Sun, Shanlei; Wei, Jiangfeng; Zhao, Haikun; Zhang, Jie; Han, Tingting; Li, Wenkai; Sang, Yinghan; Wang, Run","15,16"
Marine Heatwaves and Iceberg Melting in Polar Areas Intensify Phytoplankton Blooms,Global Change Biology,2025-03-01,31,3,,10.1111/gcb.70132,ar,Article,3,2-s2.0-105000339878,40087994,0,"Climate change has led to increases in the intensity and frequency of marine heatwaves (MHWs). However, the impact of MHWs on phytoplankton at the global scale remains unclear. The metaheuristic superlearner proposed in this research indicates that the occurrence of MHWs weakens the Fe limitation of phytoplankton growth, leading to intensified phytoplankton blooms. The shock transmission effect analysis further reveals the interactions among sea surface temperature (SST), iceberg melting, Fe, ammonium ((Formula presented.)) and nitrate ((Formula presented.)); namely, the occurrence of MHWs in polar regions has led to iceberg melting, triggering a derivative shock of iceberg melting. Compared with a single MHWs event, the dual shock disrupted the effects of Fe, (Formula presented.) and (Formula presented.) on limiting the growth of phytoplankton, resulting in a 54.90% increase in the growth rate of phytoplankton and leading to the massive reproduction of phytoplankton in polar regions. In addition, compared with that in the low-emission scenario (SSP126), the coverage area of globally fragile marine regions with respect to intensified phytoplankton blooms will increase by 5.84% under the medium-emission scenario (SSP245) and by 9.29% under the high-emission scenario (SSP585). Specifically, the Global South and developing Pacific island countries are fragile regions that need scientific (marine protected area guidance) and financial (such as a foundation for marine protection) assistance to resist the increasing intensity and expansion of phytoplankton blooms under climate change.","Liu, Hao; Hu, Xiangang; Wang, Anning; Li, Jiawei; Deng, Peng; Dong, Xu","5,10,11,12"
The changing nature of future Arctic marine heatwaves and its potential impacts on the ecosystem,Nature Climate Change,2025-02-01,15,2,162-170,10.1038/s41558-024-02224-7,ar,Article,11,2-s2.0-85214265844,,1,"Marine heatwaves (MHWs), defined as extreme ocean warming episodes, have strengthened over the past decades. High-resolution climate models improve understanding of MHWs under global warming, but such events in the future Arctic are currently overlooked. In a high-resolution climate model, we find Arctic MHWs intensify on orders of magnitude during the warming twenty-first century, following sea ice retreat. However, with little sea ice coverage, strong interannual variability emerges, which could surpass the amplitude of former intensification. Furthermore, the enhancement of MHWs correlates with an order of magnitude increase in the rate of change in the temperature anomaly. Additionally, MHWs are found to be accompanied by stratification enhancement, which could surpass interannual variability of future stratification. Such extreme temperature fluctuations combined with stratification enhancement suggest major challenges for Arctic ecosystems, and may negatively impact food webs through direct physiological temperature effects, as well as indirectly through nutrient supply and taxonomic shifts.","Gou, Ruijian; Wolf, Klara K.E.; Hoppe, Clara J.M.; Wu, Lixin; Lohmann, Gerrit","1,10,12,15"
Dynamic evolution of coral reef ecosystems in the South China Sea under global change: a comprehensive multidimensional numerical simulation,Coral Reefs,2025-02-01,44,1,309-319,10.1007/s00338-024-02606-5,ar,Article,3,2-s2.0-85213696061,,0,"Global coral reefs face severe threats from climate change and human activities, including marine heatwaves and overfishing of reef-associated fish species, heightens the risk of ecological phase shifts. However, significant uncertainty persists regarding the ecological health thresholds and dynamic evolutionary trends of coral reef ecosystems under various environmental pressures. Predictions of coral reef ecosystem dynamics are often hindered by sparse observational data. Ecosystem models provide valuable insights into future coral ecosystem dynamics, aiding coral ecosystem managers in decision-making processes. This study utilizes field measurements from coral reefs in the South China Sea, including Weizhou Island, Yongxing Island, and the Nansha Islands, to simulate the dynamic responses of coral reef ecosystems to persistent stressors such as regional ocean warming and overfishing of parrotfish. Findings reveal that, without accounting for thermal stress, the Nansha Islands exhibit considerable resilience, while Yongxing Island shows the lowest resilience. Parrotfish play a crucial regulatory role in coral reef ecosystems, and their susceptibility to fishing activities could lead to a gradual transition towards algal dominance, resulting in ecological phase shifts. The study recommends measures including the prohibition of parrotfish fishing, establishment of marine protected areas, and implementation of artificial breeding programs to sustain parrotfish populations in the South China Sea, thereby bolstering their crucial role in preserving the stability and resilience of coral reef ecosystems. The sea surface temperature response model predicts that coral growth rates initially rise with increasing sea temperature but declines after surpassing the optimal temperature, leading to ecological phase shifts and the threat of extinction for coral reef ecosystems. The low-latitude Nansha Islands are notably impacted by thermal stress, whereas the high-latitude coral reefs of Weizhou Island experience less thermal stress, potentially serving as future refuges for South China Sea coral reefs under high-temperature conditions.","Wang, Mingzhuang; Ye, Jianhong; Zhang, Xiyang; Tan, Fei; Shi, Qi; Sun, Fulin; Yang, Hongqiang","12,15"
Arctic and Subarctic marine heatwaves and their ecological impacts,Frontiers in Environmental Science,2025-01-01,13,,,10.3389/fenvs.2025.1473890,re,Review,8,2-s2.0-86000473928,,1,"The Arctic and Subarctic seas are predicted to become hotspots for marine heatwaves (MHWs). High-latitude marine ecosystems face unique consequences from accelerated warming and sea ice loss, challenging species adapted to cold conditions. We review the literature on MHW characteristics and ecological impacts in the Arctic and Subarctic seas, and contrast MHW characteristics between the Bering Sea and Barents Sea. We uncover the pervasive impacts of MHWs across widely different organism groups, including benthic foundation species, phytoplankton, zooplankton, fish, seabirds, and marine mammals. MHWs in the Arctic marginal seas are especially prevalent in areas experiencing sea ice retreat, such as seasonal sea ice zones, highlighting the complex interplay between MHWs and sea ice dynamics. Overall, few studies have documented the ecological impacts of MHWs on high-latitude ecosystems, with the notable exception of the impacts from the Bering Sea and Chukchi Sea MHWs in 2017–2019. Many Arctic species, with their cold and narrow thermal preferences, appear vulnerable to MHWs, as they might not have access to cold climate refugia, while boreal species appear to benefit from Arctic and Subarctic MHWs. Sessile foundation species, such as kelp and seagrasses, are especially at risk during MHWs, although in the Arctic evidence of MHWs impacts remains limited. Reproductive failure and mass mortality events have been documented for several species in the Pacific Arctic (e.g., seabirds, fish, crabs). MHWs have been observed to have ecosystem-wide repercussions in the northern Bering Sea and Chukchi Sea with shifts in plankton communities affecting the entire food web. The ecological responses to MHWs in the Arctic and Subarctic ecosystems are still not fully understood, highlighting a need for further research to assess the direct and indirect impacts on various taxa and to improve predictive models for better management and conservation strategies. MHWs can also have large consequences for ecosystem services and socio-ecological systems, for example, closures of economically valuable and culturally important fisheries, as seen in Alaska, degradation of traditional ice-hunting practices, and compromised wellbeing of coastal communities. Large and abrupt ecosystem changes following MHWs underscore the urgent need for adaptive management strategies in the face of ongoing climate change.","Pecuchet, Laurene; Mohamed, Bayoumy; Hayward, Alexander; Alvera-Azcárate, Aida; Dörr, Jakob; Filbee-Dexter, Karen; Kuletz, Katherine J.; Luis, Kelly; Manizza, Manfredi; Miller, Charles E.; Staehr, Peter A.U.; Szymkowiak, Marysia; Wernberg, Thomas","1,10,11,12,13,14"
Sensitivity of Arctic marine heatwaves to half-a-degree increase in global warming: 10-fold frequency increase and 15-fold extreme intensity likelihood,Environmental Research Letters,2025-01-01,20,1,,10.1088/1748-9326/ada029,ar,Article,2,2-s2.0-85219517262,,1,"We utilize the 50-member MPI-ESM-LR Earth System model to investigate the projected changes in Arctic marine heatwaves’ (MHWs) characteristics caused by an additional 0.5 ∘C increase in global warming, from 1.5 ∘C to 2 ∘C, with respect to pre-industrial levels. Our results indicate that this 0.5 ∘C increase in global warming triggers an intensified reaction in both the Arctic’s mean sea surface temperature (SST) and variability. In a 2 ∘C warmer world, one out of every four summer months would be warmer than the current climate. We detect a nonlinear increase of MHW intensity in a 2 ∘C world, which is characterized by a break in slope occurring around the year 2042 ± 2 (across 50 ensemble members of the SSP5-8.5 scenario). At the estimated post-break dates, the intensity rate roughly doubles, leading to MHWs in a 2 ∘C world with average cumulative heat intensity 100 ∘C*days higher than in a 1.5 ∘C world. Further results reveal that an extremely rare MHW with an intensity of 3.19 ∘C, classified as a 1-in-100-year event in a 1.5 ∘C world, is expected to transform into a 1-in-7-year event in a 2 ∘C world. This transition signifies a ∼15-fold increase in the likelihood of such events occurring due to a 0.5 ∘C increase in global warming. Likewise, a rare occurrence of years featuring 125 MHW days in a 1.5 ∘C world is projected to become a 1-in-10-year event in a 2 ∘C world, resulting in a 10-fold increase in occurrence probability. The main contributor to these changes is predominantly the rise in mean SST, with enhanced SST variability playing a minor role. These findings highlight that a 2 ∘C world could lead to a substantial escalation of the frequency and intensity of MHWs in the Arctic compared to a 1.5 ∘C world, transforming what are currently rare extreme events into more common events, with significant implications for global climate dynamics and the well-being of Arctic ecosystems and communities.","León-FonFay, Dalena; Barkhordarian, Armineh; Feser, Frauke; Baehr, Johanna","1,10,14,15"
Marine heatwaves and changes in macroalgae richness and composition from Antarctic Peninsula and South Shetland Islands: concise review,Anais Da Academia Brasileira De Ciencias,2025-01-01,97,1,,10.1590/0001-3765202520240580,ar,Article,2,2-s2.0-85219085018,39968980,1,"The emerging global events of Marine Heatwaves (MHW), including those in Antarctica, are generally caused by large-scale meteorological and oceanographic changes responsible for rapid warming, but with lasting consequences in marine communities worldwide. Several abiotic features, such as surface seawater temperature (SST), salinity, pH, nutrients, and ice dynamic limit the reproduction, growth and distribution of macroalgae, which are sensitive to abrupt oscillations in these features resulting in changes in polar assemblages. This review compiled and related MHWs spatial data from South Shetland Islands (SSI), Eastern and Western Antarctic Peninsula (EAP/WAP), discussing seaweed assemblages possible responses on composition, distribution and richness, as well species expansion and retreat. Additionally, we present an updated and compiled checklist of macroalgal taxa from the WAP. The present data showed a clear enhance in MHWs events in SSI, when compared to EAP and WAP. Also, this coincides with the increase in richness and distributional changes of seaweed assemblages along the SSI, in the last decade. Changes in these marine sentinel assemblages constitute a warning to the Antarctic biota. Besides, the present review expands current polar knowledge and detects gaps in Antarctic phycological conservation studies and their connections facing climate change.","Pellizzari, Franciane M.; Santos, Kevlyn Caroline; Osaki, Sayuri; Rosa, Luiz H.","2,12,14"
Mesophotic sponge assemblages in a region undergoing climate change stressors,Frontiers in Marine Science,2025-01-01,12,,,10.3389/fmars.2025.1668859,ar,Article,0,2-s2.0-105025560306,,1,"The biogeography of marine benthic assemblages worldwide is shifting to higher latitudes in response to climate change. Concurrently, extreme weather events are exacerbating environmental stressors. As is typical globally for temperate regions, sponge communities dominate the mesophotic reefs of the Motiti archipelago in the Bay of Plenty (east coast, North Island New Zealand). Although recently classified as a marine reserve for its importance as a refuge for fish and targeted invertebrates (crayfish, abalone/pāua, and sea urchins), the benthos was largely unexplored prior to this research. A series of recent cyclonically associated sedimentation and concurrent marine heatwave events provided an opportunity to examine responses of this benthic-pelagic assemblage important in trophic connectivity. Biogeographic affinities of Motiti’s mesophotic reef benthos were established using remotely operated vehicles (ROVs). Fifty-three sponge species were conservatively identified: 22% representing the southernmost (highest latitude) geographic range recorded to date. Simultaneously, this community may be under threat by the changing marine climate that supported its establishment. Widespread sponge tissue necrosis (especially of Choristid sponges) and sediment smothering of encrusting benthos coincided with the sudden decline of a ‘tumbleweed sponge’ (species unknown). These observations co-occurred with a marine heat wave and major cyclonic event delivering fine sediments to these offshore reefs. This research provides a more nuanced understanding of short- and possibly long-term effects of multiple stressors on mesophotic benthic ecosystems. This newly identified biodiversity hotspot supporting southernmost ranges of Australasian species and its seemingly rapid deterioration, signals a warning for the stability of temperate mesophotic ecosystems.","Donald, Emma P.; Battershill, Christopher N.","11,12,14"
"Capelin Size, Condition, and Abundance Through Multiple Heatwaves in Alaska",Fisheries Oceanography,2025-01-01,,,,10.1111/fog.70022,ar,Article,0,2-s2.0-105025020042,,1,"Capelin (Mallotus spp.) are pelagic forage fishes that can be especially abundant in sub-arctic marine ecosystems and are important prey for upper trophic-level consumers. Abundance and distribution of capelin have been linked to ocean temperature, but the magnitude and directionality of thermal sensitivity can vary regionally. We used data spanning two decades (2002–2022) from autumn surface trawl surveys in three Alaska large marine ecosystems to evaluate how size, body condition, abundance, and distribution of age 1+ (60–130 mm) capelin responded to two marine heatwaves occurring within a 6-year period from 2014 to 2019. Body size did vary with ocean temperature and declines in body condition during heatwave years were observed in the Chukchi Sea and Gulf of Alaska where water temperatures were approaching the lower and upper bounds, respectively, of the species' known temperature range. There was no clear directional change in body condition during heatwave years in the Bering Sea where temperatures were intermediate among the three regions. Changes in capelin abundance, however, were dramatic and primarily driven by reduced encounter probability, which declined to zero in the upper water column of the Chukchi Sea and Gulf of Alaska during heatwave years. When capelin were encountered, however, catch-per-unit-effort was similar among regions and years. In the Bering Sea, encounter probability fluctuated but remained above zero during all years, with core areas of biomass distribution near St. Lawrence Island. Changes in abundance (primarily) and body condition reduced energy available to capelin predators by up to 600-fold during marine heatwave years.","Suryan, Robert M; Maselko, Jacek; Fergusson, Emily A; Sewall, Fletcher; Vollenweider, Johanna J; Andrews, Alexander G; Murphy, James M; Yasumiishi, Ellen M","12,13,14"
Energetic limitations and mass mortality of Bering Sea snow crab: Interacting effects of warming and density on collapse and recovery,Canadian Journal of Fisheries and Aquatic Sciences,2025-01-01,82,,,10.1139/cjfas-2025-0099,ar,Article,0,2-s2.0-105022734596,,0,"Marine heatwaves can result in mass mortality events, but the mechanisms underlying population collapse and recovery dynamics are often poorly understood. Here, we employed a comparative analysis between collapsing and noncollapsing portions of the Bering Sea snow crab population to evaluate linkages between energetic condition and population abundance during and after a recent collapse. We show that abundance declines during the collapse were associated with dramatic declines in energetic condition, and the negative impact of high population density on energetic reserves was intensified by warming during a marine heatwave. Elevated energetic condition coincided with strong recruitment post-collapse, suggesting rapid initial population recovery in the eastern Bering Sea. However, we show that cold-water habitat (≤0◦C) is critical for supporting high snow crab density in rebuilding towards a pre-collapse state. These results suggest that warming and loss of sea ice will exacerbate the risk of collapse in snow crab through energetic constraints on survival. Furthermore, we highlight the validation of an indirect energetic condition metric that will facilitate continued energetics monitoring and rapid integration into management.","Fedewa, Erin J.; Copeman, Louise A.; Litzow, Michael A.","1,5,10,12,13,14,16"
Analysis of Net Surface Heat Flux during Marine Heatwave Events in the Gulf of Thailand,Iop Conference Series Earth and Environmental Science,2025-01-01,1522,1,,10.1088/1755-1315/1522/1/012028,cp,Conference Paper,0,2-s2.0-105014751084,,1,"Gulf of Thailand (GOT) experienced an exceptionally long-lived marine heatwave (MHW) event in the rainy season of 2020 (MHW2020), lasting 113 days from 10 June to 1 October, which broke the historical records in terms of its time duration since 1982. In this study, net surface heat flux was evaluated from ERA5 data in term of radiative and turbulent fluxes. The components of each term were analyzed both spatially and temporally. While the MHWs were identified by daily Operational Sea Surface Temperature and Sea Ice Analysis (OSTIA SST). The results suggest that this MHW2020 was primarily attributed to effects of increased net downward shortwave radiation and decreased latent heat flux anomalies. During decreased OSTIA SST, MHW2020 was maintained by increased downward longwave radiative flux, while the predominant contributors being decayed. These findings highlight the role of net surface heat flux components in MHW2020 development. Moreover, the results suggest that, besides the role of the surface net heat flux such as the atmospheric factors, ocean mixed layer heat budget during the MHW should also be considered for fully understanding the extreme MHW events in future work. Furthermore, the analysis of surface net heat flux during MHW2020 exhibited a significant of downward longwave radiative flux as a maintenance factor, which may be linked to global warming.","Wetchayont, Parichat; Hayasaka, Tadahiro; Wirasatriya, Anindya","9,14"
Mesozooplankton community associations with water mass and season off the Southeast coast of New Zealand (2017–2018),New Zealand Journal of Marine and Freshwater Research,2025-01-01,59,5,1265-1287,10.1080/00288330.2025.2520449,ar,Article,0,2-s2.0-105008430549,,0,"Zooplankton community structure varies among distinct water masses and can be highly temporally dynamic, with patterns reflecting seasonal, interannual, and decadal changes in food webs. The seasonal dynamics of zooplankton communities in waters east of the Otago peninsula (New Zealand), and their associations to the region’s water masses, have not been investigated in detail since the 1960s. The current study was conducted along the Munida Time Series Transect, a 65-km transect that runs perpendicular to the coast. The transect crosses four distinct water masses: Neritic, Subtropical, Subtropical frontal zone, and Sub Antarctic waters, all with distinct temperature, salinity, and nutrient characteristics. Samples were taken from the epipelagic (<200 m) along 8 stations every 2 months between November 2017 to September 2018, which coincided with a strong marine heatwave in January 2018. We found significant differences in community distributions of zooplankton both among water masses and seasons. Biomass dominants were typically copepods, but other groups–such as appendicularians or thecosome pteropods–dominated at certain times or locations. These results provide the first detailed records of zooplankton distribution in this complex oceanographic region in 50 years and highlight the importance of monitoring zooplankton in dynamic locations in the face of climate change.","Meyers, Morgan; Décima, Moira; Currie, Kim; Smith, Robert O.; Hoffmann, Linn; Wing, Stephen","12,14"
"Step change in sea surface temperatures brings marine heat waves to sub-Arctic James Bay, Canada",Frontiers in Marine Science,2025-01-01,12,,,10.3389/fmars.2025.1549329,ar,Article,0,2-s2.0-105008107781,,1,"Marine heat waves (MHWs) are recognized as pervasive drivers of impacts on marine species and ecosystems across the world; however, sub-Arctic areas that are rapidly losing seasonal sea-ice cover remain understudied. In this research, we examine a forty-year time series of MHW characteristics in the seasonally ice-covered James Bay region of the Canadian Inland Seas in central Canada. Through the period 1982 to 2021, we document the trends and investigate past MHW occurrences with respect to their driving processes. After only two MHW events during the early portion of the record (1982-1997), five events occurred in 1998 and signaled both an anomalous year and a step change in the region’s marine climatology. The new marine climate in the region is more variable with longer and more intense MHWs. Four or more MHWs occurred in each of 2001, 2005, 2010, 2012. Events in May and October 2021 lasted over a month in duration, with the former reaching intensities of between 2.5 and 3°C. MHW intensity was correlated with ice breakup date and positive Atlantic Multi-decadal Variability, which are suggested drivers of the increasing trends in sea surface temperatures. While the impacts of MHWs on marine and coastal ecosystems in the region remain unknown because of a lack of monitoring, the 1998 MHW intensification coincides with a massive decline in the region’s seagrass Zostera marina (eelgrass) ecosystem, which has been monitored since 1982. Given projections of more extreme MHWs under global warming and the sensitivity of marine species and ecosystems to warm water events, there is an urgent need to better tracks MHWs and investigate their role in shaping northern ecosystem changes.","Bruneau, Jennifer Ann; Ehn, Jens Kristian; Kuzyk, Zou Zou Anna; Crawford, Alex D.; Leblanc, Melanie Louise","10,12,14,16"
Observed Regional Impacts of Marine Heatwaves on Sea-Air CO2 Exchange,Geophysical Research Letters,2024-12-28,51,24,,10.1029/2024GL110379,ar,Article,5,2-s2.0-85211956971,,1,"Marine heatwaves (MHWs) have devastating effects on ecosystems. Yet a global assessment of the regional impacts of MHWs on the sea-air (Formula presented.) exchange is missing. Here, we analyze 30 global observation-based sea-air (Formula presented.) flux data sets from 1990 to 2019. Globally, the oceanic (Formula presented.) uptake is reduced by 8% (3%–19% across data sets) during MHWs. Regionally, the equatorial Pacific experiences a 31% (3%–49%) reduction in (Formula presented.) release and MHWs often coincide with extreme sea-air (Formula presented.) flux anomalies in this region. The oceanic (Formula presented.) uptake decreases during MHWs by 29% (19%–37%) and 14% (5%–21%) in the low-to-mid latitude Northern and Southern Hemisphere, respectively. Reduced dissolved inorganic carbon in the tropics weakens outgassing, while high ocean temperatures diminish uptake in the low-to-mid latitudes. In the subpolar North Pacific and Southern Ocean, enhanced carbon uptake occurs during MHWs, but uncertainties in p (Formula presented.) data sets limit a comprehensive assessment in these regions.","Li, Catherine; Burger, Friedrich A.; Raible, Christoph C.; Frölicher, Thomas L.","3,11,13,16"
Regulatory factors and climatic impacts of marine heatwaves over the Arctic Ocean from 1982 to 2020,International Journal of Climatology,2024-12-15,44,15,5297-5319,10.1002/joc.8630,ar,Article,1,2-s2.0-85208266093,,1,"Arctic warming has been substantially greater than that in the rest of the world and has had an important influence on the global climate. This study first explores the temporal and spatial evolutionary characteristics of marine heatwaves (MHWs) over the Arctic Ocean in multiyear ice (MYI), first-year ice (FYI), and open-water (OPW) regions from 1982 to 2020. MHWs in the Arctic Ocean show obvious spatial and seasonal variations, mainly occurring over the FYI region in the JAS (July–August–September, JAS), and their occurrences have a significant increasing trend in recent decades, accompanied by an abrupt increase since 2010. Furthermore, a multivariable network-based method is adopted to delineate the relationship between different climatic factors and MHWs in the Arctic Ocean and the climatic impacts of MHWs. The results show that the correlations between different climatic factors and MHWs in JAS in 2010–2020 are generally stronger than those in 1982–2009, and the main influencing factors of MHWs in different ice covers are different. MHWs in the MYI region are mainly affected by freshwater dilution processes, such as sea-ice concentrations (SIC), precipitation, and mixed-layer salinity. For the FYI region, the 2-m air temperature and total heat flux mainly affect MHWs by thermodynamic processes, and the 500-hPa geopotential height affects MHWs mainly by large-scale atmospheric circulation. The MHWs in the OPW region are mainly related to the SIC, 850-hPa geopotential height, and 10-m v-wind, indicating that they are correlated with atmospheric processes and wind fields. MHWs in JAS are also revealed to reduce or delay the formation of sea ice in OND (October–November–December, OND) by storing more abnormal heat, indicating that unfrozen ocean surfaces may lead to enhanced Arctic amplification in the following seasons.","Zhang, Xiaojuan; Zheng, Fei; Gong, Zhiqiang","1,5,9,10,14"
What is the evidence for the impact of ocean warming on subtropical and temperate corals and coral reefs? A systematic map,Environmental Evidence,2024-12-01,13,1,,10.1186/s13750-024-00349-y,ar,Article,3,2-s2.0-85209712990,,1,"Background: Subtropical coral reefs are comparatively understudied compared to tropical coral reef ecosystems, yet also host a diverse and abundant array of marine life and provide substantial socio-economic benefits to communities. Research into the impacts of ocean warming on subtropical coral reefs has increased over the past two decades due to increase frequency and intensity of bleaching and degradation of these ecosystems. Understanding the extent of research effort and type of evidence assessing the response of subtropical corals and reefs to ocean warming provides valuable insight into global patterns in research efforts allowing critical knowledge gaps to be identified. A comprehensive understanding the impact of ocean warming on these systems will underpin our ability to predict and respond to future changes on subtropical coral reefs. Here, a systematic-map approach is used to identify recent research effort, from 2010 to 2023, and highlight patterns in the type, scale, and location of research conducted and as well as identify the availability of data and evidence reported. Methods: Primary literature was identified by searching Scopus and Science Citation Index Expanded through Web of Science Core Collection databases. The methodologies provided in a previously published systematic map protocol were applied, and 90 primary research publications were subsequently identified. Data extraction from the identified literature included bibliometric data, discipline and type of research, type of data reported and how it was recorded, and data availability. Findings: The identified literature consisted primarily of experimental (49%) and observational (39%) studies. The majority of the primary literature investigated corals in the ecoregions of Southern China (13%), Western Mediterranean (10%) and across a total of seven ecoregions grouped within Oceania (29%). Stressors reported in the literature as drivers of ocean warming reflect the standardisation of methods applied in reporting of events within the literature. Standardised metrics related to degree heating weeks (DHW) and marine heatwaves (MHW) have been reported when assessing the occurrence and severity of drivers, and are increasing in recent years, particularly in Australia. Finally, the need for increased research effort across much of the subtropics is evident, particularly for understudied regions such as the Western Indian Ocean where there are far fewer studies than other similar subtropical coral reef ecosystems. Conclusions: Climatic change, increasing ocean temperatures, and the impacts to subtropical and temperate coral reefs are of increasing concern to policy makers and researchers alike. This systematic map provides a broad overview of research topics and effort around the globe since 2010 and identifies areas where more research effort is urgently needed. Our study has identified major research clusters in Asia, Australia, the Mediterranean, and North America and gaps of research in regions such as the East Indian Oceans. Of the research conducted to date approximately one third reports on evidence related to marine protected areas and the vast majority of evidence is from close/territorial sea locations, providing important knowledge base for management of these areas. Of the 17 studies reporting on specific extreme events (rather than experimental studies which is the majority of evidence identified here) 13 have been published since 2019, with the majority reporting on events occurring in 2019/20 indicating a trend of increasing evidence in recent years (a total of 7 studies from 2010 to 2013, compared to over 10 studies published annually since 2019 up to mid-2023).","Ho, Man Lim; Lagisz, Malgorzata; Nakagawa, Shinichi; Perkins-Kirkpatrick, Sarah; Sawyers, Paige; Page, Charlotte; Leggat, Bill; Gaston, Troy; Hobday, Alistair J.; Richards, Zoe; Ainsworth, Tracy","11,12,13,16"
Arctic Amplification of marine heatwaves under global warming,Nature Communications,2024-12-01,15,1,,10.1038/s41467-024-52760-1,ar,Article,17,2-s2.0-85204909788,39327477,1,"Marine heatwaves (MHWs) and total heat exposures (THEs), extreme warming events occurring across the global oceans, seriously threaten marine ecosystems and coastal communities as the climate warms. However, future changes in MHWs and THEs in the Arctic Ocean, where unique marine ecosystems are present, are still unclear. Here, based on the latest CMIP6 climate simulations, we find that both MHWs and THEs in the Arctic Ocean are anticipated to intensify in a warming climate, mainly due to Arctic sea ice decline and long-term warming trend, respectively. Particularly striking is the projected rise in MHW mean intensity during the 21st century in the Arctic Ocean, surpassing the global average by more than sevenfold under the CMIP6 SSP585 scenario. This phenomenon, coined the ‘Arctic MHW Amplification’, underscores an impending and disproportionately elevated threat to the Arctic marine life, necessitating targeted conservation and adaptive strategies.","He, Yan; Shu, Qi; Wang, Qiang; Song, Zhenya; Zhang, Min; Wang, Shizhu; Zhang, Lujun; Bi, Haibo; Pan, Rongrong; Qiao, Fangli","1,5,10,12,15"
Emission reductions during COVID-19 enhance marine heatwave over the North Pacific in spring 2020,Climate Dynamics,2024-12-01,62,12,10865-10880,10.1007/s00382-024-07426-5,ar,Article,3,2-s2.0-85204212874,,0,"Severe marine heatwave over the North Pacific was observed in spring 2020, which likely caused the record Arctic ozone loss. Here we show that this anomalous North Pacific warming is related to the emission reductions during COVID-19 which emerged in China in early 2020 and spread rapidly. We show simulated evidence that the emission reductions during COVID-19 likely contribute to about 28.5% of the northeastern Pacific heatwave in spring 2020. On the one hand, the emission reductions excited a wave train from East Asia to the northeastern Pacific, which results in weakening of mid-latitude westerlies and a reduction in evaporation over the North Pacific. This tends to warm the ocean surface and enhances the northeastern Pacific heatwave. On the other hand, changes in aerosols by the downwind transport modify the clouds over the North Pacific. This indirect aerosol effect plays a minor role in the heatwave. These results suggest that the abrupt reductions in aerosol emissions may enhance the probability of the occurrence of North Pacific heatwave.","Yang, Nan; Xia, Yan; Zhao, Chuanfeng; Xie, Fei; Hu, Shineng","9,10,14"
Interplay of atmosphere and ocean amplifies summer marine extremes in the Barents Sea at different timescales,Communications Earth and Environment,2024-12-01,5,1,,10.1038/s43247-024-01610-5,ar,Article,4,2-s2.0-85201552022,,1,"Marine extremes are recognized to cause severe ecosystem and socioeconomic impacts. However, in polar regions, such as the Barents Sea, the driving mechanisms of these extremes remain poorly understood and require careful consideration of the observed long-term ocean warming. Here we show that on short time scales of a few days, marine heatwaves and marine cold spells are dynamically driven by a dipole atmospheric circulation pattern between the Nordic Seas and the Barents Sea. Importantly, the dipole’s eastern component determines anomalies in shortwave radiation and latent heat fluxes. On interannual time scales, both changes in ocean heat supply and persistent atmospheric patterns can support severe marine extremes. We apply conventional marine heatwave detection methodology to OISSTv2 data, for the period of 1982–2021, and combine the analysis with ERA5 data to identify drivers. The ocean-atmosphere interplay across scales provides valuable information that can be integrated into fisheries and ecosystem management frameworks.","Eisbrenner, Ezra; Chafik, Léon; Åslund, Oskar; Döös, Kristofer; Muchowski, Julia C.","1,6,9,10,13,14,16"
Marine heatwaves in a shifting Southern Ocean induce dynamical changes in primary production,Communications Earth and Environment,2024-12-01,5,1,,10.1038/s43247-024-01553-x,ar,Article,18,2-s2.0-85199794185,,1,"Marine heatwaves are discrete, albeit prolonged, episodes of extreme ocean temperatures that are significantly impacting marine ecosystems worldwide. However, there is limited research solely focusing on marine heatwaves and their concomitant effects on ecosystem dynamics in the Southern Ocean, known to play a major role in the Earth’s climate system. Here we use daily high-resolution satellite-derived and modelled data from 1982 to 2021 to characterise general spatiotemporal patterns of marine heatwaves in the Southern Ocean, assess their physical drivers and explore their interconnections with marine biogeochemistry. We find that increasing climate change-related marine heatwave activity, primarily explained by sea-air heat fluxes and vertical diffusion anomalies, enhances net primary production through stabilization of the water column. We empirically reveal causal nonlinear relationships between ocean extremes and primary productivity, especially in the southernmost subantarctic areas where the concurrent sea ice decrease also plays a key role. Furthermore, our study shows zonally asymmetric responses of primary producers to changing physical conditions north of the Antarctic polar front. These results provide key insights into the role of marine heatwaves promoting carbon assimilation (and uptake) in the Southern Ocean through the biological carbon pump, which is crucial for constraining the oceanic carbon cycle under climate change.","Fernández-Barba, Manuel; Belyaev, Oleg; Huertas, I. Emma; Navarro, Gabriel","3,5,9,10,12,14,16"
Unraveling the Indian monsoon’s role in fueling the unprecedented 2022 Marine Heatwave in the Western North Pacific,Npj Climate and Atmospheric Science,2024-12-01,7,1,,10.1038/s41612-024-00645-x,ar,Article,17,2-s2.0-85190547887,,1,"An unprecedented marine heatwave (MHW) event occurred in the middle-high latitudes of the western North Pacific during the summer of 2022. We demonstrate that excessive precipitation thousands of kilometers away fuels this extreme MHW event in July 2022. In the upper atmosphere, a persistent atmospheric blocking system, forming over the MHW region, reduces cloud cover and increases shortwave radiation at the ocean surface, leading to high sea surface temperatures. Atmospheric perturbations induced by latent heat release from the extreme precipitation in the Indian summer monsoon region enhance this atmospheric blocking through the propagation of quasi-stationary Rossby waves. Our hypothesis is verified by using a numerical model that is forced with the observed atmospheric anomalous diabatic heating. This study sheds light on how a subtropical extreme event can fuel another extreme event at middle-high latitudes through an atmospheric teleconnection.","Song, Qianghua; Wang, Chunzai; Yao, Yulong; Fan, Hanjie","9,11,14"
Large spread in marine heatwave assessments for Asia and the Indo-Pacific between sea-surface-temperature products,Communications Earth and Environment,2024-12-01,5,1,,10.1038/s43247-024-01369-9,ar,Article,9,2-s2.0-85189986688,,1,"Prolonged extremely warm ocean temperatures have great impacts on both natural ecosystems and human communities. These phenomena (i.e., marine heatwaves) could be easily monitored globally by satellite-based sea surface temperatures; however, the choice of datasets may lead to potential uncertainties in the marine heatwave assessment. Here we compared the marine heatwaves using three commonly used satellite products to illustrate the uncertainties over Asia and the Indo-Pacific. Distinct differences were found in the occurrence, duration, and long-term trend of marine heatwaves over both coastal and open oceans, while some discrepancies could become comparable with the obtained metrics themselves. Although differences in mean sea surface temperatures or their variances among datasets could not explain the abovementioned discrepancies, different sensors, procedures, and sea ice treatments in each dataset may contribute partially. Overall, our study suggests that the use of multiple datasets is crucial for evaluations of extreme events.","Zhang, Xuewei; Zhao, Ning; Han, Zhen; Dai, Zhijun","7,16"
Arctic marine heatwaves forced by greenhouse gases and triggered by abrupt sea-ice melt,Communications Earth and Environment,2024-12-01,5,1,,10.1038/s43247-024-01215-y,ar,Article,30,2-s2.0-85185112086,,1,"Since 2007, unprecedented marine heatwave events are occurring over the Arctic Ocean. Here we identify the fraction of the likelihood of Arctic marine heatwaves magnitude that is attributable to greenhouse gas forcing. Results reveal that Arctic marine heatwaves are primarily triggered by an abrupt sea-ice retreat, which coincides with the maximum downward radiative fluxes. Up to 82% of the sea surface temperature variability over the shallow Arctic marginal seas, where marine heatwaves are prone to occur, can be explained by net accumulation of seasonal surface heat flux in the ocean. Event attribution analysis demonstrates that the 103-day long 2020 event – the most intense (4 ∘C) recorded so far in the Arctic – would be exceptionally unlikely in the absence of greenhouse gas forcing in terms of both intensity and duration. Our further results imply that if greenhouse gas emissions continue to rise, along with the expansion of first-year ice extent, moderate marine heatwaves in the Arctic will very likely persistently reoccur.","Barkhordarian, Armineh; Nielsen, David M.; Olonscheck, Dirk; Baehr, Johanna","1,5,9,10,11,14"
Atmospheric Variability Drives Anomalies in the Bering Sea Air–Sea Heat Exchange,Journal of Climate,2024-12-01,37,24,6659-6678,10.1175/JCLI-D-24-0105.1,ar,Article,1,2-s2.0-105002039438,,2,"High latitudes, including the Bering Sea, are experiencing unprecedented rates of change. Long-term Bering Sea warming trends have been identified, and marine heatwaves (MHWs), event-scale elevated sea surface temperature (SST) extremes, have also increased in frequency and longevity in recent years. Recent work has shown that variability in air–sea coupling plays a dominant role in driving Bering Sea upper-ocean thermal variability and that surface forcing has driven an increase in the occurrence of positive ocean temperature anomalies since 2010. In this work, we characterize the drivers of the anomalous surface air–sea heat fluxes in the Bering Sea over the period 2010–22 using ERA5 fields. We show that the surface turbulent heat flux dominates the net surface heat flux variability from September to April and is primarily a result of near-surface air temperature and specific humidity anomalies. The airmass anomalies that account for the majority of the turbulent heat flux variability are a function of wind direction, with southerly (northerly) wind advecting anomalously warm (cool), moist (dry) air over the Bering Sea, resulting in positive (negative) surface turbulent flux anomalies. During the remaining months of the year, anomalies in the surface radiative fluxes account for the majority of the net surface heat flux variability and are a result of anomalous cloud coverage, anomalous lower-tropospheric virtual temperature, and sea ice coverage variability. Our results indicate that atmospheric variability drives much of the Bering Sea upper-ocean temperature variability through the mediation of the surface heat fluxes during the analysis period.","Hayden, Emily E.; O’Neill, Larry W.; Zippel, Seth F.","1,9,10,14,16"
The effects of spatiotemporal variation in marine resources on the occupancy dynamics of a terrestrial avian predator,Ecosphere,2024-11-01,15,11,,10.1002/ecs2.70078,ar,Article,0,2-s2.0-85210086249,,1,"Identifying how species respond to system drivers such as weather, climate, habitat, and resource availability is critical for understanding population change. In coastal areas, the transfer of nutrients across the marine and terrestrial interface increases complexity. Nesting populations of bald eagles (Haliaeetus leucocephalus) along the Pacific coast of North America, although terrestrial, are largely dependent on marine resources during the breeding season and therefore represent a good focal species for understanding the linkages of nutrients between terrestrial and marine systems. Due to their location, coastal eagle populations are susceptible to a variety of climate-induced perturbations, from both land and sea. The northeast Pacific Marine Heatwave (PMH) of 2014–2016 had wide-ranging impacts on the marine ecosystem and provided an opportunity to explore how marine conditions can impact terrestrial wildlife populations. We used a spatially explicit multistate occupancy modeling framework to analyze >30 years of bald eagle nest occupancy data collected in four large national parks along a coastal interior gradient in Alaska, USA. We assessed occupancy state in relation to weather conditions, salmon abundance, access to alternate prey resources, and the PMH event to help elucidate the factors affecting bald eagle occupancy dynamics over time. We found that occupancy probability was higher in areas where prey resources were concentrated (e.g., near seabird colonies, where bears facilitate access to salmon carcasses). We also found that the probability of reproductive success was higher during warmer, drier springs with higher-than-average salmon abundance. After the onset of the PMH, success declined in the areas most dependent on non-salmon marine resources. These findings confirm the importance of spring weather conditions and access to salmon resources during the critical chick-rearing period, but also reveal that marine heatwaves may have important secondary effects through a reduction in the overall quantity or quality of prey available to bald eagles. Given ongoing warming at high latitudes and the expectation that marine heatwaves will become more common, our findings are useful for understanding ongoing and future changes in the transfer of nutrients from marine to terrestrial ecosystems and how such changes may impact terrestrial species such as bald eagles.","Schmidt, Joshua H.; Coletti, Heather A.; Cutting, Kyle A.; Wilson, Tammy L.; Mangipane, Buck A.; Schultz, Carlene N.; Schertz, Dylan T.","10,12,13,14"
Different Modulations of Arctic Oscillation on Wintertime Sea Surface Temperature Anomalies in the Northeast Pacific,Journal of Geophysical Research Atmospheres,2024-10-16,129,19,,10.1029/2024JD041360,ar,Article,4,2-s2.0-85205321650,,0,"Persistent positive sea surface temperature anomalies (SSTAs) in the mid-latitude Northeast Pacific (NEP), also known as “warm blob” or “marine heatwave,” have substantial ecological and climate effects. This study delves into the spatiotemporal connection between Arctic Oscillation (AO) and SSTAs in the NEP. First, we conduct the lead-lag correlation and maximum covariance analyses to disentangle the closest temporal relationship between October AO and wintertime SSTAs in the NEP. Then, we categorize the years in positive AO (pAO) phase into two groups: positive AO with warm anomaly (pAO&Blob) group and positive AO without warm anomaly (pAO&noBlob) group based on the October AO index and wintertime blob index. Results show that the positive phase of AO in October strongly influences the wintertime warm SSTAs in the NEP through local and remote pathways. The local pathway is contingent upon the longitudinal positioning of AO-related high-pressure anomaly (i.e., anomalous ridge) in the North Pacific. When easterly anomalies prevail at the southern flank of the anomalous ridge over the NEP, they foster warm SSTAs in the NEP. However, different locations of the high-pressure anomalies may impede the NEP warming. Remote pathways indicate the teleconnections triggered by AO-related precipitation increase in Greenland and decrease in East Asia, sustaining the high-pressure anomaly and promoting the anomalous NEP warming. Hence, this study presents new evidence on polar and mid-latitude climate connections, which may provide potential predictability for the warm SSTAs in the NEP.","Chen, Jiajie; Li, Ronglin; Mao, Jiongren; Yu, Weihao; Xie, Shen; Wei, Jiaqi; Huang, Hao; Liu, Qinyu; Shi, Jian","9,14"
Summer primary production of Arctic kelp communities is more affected by duration than magnitude of simulated marine heatwaves,Ecology and Evolution,2024-10-01,14,10,,10.1002/ece3.70183,ar,Article,1,2-s2.0-85205357228,,1,"Fjord systems in the Norwegian Arctic are experiencing an increasing frequency and magnitude of marine heatwaves. These episodic heat stress events can have varying degrees of acute impacts on primary production and nutrient uptake of mixed kelp communities, as well as modifying the biogeochemical cycling in nearshore systems where vast areas of kelp create structural habitat. To assess the impact of future marine heatwaves on kelp communities, we conducted a 23 day mesocosm experiment exposing mixed kelp communities to warming and heatwave scenarios projected for the year 2100. Three treatments were considered: a constant warming (+1.8°C from the control), a medium magnitude and long duration heatwave event (+2.8°C from the control for 13 days), and two short-term, more intense, heatwaves(5 day long scenarios with temperature peaks at +3.9°C from the control). The results show that both marine heatwave treatments reduced net community production, whereas the constant warm temperature treatment displayed no difference from the control. The long marine heatwave scenario resulted in reduced accumulated net community production, indicating that prolonged exposure had a greater severity than two high magnitude, short-term heatwave events. We estimated an 11°C temperature threshold at which negative effects to primary production appeared present. We highlight that marine heatwaves can induce sublethal effects on kelp communities by depressing net community production. These results are placed in the context of potential physiological resilience of kelp communities and implications of reduced net community production to future Arctic fjord environmental conditions.","Miller, Cale A.; Gazeau, Frédéric; Lebrun, Anaïs; Alliouane, Samir; Urrutti, Pierre; Schlegel, Robert W.; Gattuso, Jean Pierre; Comeau, Steeve","1,12"
Local and Remote Atmosphere-Ocean Coupling During Extreme Warming Events Impacting Subsurface Ocean Temperature in an Antarctic Embayment,Journal of Geophysical Research Oceans,2024-09-01,129,9,,10.1029/2023JC020735,ar,Article,5,2-s2.0-85202591605,,0,"Coastal ocean temperatures can respond to different atmospheric and oceanic processes at local spatial scales or through remote teleconnections. This study focused on subsurface ocean temperatures (subT) at 10 m depth in Maxwell Bay, northern Antarctic Peninsula from February 2017 and January 2022. It investigated extreme warming events during austral summers and their interaction with atmospheric and oceanic conditions regionally and locally. The analysis identified active and extreme Marine Heat Waves (MHWs) in March 2017 and January-February 2020 associated with a significantly negative Southern Annular Mode index observed 3–4 months before the temperature increase. In March 2017, temperatures exceeded the climatological mean by over 1°C. This anomaly was linked to a strengthened Amundsen Sea Low and a blocking anticyclone moving between the Scotia Sea and the South-West Atlantic Ocean that deflected westerly winds and facilitated the anomalous transport of warmer northern air masses to the AP. In January-February 2020, the highest recorded subT was observed (2.97°C), although air-sea heat fluxes did not show a similar pattern. In February 2020, one of the most intense atmospheric heatwaves ever recorded in West Antarctica was observed. This heatwave corresponded with maximum subT and positive sea surface temperature anomalies extending throughout the western region of the Southern Ocean, related to an extremely negative Southern Annular Mode. This study provides valuable insights into the impact of strong MHWs, a phenomenon that has been less documented in Antarctic coastal regions.","Piñones, A.; Aziares-Aguayo, N.; Amador-Véliz, P.; Mercado-Peña, O.; González-Reyes, A.; Valdivia, N.; Garcés-Vargas, J.; Garrido, I.; Pardo, L. M.; Höfer, J.","2,3,8,9,11,14"
Linking cumulative carbon emissions to observable climate impacts,Environmental Research Climate,2024-09-01,3,3,,10.1088/2752-5295/ad3fda,re,Review,1,2-s2.0-105002334645,,1,"Anthropogenic CO2 emissions are causing climate change, and impacts of climate change are already affecting every region on Earth. The purpose of this review is to investigate climate impacts that can be linked quantitatively to cumulative CO2 emissions (CE), with a focus on impacts scaling linearly with CE. The reviewed studies indicate a proportionality between CE and various observable climate impacts such as regional warming, extreme daily temperatures, heavy precipitation events, seasonal changes in temperature and precipitation, global mean precipitation increase over ocean, sea ice decline in September across the Arctic Ocean, surface ocean acidification, global mean sea level rise, different marine heatwave characteristics, changes in habitat viability for non-human primates, as well as labour productivity loss due to extreme heat exposure. From the reviewed literature, we report estimates of these climate impacts resulting from one trillion tonne of CE (1 Tt C). These estimates are highly relevant for climate policy as they provide a way for assessing climate impacts associated with every amount of CO2 emitted by human activities. With the goal of expanding the number of climate impacts that could be linked quantitatively to CE, we propose a framework for estimating additional climate impacts resulting from CE. This framework builds on the transient climate response to cumulative emissions (TCRE), and it is applicable to climate impacts that scale linearly with global warming. We illustrate how the framework can be applied to quantify physical, biological, and societal climate impacts resulting from CE. With this review, we highlight that each tonne of CO2 emissions matters in terms of resulting impacts on natural and human systems.","Nzotungicimpaye, Claude Michel; Matthews, H. Damon","10,11"
Thermal tolerance of larval Antarctic cryonotothenioid fishes,Polar Biology,2024-08-01,47,8,731-740,10.1007/s00300-024-03262-9,ar,Article,1,2-s2.0-85195686803,,1,"Cryonotothenioids constitute a subgroup of notothenioid fishes endemic to the Southern Ocean that are specialized to exist in a narrow range of near-freezing temperatures. Due to the challenges of reliably collecting and maintaining larval cryonotothenioids in good condition, most thermal tolerance studies have been limited to adult and juvenile stages. With increasing environmental pressures from climate change in Antarctic ecosystems, it is important to better understand the impacts of a warming environment on larval stages as well. In this study, we determine the critical thermal maxima (CTmax) of cryonotothenioid larvae collected in pelagic net tows during three research cruises near the western Antarctic Peninsula. We sampled larvae of seven species representing three cryonotothenioid families—Nototheniidae, Channichthyidae, and Artedidraconidae. For channichthyid and nototheniid species, CTmax values ranged from 8.6 to 14.9 °C and were positively correlated with body length, suggesting that younger, less motile larvae may be especially susceptible to rapid warming events such as marine heatwaves. To our knowledge, this is the first published test of acute thermal tolerance for any artedidraconid, with CTmax ranging from 13.2 to 17.8 °C, which did not correlate with body length. Of the two artedidraconid species we collected, Neodraco skottsbergi showed remarkable tolerance to warming and was the only species to resume normal swimming following trials. We offer two hypotheses as to why N. skottsbergi has such an elevated thermal tolerance: (1) their unique green coloration serves as camouflage within near-surface phytoplankton blooms, suggesting they occupy an especially warm near-surface niche, and (2) recent insights into their evolutionary history suggest that they are derived from taxa that may have occupied warm tide-pool habitats. Collectively, these results establish N. skottsbergi and larval channichthyids as groups of interest for future physiological studies to gain further insights into the vulnerability of cryonotothenioids to a warming ocean.","Corso, Andrew D.; Mowatt-Larssen, Tor; Brill, Richard W.; Steinberg, Deborah K.; Hilton, Eric J.","2,12"
Seasonal variability of high-latitude foraging grounds for Atlantic bluefin tuna (Thunnus thynnus),Diversity and Distributions,2024-08-01,30,8,,10.1111/ddi.13865,ar,Article,3,2-s2.0-85195604615,,1,"Aim: Predicting spatial and temporal changes in species distributions is difficult for highly mobile species, making effective management challenging. We aim to understand the seasonal variability in habitat suitability for Atlantic bluefin tuna (Thunnus thynnus; ABFT) by using tracking data to create species distribution models. Location: North-east Atlantic Ocean. Methods: Forty-nine ABFT were tagged with pop-up archival satellite tags along the west coast of Ireland during successive autumns from 2016 to 2021. Four thousand two hundred and sixteen daily locations were used to build a habitat model to describe ABFT environmental preferences and habitat suitability. For each location, 100 ‘pseudoabsence’ locations were simulated using correlated random walks. Results: Tags had a mean retention rate of 237 ± 107 days, resulting in 11,602 cumulative days at liberty, and a mean daily distance travelled of 51 ± 143 km. ABFT showed two primary migration routes from Ireland, travelling to the Bay of Biscay or across the Mid-Atlantic ridge in the winter. However, in 2019 six individuals travelled northwards towards Iceland, likely in response to a marine heatwave. Eight ABFT entered the Mediterranean in May/June for putative spawning, with six returning to Irish waters a year later. Five environmental covariates best described ABFT habitat, with habitat suitability highest at sea surface temperatures (SST) of 15–18°C, a mixed layer depth between ~200 and 300 m, high relief bathymetric features (i.e. shelf breaks and seamounts) and frontal regions as revealed by non-linear preferences of eddy kinetic energy and SST standard deviation. Main Conclusions: In the last decade, ABFT have been re-establishing historic foraging grounds in higher latitudes, for example, Irish and Nordic waters. Our model shows the extent of suitable habitat in these regions and how recent ocean warming may have contributed to northern expansions. Understanding the drivers behind these reappearances is fundamental to successful future management. Achoimre: Aidhm: Tá sé deacair athraithe i ndáileadh ama agus spásdháileadh speiceas atá an-soghluaiste a thuar, rud a chiallaíonn go bhfuil sé dúshlánach bainistiú éifeachtach a dhéanamh. Tá muid ag iarraidh inathraitheacht shéasúrach in oiriúnacht ghnáthóg an Tuinnín Gorm Atlantach (Thunnus thynnus; TGA) a thuiscint tríd sonraí rianaithe a úsáid chun samhail dháileadh speiceas a chruthú. Suíomh: Oirthuaisceart an Atlantaigh. Modh: Rinneadh clibeadh ar 49 TGA le clibeanna cartlainne a thagann go barr uisce ar chósta iarthar na hÉireann le linn ceithre fhómhair i ndiaidh a chéile ó 2016–2021. Úsáideadh 4216 suíomhanna laethúil chun samhail ghnáthóg a chruthú a rinne cur síos ar roghanna timpeallachta agus oiriúnacht ghnáthóg an TGA. I gcomhair gach suíomh, ionsamhlaíodh 100 suíomhanna bréag-neamhláithreacht ag úsáid siúlóidí randamacha comhghaolaithe. Torthaí: Bhí meán ráta coinneála de 237 ± 107 lá ag na clibeanna, rud a thug 11,602 lá taifeadta i ndiaidh a chéile agus meán fhad laethúil taistealta de 51 ± 143 km dá bharr. Léirigh TGA dhá phríomhbhealaí imirce ó hÉirinn, ag taisteal go Bá na Bioscáine nó thar Droim an Atlantaigh Láir i rith an gheimhridh. Ach i 2019 thaisteal sé iasc ó thuaidh i dtreo an Íoslainn, is dócha mar gheall ar thonn teasa mara. Chuaigh ocht TGA isteach sa Mheánmhuir i rith mí Bealtaine/mí an Mheitheamh chun uibheacha a sceitheadh de réir dealraimh. Tháinig sé dóibh ar ais go huiscí na hÉireann an bhliain dar gcionn. Déanann cúig athróg timpeallachta an cur síos is fearr ar ghnáthóg an TGA, tá oiriúnacht ghnáthóg is airde ag teocht barr uisce (TBA) de 15–18°C, nuair atá doimhneacht an chisil mheasctha idir ~200 agus 300 m, ag gnéithe bataiméadrach ard-rilíf (i.e. scoilteanna scairbhe agus tuláin grinnill), agus ag réigiúin frontacha léirithe ag roghanna neamh-líneacha fuinneamh cinéatach guairneánach agus diall caighdeánach TBA. Príomhchonclúidí: Le leathscór bliain anuas tá TGA tar éis réigiúin sealgaireachta stairiúil a athbhunú in áiteanna le hard-domhanleithead, ar nós uiscí na hÉireann agus uiscí Nordacha. Taispeánann ár samhail achar an ghnáthóg oiriúnach sna réigiúin seo agus an bhaint féideartha a bhí ag téámh aigéanach le gairid ar leathadh ó thuaidh. Tá sé buntábhachtach na cúiseanna don athfhilleadh seo a thuiscint i gcomhair bainistiú rathúil amach anseo.","McNicholas, Grace E.; Jackson, Andrew L.; Brodie, Stephanie; O'Neill, Ross; Ó'Maoiléidigh, Niall; Drumm, Alan; Cooney, Joseph; Maxwell, Hugo; Block, Barbara; Castleton, Mike; Schallert, Robert; Payne, Nicholas L.","10,12,13,14"
Record High Sea Surface Temperatures in 2023,Geophysical Research Letters,2024-07-28,51,14,,10.1029/2024GL108369,ar,Article,31,2-s2.0-85199865348,,1,"NOAA Daily Optimum Interpolation Sea Surface Temperature (DOISST) and other similar sea surface temperature (SST) products indicate that the globally averaged SST set a new daily record in March 2023. The record-high SST in March was immediately broken in April, and new daily records were set again in July and August 2023. The SST anomaly (SSTA) persisted at a record high from mid-March to the remainder of 2023. Our analysis indicates that the record-high SSTs, and associated marine heatwaves (MHWs) and even super-MHWs, are attributed to three factors: (a) a long-term warming trend, (b) a shift to the warm phase of the multi-decadal Pacific-Atlantic-Arctic (PAA) mode, and (c) the transition from the triple-dip succession of La Niña events to the 2023–24 El Niño event.","Huang, Boyin; Yin, Xungang; Carton, James A.; Chen, Ligang; Graham, Garrett; Hogan, Patrick; Smith, Thomas; Zhang, Huai Min","7,10,11,16"
Southwest Pacific Ocean Warming Driven by Circulation Changes,Geophysical Research Letters,2024-07-16,51,13,,10.1029/2024GL109174,ar,Article,5,2-s2.0-85197679235,,1,"An area of ocean centered on 179°E, 46°S has warmed to full depth since 2006, with surface warming around 5 times the global rate. This Subtropical Front area is associated with a confluence of warm, salty, subtropical water from the north carried in a western boundary current and cold, fresh, subantarctic water from the south carried in the northernmost branch of the Antarctic Circumpolar Current. Temperature and salinity changes observed from Argo floats indicate that the Subtropical Frontal Zone has moved west ∼120 km, creating this area of strong warming analogous to changes in extension regions of other western boundary currents. The warming is a result of changes in the local flows of subantarctic water, evident in satellite altimeter data and 1,000 m Argo trajectories, which in turn likely result from changes in meridional ocean heat content and winds. The warming has placed this biologically-significant region in almost perpetual marine heatwave conditions.","Sutton, P. J.H.; Rickard, G. J.; Roemmich, D. H.","3,9,10,12,14,16"
Long-term ocean temperature trend and marine heatwaves,Journal of Oceanology and Limnology,2024-07-01,42,4,1037-1047,10.1007/s00343-023-3160-z,ar,Article,3,2-s2.0-85191750803,,0,"Marine heatwaves (MHWs) can cause irreversible damage to marine ecosystems and livelihoods. Appropriate MHW characterization remains difficult, because the choice of a sea surface temperature (SST) temporal baseline strongly influences MHW identification. Following a recent work suggesting that there should be a communicating baseline for long-term ocean temperature trends (LTT) and MHWs, we provided an effective and quantitative solution to calculate LTT and MHWs simultaneously by using the ensemble empirical mode decomposition (EEMD) method. The long-term nonlinear trend of SST obtained by EEMD shows superiority over the traditional linear trend in that the data extension does not alter prior results. The MHWs identified from the detrended SST data exhibited low sensitivity to the baseline choice, demonstrating the robustness of our method. We also derived the total heat exposure (THE) by combining LTT and MHWs. The THE was sensitive to the fixed-period baseline choice, with a response to increasing SST that depended on the onset time of a perpetual MHW state (identified MHW days equal to the year length). Subtropical areas, the Indian Ocean, and part of the Southern Ocean were most sensitive to the long-term global warming trend.","Zhang, Min; Cheng, Yangyan; Wang, Gang; Shu, Qi; Zhao, Chang; Zhang, Yuanling; Qiao, Fangli","6,10,16"
Seabird responses to ecosystem changes driven by marine heatwaves in a warming Arctic,Marine Ecology Progress Series,2024-06-06,737,,59-88,10.3354/meps14493,ar,Article,9,2-s2.0-85196008486,,1,"In the Pacific Arctic, the Chukchi Sea has been warming for decades, and exhibited an exceptionally warm period from 2015 to 2021. We examined changes in seabird distribution and abundance in the Chukchi Sea, and their relationships to environmental and prey conditions between 2 contrasting periods. We sampled systematically placed stations in late summer during 2 years before (2012, 2013) and 2 years during the warm period (2017, 2019; characterized by multiple marine heatwaves). Ship-based bird counts were used to model at-sea density of 5 seabird foraging guilds relative to oceanographic (water temperature, salinity, chlorophyll) and prey (large copepods, euphausiids, 3 forage fish taxa) variables. Relative to cool years, heatwave years were characterized by warmer, saltier waters, low abundance of large copepods and euphausiids, and elevated fish abundance, including an unprecedented abundance of age-0 walleye pollock Gadus chalcogrammus. Seabird species richness was higher during heatwave years but diversity was lower, driven by an influx of shearwaters. The best models for surface feeding and diving piscivores and diving planktivores included oceanographic and prey variables, plus a heatwave interaction term, indicating that responses to variables differed between cool and heatwave periods, with greatest disparity exhibited by diving planktivores. Models for surface planktivores were inconclusive, whereas shearwater distribution was associated with geographic variables (latitude, distance offshore), with relationships differing during cool and heatwave periods. We propose a conceptual model of how a prolonged period of marine heatwaves may affect the offshore seabird community via changes in prey species composition and distribution.","Kuletz, Katherine J.; Gall, Adrian E.; Morgan, Tawna C.; Prichard, Alexander K.; Eisner, Lisa B.; Kimmel, David G.; De Robertis, Alex; Levine, Robert M.; Jones, Timothy; Labunski, Elizabeth A.","1,10,12,14"
Significant Reduction of Potential Exposure to Extreme Marine Heatwaves by Achieving Carbon Neutrality,Earth S Future,2024-06-01,12,6,,10.1029/2024EF004420,ar,Article,6,2-s2.0-85196166611,,1,"Marine heatwave (MHW), a prolonged period of anomalously warm seawater, has a catastrophic repercussion on marine ecosystems. With global warming, MHWs have become increasingly frequent, intense, and prolonged. To avoid irreversible damages from such extreme events, net-zero carbon emissions by the 2050s, called carbon neutrality, were proposed. Here, we evaluate the impact of carbon neutrality on MHWs in the late 21st century using multi-model projections from the Coupled Model Intercomparison Project Phase 6 (CMIP6) Shared Socioeconomic Pathway (SSP) 1–1.9 and SSP3-7.0 scenarios. It is found that if the current regional rivalry over carbon emissions continues (i.e., SSP3-7.0), the MHWs in the late 21st century will become stronger and longer than historical ones, especially in the western boundary current and equatorial current regions. Approximately 68% of the global ocean will be exposed to permanent MHWs, regionally 93% in the Indian Ocean, 76% in the Pacific Ocean, 68% in the Atlantic Ocean, 65% in the Coastal Ocean, and 48% in the Southern Ocean. Such MHWs can be significantly reduced by achieving carbon neutrality (i.e., SSP1-1.9). In particular, the spatial proportion of the ocean exposed to permanent MHWs can be reduced to as low as 0.02%–0.07%, depending on the regions. This result underscores the critical importance of ongoing efforts to achieve net-zero carbon emissions to reduce the potential ecological risks induced by extreme MHWs.","Oh, Seok Geun; Son, Seok Woo; Jeong, Sujong; Cho, Yang Ki","10,11,15"
Column-Compound Extremes in the Global Ocean,Agu Advances,2024-06-01,5,3,,10.1029/2023AV001059,ar,Article,15,2-s2.0-85193981239,,1,"Marine extreme events such as marine heatwaves, ocean acidity extremes and low oxygen extremes can pose a substantial threat to marine organisms and ecosystems. Such extremes might be particularly detrimental (a) when they are compounded in more than one stressor, and (b) when the extremes extend substantially across the water column, restricting the habitable space for marine organisms. Here, we use daily output of a hindcast simulation (1961–2020) from the ocean component of the Community Earth System Model to characterize such column-compound extreme events (CCX), employing a relative threshold approach to identify extremes and requiring them to extend vertically over at least 50 m. The diagnosed CCX are prevalent, occupying worldwide in the 1960s about 1% of the volume contained within the top 300 m. Over the duration of our simulation, CCX become more intense, last longer, and occupy more volume, driven by the trends in ocean warming and ocean acidification. For example, the triple CCX expanded 39-fold, now last 3-times longer, and became 6-times more intense since the early 1960s. Removing this effect with a moving baseline permits us to better understand the key characteristics of CCX, revealing a typical duration of 10–30 days and a predominant occurrence in the Tropics and high latitudes, regions of high potential biological vulnerability. Overall, the CCX fall into 16 clusters, reflecting different patterns and drivers. Triple CCX are largely confined to the tropics and the North Pacific and tend to be associated with the El Niño-Southern Oscillation.","Wong, Joel; Münnich, Matthias; Gruber, Nicolas","6,8,10,11,12,15,16"
Heatwave responses of Arctic phytoplankton communities are driven by combined impacts of warming and cooling,Science Advances,2024-05-17,10,20,,10.1126/sciadv.adl5904,ar,Article,23,2-s2.0-85193596275,38758795,1,"Marine heatwaves are increasing in frequency and intensity as climate change progresses, especially in the highly productive Arctic regions. Although their effects on primary producers will largely determine the impacts on ecosystem services, mechanistic understanding on phytoplankton responses to these extreme events is still very limited. We experimentally exposed Arctic phytoplankton assemblages to stable warming, as well as to repeated heatwaves, and measured temporally resolved productivity, physiology, and composition. Our results show that even extreme stable warming increases productivity, while the response to heatwaves depends on the specific scenario applied and is not predictable from stable warming responses. This appears to be largely due to the underestimated impact of the cool phase following a heatwave, which can be at least as important as the warm phase for the overall response. We show that physiological and compositional adjustments to both warm and cool phases drive overall phytoplankton productivity and need to be considered mechanistically to predict overall ecosystem impacts.","Wolf, Klara K.E.; Hoppe, Clara J.M.; Rehder, Linda; Schaum, Elisa; John, Uwe; Rost, Björn","1,12"
Global oceans suffer extreme heatwaves intensifying since the early 21st century: A new comprehensive index,Ecological Indicators,2024-05-01,162,,,10.1016/j.ecolind.2024.112069,ar,Article,7,2-s2.0-85190890155,,1,"As a result of global warming, major ocean basins have witnessed an increase in the number of extreme warm events and a decrease in the number of extreme cold events, increasing the number of marine heatwave (MHW) events. Previous quantification of MHW events has been limited to simple single metrics, which can only recognize some characteristics from a particular aspect. Here, we propose a new marine Heat Wave Comprehensive Index (HWCI) by fusing multiple metrics to characterize the scalable cumulative intensity of MHWs, which exhibits excellent identification reliability and superiority to effectively monitor the evolutionary patterns of various levels of MHW events. We find that five levels of global MHW events have presented an obvious spatial expansion and temporal enhancement pattern since the early 21st century, with the obvious spatial contraction (32.98 %) of weak events followed by the expansion (19.82 %) of extreme events at the highest growth rate of 0.07, primarily in the mid–low-latitude oceans and the Arctic. The results demonstrate that extreme MHW events dominate global MHW evolution patterns and that the expansion and intensification of such episodes have major implications for the event distribution and level structure. The new indicator is promising for directly measuring and identifying MHWs, and contributes to a more comprehensive understanding of the evolution of MHWs in the context of global climate change.","Chen, Yingliang; Su, Hua; Yan, Xiao Hai; Zhang, Hongsheng; Wang, Yunpeng","6,10,16"
Using a metabolomics approach to investigate the sensitivity of a potential Arctic-invader and its Arctic sister-species to marine heatwaves and traditional harvesting disturbances,Science of the Total Environment,2024-03-20,917,,,10.1016/j.scitotenv.2024.170167,ar,Article,5,2-s2.0-85184049928,38242480,1,"Coastal species are threatened by fishing practices and changing environmental conditions, such as marine heatwaves (MHW). The mechanisms that confer tolerance to such stressors in marine invertebrates are poorly understood. However, differences in tolerance among different species may be attributed to their geographical distribution. To test the tolerance of species occupying different thermal ranges, we used two closely related bivalves the softshell clam Mya arenaria (Linnaeus, 1758), a cold-temperate invader with demonstrated potential for establishment in the Arctic, and the blunt gaper Mya truncata (Linnaeus, 1758), a native polar species. Clams were subjected to a thermal stress, mimicking a MHW, and harvesting stress in a controlled environment. Seven acute temperature changes (2, 7, 12, 17, 22, 27, and 32 °C) were tested at two harvesting disturbance intensities (with, without). Survival was measured after 12 days and three tissues (gills, mantle, and posterior adductor muscle) collected from surviving individuals for targeted metabolomic profiling. MHW tolerance differed significantly between species: 26.9 °C for M. arenaria and 17.8 °C for M. truncata, with a negligeable effect of harvesting. At the upper thermal limit, M. arenaria displayed a more profound metabolomic remodelling when compared to M. truncata, and this varied greatly between tissue types. Network analysis revealed differences in pathway utilization at the upper MHW limit, with M. arenaria displaying a greater reliance on multiple DNA repair and expression and cell signalling pathways, while M. truncata was limited to fewer pathways. This suggests that M. truncata is ill equipped to cope with warming environments. MHW patterning in the Northwest Atlantic may be a strong predictor of population survival and future range shifts in these two clam species. As polar environments undergo faster rates of warming compared to the global average, M. truncata may be outcompeted by M. arenaria expanding into its native range.","Beaudreau, Nicholas; Page, Tessa M.; Drolet, David; McKindsey, Christopher W.; Howland, Kimberly L.; Calosi, Piero","10,12,14"
Future Changes in the Intensity and Duration of Marine Heat and Cold Waves: Insights from Coupled Model Initial-Condition Large Ensembles,Journal of Climate,2024-03-15,37,6,1877-1902,10.1175/JCLI-D-23-0278.1,ar,Article,27,2-s2.0-85185836277,,1,"The future evolution of sea surface temperature (SST) extremes is of great concern, not only for the health of marine ecosystems and sustainability of commercial fisheries, but also for precipitation extremes fueled by moisture evaporated from the ocean. This study examines the projected influence of anthropogenic climate change on the intensity and duration of monthly SST extremes, hereafter termed marine heat waves (MHWs) and marine cold waves (MCWs), based on initial-condition large ensembles with seven Earth system models. The large number of simulations (30-100) with each model allows for robust quantification of future changes in both the mean state and variability in each model. In general, models indicate that future changes in variability will cause MHW and MCW events to intensify in the northern extratropics and weaken in the tropics and Southern Ocean, and to shorten in duration in many areas. These changes are generally symmetric between MHWs and MCWs, except for the longitude of duration change in the tropical Pacific and sign of duration change in the Arctic. Projected changes in ENSO account for a large fraction of the variability-induced changes in MHW and MCW characteristics in each model and are responsible for much of the intermodel spread as a result of differences in future ENSO behavior. The variability-related changes in MHW and MCW characteristics noted above are superimposed upon large mean-state changes. Indeed, their contribution to the total change in SST during MHW and MCW events is generally, 10% except in polar regions where they contribute upward of 50%.","Deser, Clara; Phillips, Adam S.; Alexander, Michael A.; Amaya, Dillon J.; Capotondi, Antonietta; Jacox, Michael G.; Scott, James D.","10,15"
"Light-mediated temperature susceptibility of kelp species (Agarum clathratum, Saccharina latissima) in an Arctic summer heatwave scenario",Cambridge Prisms Coastal Futures,2024-03-13,2,,,10.1017/cft.2024.5,ar,Article,7,2-s2.0-85203706868,,1,"Kelps (Phaeophyceae, Laminariales) are ecosystem engineers along Arctic rocky shores. With ongoing climate change, the frequency and intensity of marine heatwaves are increasing. Further, extensive meltwater plumes darken Arctic fjords. Assessing the effect of a sudden temperature increase at the cold-distribution limit of cold-temperate kelp species, we compared the responses of two kelp species (Agarum clathratum, Saccharina latissima) to realistic Arctic summer heatwave scenarios (4-10°C) under low- and high-light conditions (3; 120 mol photons m-2 s-1) for 12 days. We found high-light causing physiological stress in both species (e.g., lower photosynthetic efficiency of photosystem II), which was enhanced by cold and mitigated by warm temperatures. Under low-light conditions, we found no temperature response, probably due to light limitation. Both species acclimated to light variations by adjusting their chlorophyll a concentration, meeting cellular energy requirements. A. clathratum had ∼150% higher phlorotannin concentrations than S. latissima, possibly acting as herbivore-deterrent. Our findings suggest competitive advantages of kelps on different Arctic coasts with ongoing warming: A. clathratum has advantages in future areas, with low-light intensities, and possibly high grazing pressure and S. latissima in areas with high-light intensities and low grazing pressure. Species composition changes might have cascading consequences on ecosystem functioning.","Niedzwiedz, Sarina; Vonnahme, Tobias Reiner; Juul-Pedersen, Thomas; Bischof, Kai; Diehl, Nora","1,12"
Marine heatwaves and global warming impacts on winter waters in the Southern Indian Ocean,Journal of Marine Systems,2024-03-01,243,,,10.1016/j.jmarsys.2023.103962,ar,Article,13,2-s2.0-85182276881,,2,"In the Southern Ocean, the term “winter waters” (WWs) refers to a water mass characterized by a subsurface layer of minimum temperature that plays an important ecological role for marine ecosystems, and in particular for top predators. Given that the Southern Ocean is experiencing warming and intense marine heatwaves (MHWs), particularly at subantarctic latitudes, we investigate here how different levels of warming might impact the presence, depth and minimum temperature of WWs in the Indian sector of the Southern Ocean. In particular, we assess how WWs are impacted by surface MHWs using in situ Argo hydrographic observations and biologging data. The results indicate that WWs are substantially reduced, deeper and warmer during the presence of MHWs. Using the most recent climate projections, we find a significant, but scenario-dependent, southward shift of WWs under global warming. Potential impacts of such WW shifts on pelagic ecosystems, at different timescales (from daily to decadal), are discussed.","Azarian, Clara; Bopp, Laurent; Sallée, Jean Baptiste; Swart, Sebastiaan; Guinet, Christophe; d'Ovidio, Francesco","3,8,10,12,16"
Drivers of Marine Heatwaves in the Arctic Ocean,Journal of Geophysical Research Oceans,2024-02-01,129,2,,10.1029/2023JC020324,ar,Article,17,2-s2.0-85185246448,,1,"Among the documented consequences of anthropogenic global warming are the increased frequency and duration of marine heatwaves in the global ocean. The literature dedicated to Arctic marine heatwaves corroborates those results, but fails to identify the heat sources and sinks. Because of the numerous feedbacks impacting polar regions, understanding the processes triggering and dissipating those extreme events is particularly important to predict their occurrence in a fast changing ocean. A three-dimensional regional ice-ocean numerical model is used to calculate a surface mixed layer heat budget and to investigate mechanisms generating and dissipating marine heatwaves. The majority of the marine heatwaves are onset by surface heat fluxes and decayed by bottom and surface heat fluxes. The dominant processes are spatially and seasonally heterogeneous: lateral heat flux can become the primary process when advecting heat anomalies at the main Arctic gateways or by triggering temperature extremes in winter. Using a Reynolds decomposition, it can be determined that the shoaling of the surface mixed layer induced by ice melt can significantly lengthen and intensify Arctic marine heatwaves. In winter, the analysis of marine heatwaves poses unique challenges, with the long term freshening of the Arctic inducing a positive trend of 0.1°C per decade for the freezing point. Arctic marine heatwaves are expected to keep increasing in duration and intensity due to the increased trend of the primary process, the surface heat flux, and their dissipation by bottom heat flux provides a pathway for heat from the atmosphere to the Arctic subsurface water masses.","Richaud, Benjamin; Hu, Xianmin; Darmaraki, Sofia; Fennel, Katja; Lu, Youyu; Oliver, Eric C.J.","1,9,10,15"
Technical note: An autonomous flow-through salinity and temperature perturbation mesocosm system for multi-stressor experiments,Biogeosciences,2024-01-17,21,1,315-333,10.5194/bg-21-315-2024,ar,Article,4,2-s2.0-85184056387,,1,"The rapid environmental changes in aquatic systems as a result of anthropogenic forcings are creating a multitude of challenging conditions for organisms and communities. The need to better understand the interaction of environmental stressors now, and in the future, is fundamental to determining the response of ecosystems to these perturbations. This work describes an automated ex situ mesocosm perturbation system that can manipulate several variables of aquatic media in a controlled setting. This perturbation system was deployed in Kongsfjorden (Svalbard); within this system, ambient water from the fjord was heated and mixed with freshwater in a multifactorial design to investigate the response of mixed-kelp communities in mesocosms to projected future Arctic conditions. The system employed an automated dynamic offset scenario in which a nominal temperature increase was programmed as a set value above realtime ambient conditions in order to simulate future warming. A freshening component was applied in a similar manner: a decrease in salinity was coupled to track the temperature offset based on a temperature-salinity relationship in the fjord. The system functioned as an automated mixing manifold that adjusted flow rates of warmed and chilled ambient seawater, with unmanipulated ambient seawater and freshwater delivered as a single source of mixed media to individual mesocosms. These conditions were maintained via continuously measured temperature and salinity in 12 mesocosms (1 control and 3 treatments, all in triplicate) for 54 d. System regulation was robust, as median deviations from nominal conditions were <0.15 for both temperature (°C) and salinity across the three replicates per treatment. Regulation further improved during a second deployment that mimicked three marine heat wave scenarios in which a dynamic temperature regulation held median deviations to <0.036 °C from the nominal value for all treatment conditions and replicates. This perturbation system has the potential to be implemented across a wide range of conditions to test single or multistressor drivers (e.g., increased temperature, freshening, and high CO2/ while maintaining natural variability. The automated and independent control for each experimental unit (if desired) provides a large breadth of versatility with respect to experimental design.","Miller, Cale A.; Urrutti, Pierre; Gattuso, Jean Pierre; Comeau, Steeve; Lebrun, Anaïs; Alliouane, Samir; Schlegel, Robert W.; Gazeau, Frédéric","1,11,12,16"
Environmental drivers of persistent humpback whale Megaptera novaeangliae feeding events in a Mexican breeding area,Marine Ecology Progress Series,2024-01-11,726,,161-179,10.3354/meps14464,ar,Article,2,2-s2.0-85192218436,,0,"Humpback whales Megaptera novaeangliae typically fast for several months in low-latitude breeding areas. Here we report on persistent feeding events during 5 wintering seasons between 2013 and 2020 in a known upwelling region of Banderas Bay of the mainland Mexico breeding area. In total, there were 76 unique feeding events documented (group size = 1 to ~100 individuals), involving 201 photo-identified whales, of which 18 were documented feeding in multiple years. The most prolific years of documented feeding in 2017 and 2018 (based on number of reports/individuals photo-identified feeding) followed the strongest marine heatwave ever recorded in the North Pacific. Whales documented feeding in Banderas Bay had significantly shorter mean sighting histories (2.3 yr) than a non-feeding sample (8.7 yr) and were reported to be of small size, suggesting they were predominantly younger whales. Most high-latitude recaptures of Banderas Bay feeding whales were in more northern North Pacific feeding grounds (50.8% were resighted in Russia, Alaska, and northern British Colombia, Canada). A binomial general linear model revealed a significant relationship between the probability of whales feeding in Banderas Bay and sea surface temperature (SST). Specifically, feeding consistently occurred in years of lower than average winter SST (<25°C), associated with La Niña years of the El Niño Southern Oscillation (ENSO). We conclude that feeding of humpback whales is now a predictable occurrence in the upwelling region of Banderas Bay in years that ENSO fluctuations lead to lower regional SST. The magnitude of several years of low-latitude feeding events reported here was likely influenced by climate change induced marine heatwaves that occurred during the study period.","Ransome, Nicola; Frisch-Jordán, Astrid; Cheeseman, Ted; Calambokidis, John; Kew, Alice; Titova, Olga; Filatova, Olga; Loneragan, Neil R.; Smith, Joshua N.","10,12,13"
Processes Contributing to Bering Sea Temperature Variability in the Late Twentieth and Early Twenty-First Century,Journal of Climate,2024-01-10,37,1,41-58,10.1175/JCLI-D-23-0331.1,ar,Article,3,2-s2.0-85179842812,,0,"Over recent decades, the Bering Sea has experienced oceanic and atmospheric climate extremes, including record warm ocean temperature anomalies and marine heatwaves (MHWs), and increasingly variable air–sea heat fluxes. In this work, we assess the relative roles of surface forcing and ocean dynamical processes on mixed layer temperature (MLT) tendency by computing a closed mixed layer heat budget using the NASA/JPL Estimating the Circulation and Climate of the Ocean (ECCO) Ocean State and Sea Ice Estimate. We show that surface forcing drives the majority of the MLT tendency in the spring and fall and remains dominant to a lesser degree in winter and summer. Surface forcing anomalies are the dominant driver of monthly mixed layer temperature tendency anomalies (MLTa), driving an average of 72% of the MLTa over the ECCO record length (1992–2017). The surface turbulent heat flux (latent plus sensible) accounts for most of the surface heat flux anomalies in January–April and September–December, and the net radiative flux (net longwave plus net shortwave) dominates the surface heat flux anomalies in May–August. Our results suggest that atmospheric variability plays a significant role in Bering Sea ocean temperature anomalies through most of the year. Furthermore, they indicate a recent increase in ocean warming surface forcing anomalies, beginning in 2010.","Hayden, Emily E.; O’Neill, Larry W.","1,9,10,14,16"
Shifting temperature–abundance relationship for Bering Sea walleye pollock consistent with northward expansion during exceptionally warm conditions,Marine Ecology Progress Series,2024-01-01,749,,141-158,10.3354/meps14720,ar,Article,1,2-s2.0-85210984136,,1,"Rapid climate change in high-latitude ecosystems presents a challenge to fisheries management, as ecosystems are exposed to novel climate conditions that might expose non-stationary climate–biology relationships. Recently, the eastern Bering Sea has experienced a series of warm years outside the range of previous observations, resulting in shifting species distributions. We tested whether exceptionally warm temperatures from 2014–2019 revealed temporal non-stationarity in the relationship between temperature and the local abundances of walleye pollock Gadus chalcogrammus, an ecologically and commercially important species. Using survey catch per unit effort (CPUE) as a local abundance proxy, we detected a gradual shift through time in the local abundance–bottom temperature relationship, but little evidence for a sharp transition associated with marine heatwave conditions. Because pollock have expanded their range into novel habitats in the northeast Bering Sea (NEBS), we tested whether our models, parameterized for the southeast Bering Sea (SEBS), had predictive skill in the northeast. Our models were generally able to identify areas of high and low CPUE, though they under-predicted the magnitude of abundance observed in the northeast during the warm years. Spatial associations between pollock and other species differed between the warm period (2014–2019) and previous decades (1982–2013) for 3 of 9 species, providing mixed evidence for non-stationarity. These findings contrast with results showing sharp rather than gradual changes in climate–biology relationships associated with climate transitions in nearby ecosystems. The same processes that govern walleye pollock abundance and distribution appear to apply to both the SEBS, historically the core of their distribution, and the NEBS.","Oke, Krista B.; Litzow, Michael A.; Mueter, Franz","10,12,13,14"
Seasonal dynamics of global marine heatwaves over the last four decades,Frontiers in Marine Science,2024-01-01,11,,,10.3389/fmars.2024.1406416,ar,Article,3,2-s2.0-85196085085,,1,"Marine heatwaves (MHWs), prolonged periods of abnormally high sea temperature, have greater devastating impacts on marine ecosystem services and socioeconomic systems than gradual long-term ocean warming. Despite growing evidence of increases in MHW frequency, duration, and intensity, their interseasonal variations remain unclear. Using satellite-derived daily sea surface temperature (SST) data from 1982 to 2022, this work reveals a strong seasonality in MHWs. Typically, the highest cumulative intensity, characterizing total impacts on ecosystems, occurs during the local warm seasons in most oceans, leading to a significant interseasonal difference between warm and cold seasons. The interseasonal difference is predominantly driven by air-sea heat flux, rather than oceanic horizontal advection and vertical process. An increase in these interseasonal differences is observed in mid and high latitudes, with a significant increase in the warm season and a weaker trend in the cold season. In the Equatorial Pacific and Western Equatorial Indian Ocean, intense MHWs are primarily exacerbated by the El Niño-Southern Oscillation (ENSO), which also determines interseasonal variations in MHWs. Understanding the seasonality of MHWs can help better formulate corresponding policies to reduce economic and ecological losses caused by these events and can improve the accuracy of future predictions.","Wang, Yishan; Zhou, Yuntao","9,10,15,16"
"2023 International Conference on Frontiers of Ocean Science and Technology, ICFOST 2023",Journal of Physics Conference Series,2024-01-01,2718,1,,,cr,Conference Review,0,2-s2.0-85189299565,,0,"The proceedings contain 102 papers. The topics discussed include: seasonal variation of marine heat wave in the East China Sea; numerical simulation analysis of typhoon moving track on sea surface cooling; wave climate change analysis based on long time-series buoy data; temporal and spatial distribution characteristics of ocean temperature front in Antarctic circumpolar current waters; statistical analysis of mesoscale eddy characteristics in the northwestern Pacific Ocean; numerical simulation study on hydrodynamics of Xisha Islands and reefs driven by tide levels, sea surface heights and ocean currents; numerical research on internal solitary waves in stratified fluid; and a variational optimization algorithm for Secchi disk depth based on multi-satellite data.",,"3,14,16"
Progress on the Evolutionary Characteristics and Climatic Causes for Warming and Marine Heatwaves in the Coastal China Seas,Chinese Journal of Atmospheric Sciences,2024-01-01,48,1,121-146,10.3878/j.issn.1006-9895.2308.23313,ar,Article,4,2-s2.0-85185804322,,0,"Over the past decades, the coastal China seas (CCSs) have experienced strong warming and frequent extremely high sea temperature events (marine heatwaves, MHWs), resulting in a series of ecological disasters, including mass mortality of marine organisms and outbreaks of harmful algal bloom. This paper presents a comprehensive review of the research progress involving the warming and MHWs in CCSs, including the characteristics and causes for long-term warming trends and MHWs, as well as their ecological impacts and adaptation strategies. The sea surface temperature (SST) in CCSs, especially in the East China seas (Bohai, Yellow, and East China Seas, hereafter ECSs), has demonstrated an enhanced response to global warming under the combined influences of the East Asian monsoon and Kuroshio, with an annual mean increase of 1.02°C±0.19°C and 1.45°C±0.32°C during 1960–2022, respectively. The interannual and interdecadal variability of SST in CCSs is also teleconnected to large-scale climate modes, such as El Nino–Southern Oscillation (ENSO) and Pacific Decadal Oscillation. Ocean warming has led to rapid northward migration of geographic isotherms and seasonal phenological changes (i.e., spring arrives earlier and fall ends later than normal), resulting in changes in the growth rhythm, geographic distribution, community structure, and ecological service functions of marine organisms. Since 1982, the frequency, intensity, and duration of MHWs in CCSs have increased obviously and are expected to increase further in the future. The frequency of MHWs in ECSs and the South China Sea is 20 and 4 times higher than that in the 1980s, respectively, and these frequencies are highly correlated with the negative Indian Ocean Dipole and the El Niño. Frequent extreme MHWs have resulted in devastating disasters in marine ecosystems, such as mass coral bleaching and mortality. In the future, CCSs, especially the mid-high latitudes of CCSs, will be simultaneously exposed to increased warming, deoxygenation, acidification, and reduced productivity. Marine ecosystems, especially warm-water coral reefs in the South China Sea, are at risk of mass breaching climate tipping points. Therefore, in-depth research on the physical processes and predictability of MHWs, as well as the development of forecasting and early warning systems, are urgently needed. Additionally, transformative climate action measures should be developed to enhance the climate resilience of marine ecosystems, and strong mitigation measures need to be established immediately to slow down global warming.","Cai, Rongshuo; Tan, Hongjian","10,11,12,15"
Temperature Thresholds of Crustaceans in the Age of Climate Change,Frontiers in Invertebrate Physiology A Collection of Reviews Volume 2 Crustacea,2024-01-01,2,,175-228,10.1201/9781003405016-5,ch,Book Chapter,11,2-s2.0-85183243726,,0,"Since the Industrial Revolution, increases in greenhouse gas emissions have not only led to atmospheric warming but also to the warming of the oceans and even marine heat waves (IPCC, 2019; Laufkötter et al., 2020). While there is no current consistent definition for marine heat waves, a commonly used definition is an event that “lasts for five or more days, with temperatures warmer than the 90 th percentile based on a 30-year historical baseline period” (Hobday et al., 2016). The frequency and duration of these marine heat waves are increasing globally, with a continuing increase expected (Oliver et al., 2018). There are some regional differences in ocean warming, but all oceans will be affected to some degree (Laufkötter et al., 2020). One of the most pronounced regional differences can be seen in the Gulf of Maine on the northeast coast of the United States. Due to its shallow, semi-enclosed geography, and the respective ocean currents, this body of water is currently warming faster than 99% of the world’s oceans, with an initial increase of the sea surface temperature of 0.03C per year between 1982 and 2013, and then an acceleration of that warming trend to 0.23°C per year between 2004 and 2012 (Pershing et al., 2015). By 2050 the Gulf of Maine is expected to warm by 1.1°C-2.4°C at the surface and 1.5-2.1°C at the bottom, depending on which warming scenario is applied to the modeling (Brickman et al., 2021). This unprecedented ocean warming is contributing to the collapse of the fishery for cod in the region, and similar impacts on the lobster fishery are likely with severe economic consequences (Nye et al., 2009; Pinsky et al., 2013; Pershing et al., 2015). Crustaceans support a worldwide industry through wild-caught and aquacultured species, thus temperature-related changes will have significant impacts on local and global economies. For example, the socioeconomic impacts of climate change (temperature and ocean acidification) on the shellfish industry in Maritime Canada, more than 80% of which is represented by the American lobster, Homarus americanus, the snow crab Chionoecetes opilio, and the northern shrimp Pandalus borealis, have been modeled at a fine scale (Wilson et al., 2020). The study shows that all Canadian provinces are vulnerable to significant impacts by climate change-caused shifts in crustacean fishery, illustrating the connection between temperature (climate change), crustaceans, and economics.","Frederich, Markus; Lancaster, Emily R.","10,12,13"
Assessment of the Impact of Pacific Inflow on Sea Surface Temperature Prior to the Freeze-Up Period over the Bering Sea,Remote Sensing,2024-01-01,16,1,,10.3390/rs16010113,ar,Article,5,2-s2.0-85181949569,,1,"Warm water inflow from the Northeast Pacific has always been considered a crucial factor in early winter freeze-up in the Bering Sea. There is a strong correlation between changes in sea surface temperature (SST) on the eastern Bering Sea shelf and sea ice area in December. However, there is still limited research on the impact of Pacific inflow on SST on the eastern Bering Sea shelf, resulting in insufficient measurements of the impact of Pacific inflow on early freeze-up. In this article, the definition of marine heatwaves (MHW) is used to extract warm events (with a threshold of the 70th percentile) and cold events (with a threshold of the 30th percentile) from the eastern Bering Sea shelf in November. Self-organizing map (SOM) technology is utilized to classify extracted cold and warm events and the mixed-layer heat budget is ultimately used to explore the factors that generate and maintain these cold and warm events. Between 1993 and 2021, a total of 12 warm and 12 cold events are extracted and their cumulative intensity is found to be strongly correlated with the interannual variation in SST by 99.8%, indicating that these warm and cold events are capable of characterizing the interannual variation in SST. Among the 12 warm events, 9 of them can be attributed to abnormal warming of seawater before November and only 3 events are attributed to warm water inflow from the Northeast Pacific. During the development of warm events, there are only two events in which the warm inflow from the Northeast Pacific has a more profound regulatory effect on warm events in November. Moreover, both generation and regulatory factors of cold events are the net air–sea heat flux. Statistics indicate that the warm water inflow from the Northeast Pacific has a limited effect on SST on the eastern Bering Sea shelf during the early freeze-up period. Changes in local SST are more influenced by the residual heat before November and by local net air–sea heat flux. However, we highlight that long-term ocean heatwaves occurring in the Northeast Pacific can enlarge the residual heat of seawater in the eastern Bering Sea shelf before November, thereby impacting early freeze-up. The frequency of such events has significantly increased in the past decade, causing notable changes in the climate and ecosystem of the Bering Sea. Therefore, it is crucial to continue closely monitoring the occurrence and development of such events in the future.","Wang, Weibo; Wang, Yu; Zhang, Junpeng; Jing, Chunsheng; Ding, Rui","1,4,5,6,9,10,11,14,16"
An Extreme Marine Heatwave Event in the Yellow Sea during Winter 2019/20: Causes and Consequences,Remote Sensing,2024-01-01,16,1,,10.3390/rs16010033,ar,Article,4,2-s2.0-85181945667,,1,"Increasing evidence has shown that marine heatwaves (MHWs) have destructive impacts on marine ecosystems, and understanding the causes of these events is beneficial for mitigating the associated adverse effects on the provision of ecosystem services. During the 2019/20 boreal winter, a long-lasting extreme MHW event was recorded (over 90 days) in the Yellow Sea (YS). Observations and numerical experiments revealed that the unprecedented winter MHW event was initiated and sustained by a significant decrease in ocean heat loss in the YS, which may be associated with the pronounced weakening of the Siberian high system induced by an extreme positive Arctic Oscillation (AO) event. A weakened northerly wind is the essential prerequisite, while the extreme AO event is only a trigger for the winter MHW in the YS. It was also found that the extreme winter MHW event is likely to substantially affect the seasonal evolution of the vertical thermal structure, which may have a great impact on the whole ecosystem in the YS. This study provides new insights for the prediction of winter MHWs in the YS, as well as their effects on marine ecosystems in a changing climate.","Yu, Haiqing; Ma, Jie; Wang, Hui; Xing, Qinwang; Jiang, Lin","9,11,12,14,15"
Northeast Pacific marine heatwaves associated with high-latitude atmospheric blocking,Environmental Research Letters,2024-01-01,19,1,,10.1088/1748-9326/ad0e35,ar,Article,3,2-s2.0-85179893143,,1,"The Northeast Pacific Ocean (NEP) is one of the hotspots of marine heatwaves (MHWs) occurring in the global ocean. The causes of MHWs in this region have been widely investigated, but the physical processes underlying heatwaves and regional climate variability remain under debate. By analyzing interannual large-scale high-latitude atmospheric dynamics and oceanic physical conditions over the NEP, we show that winter-spring sea surface temperature (SST) anomalies are strongly correlated with winter-spring atmospheric blocking events over Alaska. The occurrence of weaker westerly wind over the subarctic region over the NEP during the period of the blocking, accompanies a shallower vertical mixed layer, less southward horizontal Ekman transport, and higher SST in the upper NEP. These findings establish a linkage between high-latitude atmospheric dynamics and subarctic oceanic conditions and reveal the physical mechanisms of this connection, providing new insight into the possible causes of MHW in the NEP.","Niu, Xingfei; Chen, Yihui; Le, Chengfeng","9,14"
Anthropogenic Perturbations of Arctic Marine Microbial Community,Arctic Marine Ecotoxicology Climate Change Pollutants and their Far Reaching Effects,2024-01-01,,,317-334,10.1007/978-3-031-73584-4_15,ch,Book Chapter,0,2-s2.0-105001900419,,0,"Diverse ecosystems including the Arctic marine community provide numerous essential services to humans due to the presence plus activities of the microbial organics dwelling in it. In the cold seeps are microbial mats comprised of different populations of methane- and sulfide-oxidizing bacteria and anaerobic methane-oxidizing archaea (ANME) with sulfate-reducing bacteria (SRB), thereby ensuring the amount of methane reaching the seafloor and water column. However, periodic disturbances across the sediment–water interface influence these marine coastal sediments, thereby ensuring diversity maintenance and impacting many of the Earth’s ecosystems. These disturbances emanate from the dissipation of energetic flows of varying strengths and at differential temporal scales in the benthic boundary layer. Varied disturbances and climate change have affected these Arctic marine ecosystems and the services they provide, the well-being of humans that depend on these services, and cascading effects cum feedbacks across social-ecological systems (SES) such as when sea-ice loss that alters food security through changes in the distribution of marine animals. In furtherance, as the high variability of ice cover and temperature subsists, the frequency and magnitude of marine heatwaves tend to increase globally and disrupt the provision of ecosystem services in decades to come. Consequences of these anticipated changes will present significant challenges to coastal communities and commercial dependents of living marine resources and can exacerbate unexpected turnouts such as deterministic microbial community assembly, and promote the development of alternative stable conditions. Current investigation approaches have been strategized to the anthropogenic processes to facilitate amelioration of the challenges encountered. Thus, the identification of these cascading changes in SES can forestall surprised outcomes of these anthropogenic perturbations and facilitate revamped responses from policymakers.","Oniha, Margaret Ikhiwili","1,10,12,13"
Adaptation strategies of relatively high-latitude marginal reef corals in response to severe temperature fluctuations,Science of the Total Environment,2023-12-10,903,,,10.1016/j.scitotenv.2023.166439,ar,Article,11,2-s2.0-85169615668,37604380,0,"The large seasonal temperature fluctuations caused by global warming and frequent marine heatwaves pose new challenges to survival of relatively high-latitude marginal reef corals. However, the adaptation strategies of high-latitude marginal corals are not fully understood. We employed integrated approach to investigate the response mechanism of hosts, Symbiodiniaceae, and symbiotic bacteria of marginal reef corals Acropora pruinosa and Pavona decussate in response to large seasonal temperature fluctuations. The coral holobiont maintained a high level of immunity to adapt to seasonal pressure by increasing Symbiodiniaceae energy supply. The symbiotic Symbiodiniaceae of two coral was dominated by C1 subgroup, and was stable across seasons. The α-diversity of symbiotic bacteria P. decussata and A. pruinosa in summer was higher than that in winter. The symbiotic bacterial community of two coral reorganized during different seasons. Scleractinian corals improve adaptability to seasonal stress by increasing energy supply to maintain high levels of immunity, increasing symbiotic bacterial α-diversity, and changing dominant bacteria. This study demonstrates the adaptation strategies of marginal reef corals to seasonal temperature fluctuations and provides novel insights into the study of the adaptation of corals and relatively high-latitude coral refuges in the context of global warming and intensified marine heatwaves.","Yu, Xiaopeng; Yu, Kefu; Liao, Zhiheng; Chen, Biao; Qin, Zhenjun; Liang, Jiayuan; Gao, Xu",12
Atmospheric pathway of marine heatwaves over the Northwestern Pacific,Scientific Reports,2023-12-01,13,1,,10.1038/s41598-023-49833-4,ar,Article,12,2-s2.0-85180165404,38129479,1,"This study analyzes the influence of the Pacific–Japan (PJ) atmospheric teleconnection pattern and its interaction with oceanic processes on sea surface warming over the Northwestern Pacific. The PJ pattern is a thermally driven Rossby wave that originates over the tropical western Pacific through deep convection and propagates toward high latitudes. It plays a significant role in sea surface warming by inducing anticyclonic circulation and the corresponding northwestward extension of the subtropical high over the Northwestern Pacific. This study revealed that the key processes responsible for sea surface warming were an increase in insolation and a decrease in the ocean-to-atmosphere latent heat flux under the anticyclonic conditions driven by the PJ. This finding provides valuable insights into the role of atmospheric processes, we refer to it as the “atmospheric pathway”, in the development of East Asian marine heatwaves (MHWs). A detailed understanding of this process will contribute to the prediction and mitigation of MHWs in East Asian countries.","Noh, El; Kim, Joowan; Jun, Sang Yoon; Pak, Gyundo; Kim, Joo Hong; Kim, Hyeong Gyu",9
Projections of central Arctic summer sea surface temperatures in CMIP6,Environmental Research Letters,2023-12-01,18,12,,10.1088/1748-9326/ad0c8a,ar,Article,6,2-s2.0-85179181029,,1,"One of the most dramatic climate responses to future global warming is the near-disappearance of the perennial sea ice cover in the central Arctic Ocean, a phenomenon known as the ice-free summer Arctic. The immediate consequence of an ice-free Arctic would be the surface warming of the central Arctic Ocean, where sea surface temperatures (SSTs) used to be at freezing levels. Through an analysis of climate models participating in the climate model intercomparison project phase-6, this study demonstrates a wide range of responses in the central Arctic SSTs in August-September as a result of the projected ice-free summer Arctic. These responses vary from 0.7 to 8 °C in the shared socioeconomic pathway 2 (SSP2-4.5), referred to as the ‘middle of the road’ scenario, in which socioeconomic and technological trends do not significantly deviate from historical patterns. The extent of the central Arctic sea surface warming in August-September is found to have a loose correlation with the September sea ice extent (SIE), but a stronger connection to the SIE during spring to early summer (May-July), when incoming shortwave radiation is most intense. In certain climate models, the perennial sea ice cover disappears completely in September, causing central Arctic SSTs to rise by 5 °C-8 °C by the end of the 21st century. This leads to a bimodal distribution of annual SSTs. Further analysis reveals a close relationship between mid-summer SSTs in the central Arctic Ocean and preceding winter sea ice thickness (SIT). This underscores the significance of winter SIT in predicting future Arctic surface warming and marine heatwaves.","Han, Ju Seok; Park, Hyo Seok; Chung, Eui Seok","1,5,7,10,15"
Vertical structures of marine heatwaves,Nature Communications,2023-12-01,14,1,,10.1038/s41467-023-42219-0,ar,Article,81,2-s2.0-85174749524,37838721,1,"A marine heatwave (MHW) is typically defined as an anomalous warm event in the surface ocean, with wide-ranging impacts on marine and socio-economic systems. The surface warming associated with MHWs can penetrate into the deep ocean; however, the vertical structure of MHWs is poorly known in the global ocean. Here, we identify four main types of MHWs with different vertical structures using Argo profiles: shallow, subsurface-reversed, subsurface-intensified, and deep MHWs. These MHW types are characterized by different spatial distributions with hotspots of subsurface-reversed and subsurface-intensified MHWs at low latitudes and shallow and deep MHWs at middle-high latitudes. These vertical structures are influenced by ocean dynamical processes, including oceanic planetary waves, boundary currents, eddies, and mixing. The area and depth of all types of MHWs exhibit significant increasing trends over the past two decades. These results contribute to a better understanding of the physical drivers and ecological impacts of MHWs in a warming climate.","Zhang, Ying; Du, Yan; Feng, Ming; Hobday, Alistair J.","8,9,10,16"
Extreme and compound ocean events are key drivers of projected low pelagic fish biomass,Global Change Biology,2023-12-01,29,23,6478-6492,10.1111/gcb.16968,ar,Article,13,2-s2.0-85173725361,37815723,1,"Ocean extreme events, such as marine heatwaves, can have harmful impacts on marine ecosystems. Understanding the risks posed by such extreme events is key to develop strategies to predict and mitigate their effects. However, the underlying ocean conditions driving severe impacts on marine ecosystems are complex and often unknown as risks to marine ecosystems arise not only from hazards but also from the interactions between hazards, exposure and vulnerability. Marine ecosystems may not be impacted by extreme events in single drivers but rather by the compounding effects of moderate ocean anomalies. Here, we employ an ensemble climate-impact modeling approach that combines a global marine fish model with output from a large ensemble simulation of an Earth system model, to identify the key ocean ecosystem drivers associated with the most severe impacts on the total biomass of 326 pelagic fish species. We show that low net primary productivity is the most influential driver of extremely low fish biomass over 68% of the ocean area considered by the model, especially in the subtropics and the mid-latitudes, followed by high temperature and low oxygen in the eastern equatorial Pacific and the high latitudes. Severe biomass loss is generally driven by extreme anomalies in at least one ocean ecosystem driver, except in the tropics, where a combination of moderate ocean anomalies is sufficient to drive extreme impacts. Single moderate anomalies never drive extremely low fish biomass. Compound events with either moderate or extreme ocean conditions are a necessary condition for extremely low fish biomass over 78% of the global ocean, and compound events with at least one extreme variable are a necessary condition over 61% of the global ocean. Overall, our model results highlight the crucial role of extreme and compound events in driving severe impacts on pelagic marine ecosystems.","Le Grix, Natacha; Cheung, William L.; Reygondeau, Gabriel; Zscheischler, Jakob; Frölicher, Thomas L.","11,12,13"
Oceanic mesoscale eddies as crucial drivers of global marine heatwaves,Nature Communications,2023-12-01,14,1,,10.1038/s41467-023-38811-z,ar,Article,65,2-s2.0-85159967040,37221187,1,"Marine heatwaves (MHWs) are prolonged extreme warm water events in the ocean, exerting devastating impacts on marine ecosystems. A comprehensive knowledge of physical processes controlling MHW life cycles is pivotal to improve MHW forecast capacity, yet it is still lacking. Here, we use a historical simulation from a global eddy-resolving climate model with improved representation of MHWs, and show that heat flux convergence by oceanic mesoscale eddies acts as a dominant driver of MHW life cycles over most parts of the global ocean. In particular, the mesoscale eddies make an important contribution to growth and decay of MHWs, whose characteristic spatial scale is comparable or even larger than that of mesoscale eddies. The effect of mesoscale eddies is spatially heterogeneous, becoming more dominant in the western boundary currents and their extensions, the Southern Ocean, as well as the eastern boundary upwelling systems. This study reveals the crucial role of mesoscale eddies in controlling the global MHW life cycles and highlights that using eddy-resolving ocean models is essential, albeit not necessarily fully sufficient, for accurate MHW forecasts.","Bian, Ce; Jing, Zhao; Wang, Hong; Wu, Lixin; Chen, Zhaohui; Gan, Bolan; Yang, Haiyuan","3,9,15"
Arctic warming contributes to increase in Northeast Pacific marine heatwave days over the past decades,Communications Earth and Environment,2023-12-01,4,1,,10.1038/s43247-023-00683-y,ar,Article,26,2-s2.0-85147556754,,1,"The frequency and duration of marine heatwaves have been increasing with ocean warming due to climate change. In particular, the Northeast Pacific has experienced intense and extensive marine heatwaves since the late 1990s – characteristically called “the Blob”. Here, an investigation of satellite-derived and reanalysis data supported by idealized coupled model experiments show that Arctic warming plays an important role in the increase in Northeast Pacific marine heatwave days during boreal summers. Strong Arctic warming has acted to change the atmospheric circulation pattern over the Northeast Pacific and reduce the low-level cloud fraction from late spring to early summer. We show that the enhancement of solar radiative heat fluxes and reduced latent heat loss over a relatively large area has favored an increase in sea surface temperatures and marine heatwave days. An idealized model experiment performed here, designed to isolate the impact of Arctic warming, supports this hypothesis. The projected changes of Arctic climate on the occurrence of marine heatwaves should be considered in climate change adaptation and mitigation plans.","Song, Se Yong; Yeh, Sang Wook; Kim, Hyerim; Holbrook, Neil J.","9,10,14,15"
The marine heatwave west of Ireland in June 2023,Weather,2023-11-01,78,11,321-323,10.1002/wea.4498,ar,Article,12,2-s2.0-85176735537,,1,,"McCarthy, Gerard D.; Plecha, Sandra; Charria, Guillaume; Simon, Amélie; Poppeschi, Coline; Russo, Ana","9,14"
Summer heatwaves affect coastal Antarctic plankton metabolism and community structure,Journal of Experimental Marine Biology and Ecology,2023-10-01,567,,,10.1016/j.jembe.2023.151926,ar,Article,22,2-s2.0-85164666122,,2,"In the austral summer of 2020, record high temperatures were registered in the Western Antarctic Peninsula. This offered a unique opportunity to evaluate the effect of extreme sea surface temperature and natural heatwaves on the metabolic balance (i.e. the balance between production and respiration), lipid damage and the possible change in lipid composition of coastal Antarctic (Potter Cove, King George/25 de Mayo Island, South Shetlands) microbial communities. Two marine heatwaves, one in January and a second one in February 2020 showed mean temperatures of 1.8 °C above the 20-year climatology values. During the first heatwave, a rapid and strong (60%) decrease in microbial community biomass was observed, Criptophyceae were replaced by unidentified nanophytoflagellates and other heterotrophic groups. The community experienced an increase in heterotrophic metabolism via an increase in community respiration (CR, 12.79 mmolO2 m−3d−1) and a negative net community production (NCP, −14.9 ± 0.31 mmolO2 m−3d−1), leading to a production:respiration (P:R) rate < 1. Additionally, the most representative fatty acids (FAs: 14:0, 16:0, 18:0, 16:1ω9, 18:1ω9, 18:2ω6 and 18:3ω3) decreased, except for the monounsaturated FAs (MUFA) 16:1ω9 and 18:1 ω9, which increased during this first heatwave. In the second marine heatwave, total biomass dropped to the minimum values reported during the entire study. Here, CR was at its maximum (25.09 mmolO2 m−3d−1), but NCP was also positive (1.96 mmolO2 m−3d−1) and P:R > 1, associated with an active autotrophic community. Again, significant lipid damage, a decrease in saturated FAs and ⍵6 polyunsaturated FAs, and an increase in MUFAs occurred. This field study validates previous experimental results on changes in natural plankton composition and physiology under global warming scenarios.","Latorre, M. P.; Iachetti, C. M.; Schloss, I. R.; Antoni, J.; Malits, A.; de la Rosa, F.; De Troch, M.; Garcia, M. D.; Flores-Melo, X.; Romero, S. I.; Gil, M. N.; Hernando, M.","2,12,14"
Marine heatwaves are not a dominant driver of change in demersal fishes,Nature,2023-09-14,621,7978,324-329,10.1038/s41586-023-06449-y,ar,Article,49,2-s2.0-85169162001,37648851,2,"Marine heatwaves have been linked to negative ecological effects in recent decades 1,2. If marine heatwaves regularly induce community reorganization and biomass collapses in fishes, the consequences could be catastrophic for ecosystems, fisheries and human communities 3,4. However, the extent to which marine heatwaves have negative impacts on fish biomass or community composition, or even whether their effects can be distinguished from natural and sampling variability, remains unclear. We investigated the effects of 248 sea-bottom heatwaves from 1993 to 2019 on marine fishes by analysing 82,322 hauls (samples) from long-term scientific surveys of continental shelf ecosystems in North America and Europe spanning the subtropics to the Arctic. Here we show that the effects of marine heatwaves on fish biomass were often minimal and could not be distinguished from natural and sampling variability. Furthermore, marine heatwaves were not consistently associated with tropicalization (gain of warm-affiliated species) or deborealization (loss of cold-affiliated species) in these ecosystems. Although steep declines in biomass occasionally occurred after marine heatwaves, these were the exception, not the rule. Against the highly variable backdrop of ocean ecosystems, marine heatwaves have not driven biomass change or community turnover in fish communities that support many of the world’s largest and most productive fisheries.","Fredston, Alexa L.; Cheung, William W.L.; Frölicher, Thomas L.; Kitchel, Zoë J.; Maureaud, Aurore A.; Thorson, James T.; Auber, Arnaud; Mérigot, Bastien; Palacios-Abrantes, Juliano; Palomares, Maria Lourdes D.; Pecuchet, Laurène; Shackell, Nancy L.; Pinsky, Malin L.","12,13"
State of the climate in 2022,Bulletin of the American Meteorological Society,2023-09-01,104,9,1-516,10.1175/2023BAMSStateoftheClimate.1,re,Review,22,2-s2.0-85174280698,,1,"Earth’s global climate system is vast, complex, and intricately interrelated. Many areas are influenced by global-scale phenomena, including the “triple dip” La Niña conditions that prevailed in the eastern Pacific Ocean nearly continuously from mid-2020 through all of 2022; by regional phenomena such as the positive winter and summer North Atlantic Oscillation that impacted weather in parts the Northern Hemisphere and the negative Indian Ocean dipole that impacted weather in parts of the Southern Hemisphere; and by more localized systems such as high-pressure heat domes that caused extreme heat in different areas of the world. Underlying all these natural short-term variabilities are long-term climate trends due to continuous increases since the beginning of the Industrial Revolution in the atmospheric concentrations of Earth’s major greenhouse gases. In 2022, the annual global average carbon dioxide concentration in the atmosphere rose to 417.1±0.1 ppm, which is 50% greater than the pre-industrial level. Global mean tropospheric methane abundance was 165% higher than its pre-industrial level, and nitrous oxide was 24% higher. All three gases set new record-high atmospheric concentration levels in 2022. Sea-surface temperature patterns in the tropical Pacific characteristic of La Niña and attendant atmospheric patterns tend to mitigate atmospheric heat gain at the global scale, but the annual global surface temperature across land and oceans was still among the six highest in records dating as far back as the mid-1800s. It was the warmest La Niña year on record. Many areas observed record or near-record heat. Europe as a whole observed its second-warmest year on record, with sixteen individual countries observing record warmth at the national scale. Records were shattered across the continent during the summer months as heatwaves plagued the region. On 18 July, 104 stations in France broke their all-time records. One day later, England recorded a temperature of 40°C for the first time ever. China experienced its second-warmest year and warmest summer on record. In the Southern Hemisphere, the average temperature across New Zealand reached a record high for the second year in a row. While Australia’s annual temperature was slightly below the 1991–2020 average, Onslow Airport in Western Australia reached 50.7°C on 13 January, equaling Australia’s highest temperature on record. While fewer in number and locations than record-high temperatures, record cold was also observed during the year. Southern Africa had its coldest August on record, with minimum temperatures as much as 5°C below normal over Angola, western Zambia, and northern Namibia. Cold outbreaks in the first half of December led to many record-low daily minimum temperature records in eastern Australia. The effects of rising temperatures and extreme heat were apparent across the Northern Hemisphere, where snow-cover extent by June 2022 was the third smallest in the 56-year record, and the seasonal duration of lake ice cover was the fourth shortest since 1980. More frequent and intense heatwaves contributed to the second-greatest average mass balance loss for Alpine glaciers around the world since the start of the record in 1970. Glaciers in the Swiss Alps lost a record 6% of their volume. In South America, the combination of drought and heat left many central Andean glaciers snow free by mid-summer in early 2022; glacial ice has a much lower albedo than snow, leading to accelerated heating of the glacier. Across the global cryosphere, permafrost temperatures continued to reach record highs at many high-latitude and mountain locations. In the high northern latitudes, the annual surface-air temperature across the Arctic was the fifth highest in the 123-year record. The seasonal Arctic minimum sea-ice extent, typically reached in September, was the 11th-smallest in the 43-year record; however, the amount of multiyear ice—ice that survives at least one summer melt season—remaining in the Arctic continued to decline. Since 2012, the Arctic has been nearly devoid of ice more than four years old. In Antarctica, an unusually large amount of snow and ice fell over the continent in 2022 due to several landfalling atmospheric rivers, which contributed to the highest annual surface mass balance, 15% to 16% above the 1991–2020 normal, since the start of two reanalyses records dating to 1980. It was the second-warmest year on record for all five of the long-term staffed weather stations on the Antarctic Peninsula. In East Antarctica, a heatwave event led to a new all-time record-high temperature of −9.4°C—44°C above the March average—on 18 March at Dome C. This was followed by the collapse of the critically unstable Conger Ice Shelf. More than 100 daily low sea-ice extent and sea-ice area records were set in 2022, including two new all-time annual record lows in net sea-ice extent and area in February. Across the world’s oceans, global mean sea level was record high for the 11th consecutive year, reaching 101.2 mm above the 1993 average when satellite altimetry measurements began, an increase of 3.3±0.7 over 2021. Globally-averaged ocean heat content was also record high in 2022, while the global sea-surface temperature was the sixth highest on record, equal with 2018. Approximately 58% of the ocean surface experienced at least one marine heatwave in 2022. In the Bay of Plenty, New Zealand’s longest continuous marine heatwave was recorded. A total of 85 named tropical storms were observed during the Northern and Southern Hemisphere storm seasons, close to the 1991–2020 average of 87. There were three Category 5 tropical cyclones across the globe—two in the western North Pacific and one in the North Atlantic. This was the fewest Category 5 storms globally since 2017. Globally, the accumulated cyclone energy was the lowest since reliable records began in 1981. Regardless, some storms caused massive damage. In the North Atlantic, Hurricane Fiona became the most intense and most destructive tropical or post-tropical cyclone in Atlantic Canada’s history, while major Hurricane Ian killed more than 100 people and became the third costliest disaster in the United States, causing damage estimated at $113 billion U.S. dollars. In the South Indian Ocean, Tropical Cyclone Batsirai dropped 2044 mm of rain at Commerson Crater in Réunion. The storm also impacted Madagascar, where 121 fatalities were reported. As is typical, some areas around the world were notably dry in 2022 and some were notably wet. In August, record high areas of land across the globe (6.2%) were experiencing extreme drought. Overall, 29% of land experienced moderate or worse categories of drought during the year. The largest drought footprint in the contiguous United States since 2012 (63%) was observed in late October. The record-breaking megadrought of central Chile continued in its 13th consecutive year, and 80-year record-low river levels in northern Argentina and Paraguay disrupted fluvial transport. In China, the Yangtze River reached record-low values. Much of equatorial eastern Africa had five consecutive below-normal rainy seasons by the end of 2022, with some areas receiving record-low precipitation totals for the year. This ongoing 2.5-year drought is the most extensive and persistent drought event in decades, and led to crop failure, millions of livestock deaths, water scarcity, and inflated prices for staple food items. In South Asia, Pakistan received around three times its normal volume of monsoon precipitation in August, with some regions receiving up to eight times their expected monthly totals. Resulting floods affected over 30 million people, caused over 1700 fatalities, led to major crop and property losses, and was recorded as one of the world’s costliest natural disasters of all time. Near Rio de Janeiro, Brazil, Petrópolis received 530 mm in 24 hours on 15 February, about 2.5 times the monthly February average, leading to the worst disaster in the city since 1931 with over 230 fatalities. On 14–15 January, the Hunga Tonga-Hunga Ha’apai submarine volcano in the South Pacific erupted multiple times. The injection of water into the atmosphere was unprecedented in both magnitude—far exceeding any previous values in the 17-year satellite record—and altitude as it penetrated into the mesosphere. The amount of water injected into the stratosphere is estimated to be 146±5 Terragrams, or ∼10% of the total amount in the stratosphere. It may take several years for the water plume to dissipate, and it is currently unknown whether this eruption will have any long-term climate effect.","Blunden, Jessica; Boyer, Tim; Bartow-Gillies, Ellen; Ahmasuk, Brandon; Aldeco, Laura S.; Alexe, Mihai; Alfaro, Eric J.; Allan, Richard P.; Allgood, Adam; Alves, Lincoln M.; Amador, Jorge A.; Anderson, John; Andrade, B.; Anneville, Orlane; Aono, Yasuyuki; Arguez, Anthony; Arosio, Carlo; Atkinson, C.; Augustine, John A.; Avalos, Grinia; Azorin-Molina, Cesar; Backensto, Stacia A.; Bader, Stephan; Baez, Julian; Baiman, Rebecca; Ballinger, Thomas J.; Banwell, Alison F.; Bardin, M. Yu; Barichivich, Jonathan; Barnes, John E.; Barreira, Sandra; Beadling, Rebecca L.; Beck, Hylke E.; Becker, Emily J.; Bekele, E.; Bellido, Guillem Martín; Bellouin, Nicolas; Benedetti, Angela; Benestad, Rasmus; Berne, Christine; Berner, Logan T.; Bernhard, Germar H.; Bhatt, Uma S.; Bhuiyan, A. E.; Bigalke, Siiri; Biló, Tiago; Bissolli, Peter; Bjerke Jarle, W.; Blagrave, Kevin; Blake, Eric S.; Blenkinsop, Stephen; Bochníček, Oliver; Bock, Olivier; Bodin, Xavier; Bosilovich, Michael; Boucher, Olivier; Bozkurt, Deniz; Brettschneider, Brian; Bringas, Francis; Bringas, Francis; Buechler, Dennis; Buehler, Stefan A.; Bukunt, Brandon; Calderón, Blanca; Camargo, Suzana J.; Campbell, Jayaka; Campos, Diego; Carrea, Laura; Carter, Brendan R.; Cetinić, Ivona; Chambers, Don P.; Chan, Duo; Chandler, Elise; Chang, Kai Lan; Chen, Hua; Chen, Lin; Cheng, Lijing; Cheng, Vincent Y.S.; Chomiak, Leah; Christiansen, Hanne H.; Christy, John R.; Chung, Eui Seok; Ciasto, Laura M.; Clarke, Leonardo; Clem, Kyle R.; Clingan, Scott; Coelho, Caio A.S.; Cohen, Judah L.; Coldewey-Egbers, Melanie; Colwell, Steve; Cooper, Owen R.; Cornes, Richard C.; Correa, Kris; Costa, Felipe; Covey, Curt; Coy, Lawrence; Créatux, Jean François; Crhova, Lenka; Crimmins, Theresa; Cronin, Meghan F.; Cropper, Thomas; Crotwell, Molly; Culpepper, Joshua; Cunha, Ana P.; Cusicanqui, Diego; Datta, Rajashree T.; Davis, Sean M.; De Bock, Veerle; de Jeu, Richard A.M.; De Laat, Jos; Decharme, Bertrand; Degenstein, Doug; Delaloye, Reynald; Demircan, Mesut; Derksen, Chris; Deus, Ricardo; Dhurmea, K. R.; Diamond, Howard J.; Dirkse, S.; Divine, Dmitry; Dokulil, Martin T.; Donat, Markus G.; Dong, Shenfu; Dorigo, Wouter A.; Drost Jensen, Caroline; Druckenmiller, Matthew L.; Drumond, Paula; du Plessis, Marcel; Dugan, Hilary A.; Dulamsuren, Dashkhuu; Dunmire, Devon; Dunn, Robert J.H.; Durre, Imke; Dutton, Geoff; Duveiller, Gregory; Ekici, Mithat; Elias Chereque, Alesksandra; ElKharrim, M.; Epstein, Howard E.; Espinoza, Jhan Carlo; Estilow, Thomas W.; Estrella, Nicole; Fauchereau, Nicolas; Fausto, Robert S.; Feely, Richard A.; Fenimore, Chris; Fereday, David; Fettweis, Xavier; Fioletov, Vitali E.; Flemming, Johannes; Fogarty, Chris; Fogt, Ryan L.; Forbes, Bruce C.; Foster, Michael J.; Franz, Bryan A.; Freeman, Natalie M.; Fricker, Helen A.; Frith, Stacey M.; Froidevaux, Lucien; Frost, Gerald V.; Fuhrman, Steven; Füllekrug, Martin; Ganter, Catherine; Gao, Meng; Gardner, Alex S.; Garforth, Judith; Garg, Jay; Gerland, Sebastian; Gibbes, Badin; Gille, Sarah T.; Gilson, John; Gleason, Karin; Gobron, Nadine; Goetz, Scott J.; Goldenberg, Stanley B.; Goni, Gustavo; Goodman, Steven; Goto, Atsushi; Grooß, Jens Uwe; Gruber, Alexander; Gu, Guojun; Guard, Charles P.; Hagos, S.; Hahn, Sebastian; Haimberger, Leopold; Hall, Bradley D.; Hamlington, Benjamin D.; Hanna, Edward; Hanssen-Bauer, Inger; Harnos, Daniel S.; Harris, Ian; He, Qiong; Heim, Richard R.; Hellström, Sverker; Hemming, Deborah L.; Hendricks, Stefan; Hicks, J.; Hidalgo, Hugo G.; Hirschi, Martin; Ho, Shu Peng; Hobbs, W.; Holmes, Robert M.; Holzworth, Robert; Hrbáček, Filip; Hu, Guojie; Hu, Zeng Zhen; Huang, Boyin; Huang, Hongjie; Hurst, Dale F.; Ialongo, Iolanda; Inness, Antje; Isaksen, Ketil; Ishii, Masayoshi; Jadra, Gerardo; Jevrejeva, Svetlana; John, Viju O.; Johns, W.; Johnsen, Bjørn; Johnson, Bryan; Johnson, Gregory C.; Jones, Philip D.; Jones, Timothy; Josey, Simon A.; Jumaux, G.; Junod, Robert; Kääb, Andreas; Kabidi, K.; Kaiser, Johannes W.; Kaler, Robb S.A.; Kaleschke, Lars; Kaufmann, Viktor; Kazemi, Amin Fazl; Keller, Linda M.; Kellerer-Pirklbauer, Andreas; Kendon, Mike; Kennedy, John; Kent, Elizabeth C.; Kerr, Kenneth; Khan, Valentina; Khiem, Mai Van; Kidd, Richard; Kim, Mi Ju; Kim, Seong Joong; Kipling, Zak; Klotzbach, Philip J.; Knaff, John A.; Koppa, Akash; Korshunova, Natalia N.; Kraemer, Benjamin M.; Kramarova, Natalya A.; Kruger, Andries; Kruger, Andries; Kumar, Arun; L’Heureux, Michelle; La Fuente, Sofia; Laas, Alo; Labe, Zachary M.; Lader, Rick; Lakatos, Mónika; Lakkala, Kaisa; Lam, Hoang Phuc; Lan, Xin; Landschützer, Peter; Landsea, Chris W.; Lang, Timothy; Lankhorst, Matthias; Lantz, Kathleen O.; Lara, Mark J.; Lavado-Casimiro, Waldo; Lavers, David A.; Lazzara, Matthew A.; Leblanc, Thierry; Lee, Tsz Cheung; Leibensperger, Eric M.; Lennard, Chris; Leuliette, Eric; Leung, Kinson H.Y.; Lieser, Jan L.; Likso, Tanja; Lin, I. I.; Lindsey, Jackie; Liu, Yakun; Locarnini, Ricardo; Loeb, Norman G.; Loomis, Bryant D.; Lorrey, Andrew M.; Loyola, Diego; Lu, Rui; Lumpkin, Rick; Luo, Jing Jia; Luojus, Kari; Lyman, John M.; Maberly, Stephen C.; Macander, Matthew J.; MacFerrin, Michael; MacGilchrist, Graeme A.; MacLennan, Michelle L.; Madelon, Remi; Magee, Andrew D.; Magnin, Florence; Mamen, Jostein; Mankoff, Ken D.; Manney, Gloria L.; Marcinonienė, Izolda; Marengo, Jose A.; Marjan, Mohammadi; Martínez, Ana E.; Massom, Robert A.; Matsuzaki, Shin Ichiro; May, Linda; Mayer, Michael; Mazloff, Matthew R.; McAfee, Stephanie A.; McBride, C.; McCabe, Matthew F.; McClelland, James W.; McPhaden, Michael J.; McVicar, Tim R.; Mears, Carl A.; Meier, Walter N.; Mekonnen, A.; Menzel, Annette; Merchant, Christopher J.; Merrifield, Mark A.; Meyer, Michael F.; Meyers, Tristan; Mikolajczyk, David E.; Miller, John B.; Miralles, Diego G.; Misevicius, Noelia; Mishonov, Alexey; Mitchum, Gary T.; Moat, Ben I.; Moesinger, Leander; Moise, Aurel; Molina-Carpio, Jorge; Monet, Ghislaine; Montzka, Stephan A.; Moon, Twila A.; Moore, G. W.K.; Mora, Natali; Morán, Johnny; Morehen, Claire; Morice, Colin; Mostafa, A. E.; Mote, Thomas L.; Mrekaj, Ivan; Mudryk, Lawrence; Mühle, Jens; Müller, Rolf; Nance, David; Nash, Eric R.; Nerem, R. Steven; Newman, Paul A.; Nicolas, Julien P.; Nieto, Juan J.; Noetzli, Jeannette; Noll, Ben; Norton, Taylor; Nyland, Kelsey E.; O’Keefe, John; Ochwat, Naomi; Oikawa, Yoshinori; Okunaka, Yuka; Osborn, Timothy J.; Overland, James E.; Park, Taejin; Parrington, Mark; Parrish, Julia K.; Pasch, Richard J.; Pascual Ramírez, Reynaldo; Pellet, Cécile; Pelto, Mauri S.; Perčec Tadić, Melita; Perovich, Donald K.; Petersen, Guðrún Nína; Petersen, Kyle; Petropavlovskikh, Irina; Petty, Alek; Pezza, Alexandre B.; Pezzi, Luciano P.; Phillips, Coda; Phoenix, Gareth K.; Pierson, Don; Pinto, Izidine; Pires, Vanda; Pitts, Michael; Po-Chedley, Stephen; Pogliotti, Paolo; Poinar, Kristin; Polvani, Lorenzo; Preimesberger, Wolfgang; Price, Colin; Pulkkanen, Merja; Purkey, Sarah G.; Qiu, Bo; Quisbert, Kenny; Quispe, Willy R.; Rajeevan, M.; Ramos, Andrea M.; Randel, William J.; Rantanen, Mika; Raphael, Marilyn N.; Reagan, James; Recalde, Cristina; Reid, Phillip; Rémy, Samuel; Reyes Kohler, Alejandra J.; Ricciardulli, Lucrezia; Richardson, Andrew D.; Ricker, Robert; Robinson, David A.; Robjhon, M.; Rocha, Willy; Rodell, Matthew; Rodriguez Guisado, Esteban; Rodriguez-Fernandez, Nemesio; Romanovsky, Vladimir E.; Ronchail, Josyane; Rosencrans, Matthew; Rosenlof, Karen H.; Rösner, Benjamin; Rösner, Henrieke; Rozanov, Alexei; Rozkošný, Jozef; Rubek, Frans; Rusanovskaya, Olga O.; Rutishauser, This; Sabeerali, C. T.; Salinas, Roberto; Sánchez-Lugo, Ahira; Santee, Michelle L.; Santini, Marcelo; Sato, Katsunari; Sawaengphokhai, Parnchai; Sayouri, A.; Scambos, Theodore; Schenzinger, Verena; Schimanke, Semjon; Schlegel, Robert W.; Schmid, Claudia; Schmid, Martin; Schneider, Udo; Schreck, Carl J.; Schultz, Cristina; Segele, Z. T.; Sensoy, Serhat; Serbin, Shawn P.; Serreze, Mark C.; Setiawan, Amsari Mudzakir; Sezaki, Fumi; Sharma, Sapna; Sharp, Jonathan D.; Sheffield, Gay; Shi, Jia Rui; Shi, Lei; Shiklomanov, Alexander I.; Shiklomanov, Nikolay I.; Shimaraeva, Svetlana V.; Shukla, R.; Siegel, David A.; Silow, Eugene A.; Sima, F.; Simmons, Adrian J.; Smeed, David A.; Smith, Adam; Smith, Sharon L.; Soden, Brian J.; Sofieva, Viktoria; Souza, Everaldo; Sparks, Tim H.; Spence-Hemmings, Jacqueline; Spencer, Robert G.M.; Spillane, Sandra; Sreejith, O. P.; Srivastava, A. K.; Stackhouse, Paul W.; Stammerjohn, Sharon; Stauffer, Ryan; Steinbrecht, Wolfgang; Steiner, Andrea K.; Stella, Jose L.; Stephenson, Tannecia S.; Stradiotti, Pietro; Strahan, Susan E.; Streletskiy, Dmitry A.; Surendran, Divya E.; Suslova, Anya; Svendby, Tove; Sweet, William; Takahashi, Kiyotoshi; Takemura, Kazuto; Tank, Suzanne E.; Taylor, Michael A.; Tedesco, Marco; Thackeray, Stephen J.; Thiaw, W. M.; Thibert, Emmanuel; Thoman, Richard L.; Thompson, Andrew F.; Thompson, Philip R.; Tian-Kunze, Xiangshan; Timmermans, Mary Louise; Timofeyev, Maxim A.; Tobin, Skie; Tømmervik, Hans; Tourpali, Kleareti; Trescilo, Lidia; Tretiakov, Mikhail; Trewin, Blair C.; Triñanes, Joaquin A.; Trotman, Adrian; Truchelut, Ryan E.; Trusel, Luke D.; Tye, Mari R.; van Der, A. Ronald; van der Schalie, Robin; van der Schrier, Gerard; Van Meerbeeck, Cedric J.; van Vliet, Arnold J.H.; Vazife, Ahad; Verburg, Piet; Vernier, Jean Paul; Vimont, Isaac J.; Virts, Katrina; Vivero, Sebastián; Volkov, Denis L.; Vömel, Holger; Vose, Russell S.; Walker, Donald A.; Walsh, John E.; Wang, Bin; Wang, Hui; Wang, Muyin; Wang, Ray H.J.; Wang, Xinyue; Wanninkhof, Rik; Warnock, Taran; Weber, Mark; Webster, Melinda; Wehrlé, Adrian; Wen, Caihong; Westberry, Toby K.; Widlansky, Matthew J.; Wiese, David N.; Wild, Jeannette D.; Wille, Jonathan D.; Willems, An; Willett, Kate M.; Williams, Earle; Willis, J.; Wong, Takmeng; Wood, Kimberly M.; Woolway, Richard Iestyn; Xie, Ping Ping; Yang, Dedi; Yin, Xungang; Yin, Ziqi; Zeng, Zhenzhong; Zhang, Huai Min; Zhang, Li; Zhang, Peiqun; Zhao, Lin; Zhou, Xinjia; Zhu, Zhiwei; Ziemke, Jerry R.; Ziese, Markus; Zolkos, Scott; Zotta, Ruxandra M.; Zou, Cheng Zhi; Allen, Jessicca; Camper, Amy V.; Haley, Bridgette O.; Hammer, Gregory; Love-Brotak, S. Elizabeth; Ohlmann, Laura; Noguchi, Lukas; Riddle, Deborah B.; Veasey, Sara W.","2,10,11,16"
Atmospheric Drivers of Tasman Sea Marine Heatwaves,Journal of Climate,2023-08-01,36,15,5197-5214,10.1175/JCLI-D-22-0538.1,ar,Article,18,2-s2.0-85165785289,,0,"Marine heatwaves (MHWs) can severely impact marine biodiversity, fisheries, and aquaculture. Consequently, there is an increasing desire to understand the drivers of these events to inform their predictability so that proactive decisions may be made to reduce potential impacts. In the Tasman Sea (TS), several relatively intense and broad-scale MHWs have caused significant damage to marine fisheries and aquaculture industries. To assess the potential predictability of these events, we first determined the main driver of each MHW event in the TS from 1993 to 2021. We found that those MHWs driven by ocean advection}approximately 45% of all events}are generally longer in duration and less intense and affected a smaller area compared with the remaining 55%, which are driven by air–sea heat fluxes, are shorter in duration, and are more surface intense. As ocean advection–driven events in the TS have been closely studied and reported previously, we focus here on atmospherically driven MHWs. The predictability of these events is assessed by identifying the patterns of atmospheric pressure, winds, and air–sea heat fluxes in the Southern Hemisphere that coincide with MHWs in the Tasman Sea. We found that atmospherically driven MHWs in this region are more likely to occur during the positive phase of the asymmetric Southern Annular Mode (A-SAM)} which presents as an atmospheric zonal wave-3 pattern and is more likely to occur during La Niña years. These A-SAM events are linked to low wind speeds and increased downward solar radiation in the TS, which lead to increased surface ocean temperatures through the reduction of mixing.","Gregory, Catherine H.; Holbrook, Neil J.; Marshall, Andrew G.; Spillman, Claire M.","9,14"
A quantitative analysis of marine heatwaves in response to rising sea surface temperature,Science of the Total Environment,2023-07-10,881,,,10.1016/j.scitotenv.2023.163396,ar,Article,39,2-s2.0-85152130642,37044346,1,"It has been proven that marine heatwaves (MHWs) have increased in frequency, duration, and intensity over the past few decades, and this trend will accelerate further under continued global warming. While more intense and frequent MHWs are an expected consequence of rising sea surface temperatures (SSTs) under continued global warming, it remains unclear to what degree per Celsius warming trend of SSTs contributes to the changes in the MHW metrics. Here, we focus on how the MHW metrics evolve with the SST warming trend by using an adaptive data analysis method based on observational datasets covering the past four decades. We find that the globally averaged increasing rates of the annual MHW frequency, duration, and maximum intensity are approximately 3.7 events, 7.5 days, and 2.2° Celsius per degree Celsius of SST rise, respectively. The increasing rates for the annual MHW days and the fraction of the spatial extents to the global ocean affected by MHWs are approximately 58.8 days and 13.9 % per degree Celsius of SST rise, respectively. Based on these observational-based increasing rates and the projected SST warming from the selected Coupled Model Intercomparison Project Phase 6 (CMIP6) models, the spatial distributions of changes in annual MHW days, frequency, and cumulative intensity are projected to exhibit 2-fold, 4-fold, and 6 to 8-fold increases under the three socioeconomic pathways (i.e., SSP126, SSP245, and SSP585), respectively. The globally averaged annual MHW days will increase to approximately 224.2 ± 26.9 days, and the largest changes are projected to occur in the northeast Pacific, the North Atlantic, the south Indian Oceans, and parts of the Southern Ocean, with approximately 14.8 ± 5.7 % of the global ocean reaching a permanent MHW state by the end of the twenty-first century under SSP585.","Cheng, Yangyan; Zhang, Min; Song, Zhenya; Wang, Gang; Zhao, Chang; Shu, Qi; Zhang, Yuanling; Qiao, Fangli","10,15"
High-latitude kelps and future oceans: A review of multiple stressor impacts in a changing world,Ecology and Evolution,2023-07-01,13,7,,10.1002/ece3.10277,re,Review,14,2-s2.0-85165454890,,1,"Kelp forests worldwide are threatened by both climate change and localized anthropogenic impacts. Species with cold-temperate, subpolar, or polar distributions are projected to experience range contractions over the coming decades, which may be exacerbated by climatic events such as marine heatwaves and increased freshwater and sediment input from rapidly contracting glaciers. The northeast Pacific has an extensive history of harvesting and cultivating kelps for subsistence, commercial, and other uses, and, therefore, declines in kelp abundance and distributional shifts will have significant impacts on this region. Gaps in our understanding of how cold-temperate kelp species respond to climate stressors have limited our ability to forecast the status of kelp forests in future oceans, which hampers conservation and management efforts. Here, we conducted a structured literature review to provide a synthesis of the impacts of multiple climate-related stressors on kelp forests in the northeast Pacific, assess existing knowledge gaps, and suggest potential research priorities. We chose to focus on temperature, salinity, sediment load, and light as the stressors most likely to vary and impact kelps as climate change progresses. Our results revealed biases in the existing literature toward studies investigating the impacts of temperature, or temperature in combination with light. Other stressors, particularly salinity and sediment load, have received much less focus despite rapidly changing conditions in high-latitude regions. Furthermore, multiple stressor studies appear to focus on kelp sporophytes, and it is necessary that we improve our understanding of how kelp microstages will be affected by stressor combinations. Finally, studies that investigate the potential of experimental transplantation or selective cultivation of genotypes resilient to environmental changes are lacking and would be useful for the conservation of wild populations and the seaweed aquaculture industry.","Farrugia Drakard, Veronica; Hollarsmith, Jordan A.; Stekoll, Michael S.","12,13"
Current and projected patterns of warming and marine heatwaves in the Southern Indian Ocean,Progress in Oceanography,2023-07-01,215,,,10.1016/j.pocean.2023.103036,ar,Article,22,2-s2.0-85162252825,,2,"The Southern Indian Ocean (20–120°E, 70–30°S) hosts an exceptional biodiversity that contributed to the inscription of the French and Australian natural reserves on the UNESCO World Heritage List. This region is a “hot spot” for ocean heat uptake and already experiences intense marine heat waves (MHW), as evidenced in 2011/2012 over the Kerguelen Plateau. In the coming decades, this region is also expected to face supplemental anthropogenic warming, depending on future greenhouse gas emissions, with unknown consequences for its marine ecosystems. Here, we present a regional analysis of ocean warming and MHW based on the analyses of historical observations and Coupled Model Intercomparison Project Phase 6 (CMIP6) climate projections. Consistent with observations over the last decades, we find an intensification through the 21st century of surface warming and MHW over a band located between 40°S and 55°S within the Antarctic Circumpolar Current region. CMIP6 models also project much faster climate velocities (i.e. the speed and direction at which isotherms drift in the wake of climate change) in the mesopelagic (200–1000 m) than at the surface (0–200 m). Lastly, a comparison between the two Shared Socioeconomic Pathways (SSP1-2.6 and SSP2-4.5) analysed in this study shows much larger changes in the second half of the 21st century for the higher emission scenario. These results suggest that the subantarctic islands will probably be mostly affected by warming and MHW under both scenarios, although committing to SSP1-2.6 could substantially alleviate the pressure on ecosystems in the long term. This study also highlights the need to consider a tri-dimensional environment that may evolve at different paces when designing efficient conservation measures.","Azarian, Clara; Bopp, Laurent; Pietri, Alice; Sallée, Jean Baptiste; d'Ovidio, Francesco","3,10,14,15,16"
The 2022 summer marine heatwaves and coral bleaching in China's Greater Bay Area,Marine Environmental Research,2023-07-01,189,,,10.1016/j.marenvres.2023.106044,ar,Article,22,2-s2.0-85162179604,37321888,0,"From July to August 2022, scleractinian coral communities in China's Greater Bay Area (GBA) in the northern South China Sea (nSCS) experienced an unprecedented bleaching event, despite the fact that coral communities in this area are often considered coral thermal refugia due to their high latitude distribution. Field surveys of six sites covering three main coral distribution areas of the GBA revealed that coral bleaching occurred at all sites. Bleaching was more severe in shallow water (1–3 m) than in deep water (4–6 m), as indicated by both percent bleached cover (51.80 ± 10.04% vs. 7.09 ± 7.37%) and bleached colonies (45.86 ± 11.22% vs. 6.58 ± 6.53%). Coral genera Acropora, Favites, Montipora, Platygyra, Pocillopora, and Porites showed high susceptibility to bleaching, and Acropora and Pocillopora suffered high post-bleaching mortality. In the three areas surveyed, analysis of oceanographic data detected marine heatwaves (MHWs) during the summer, with mean intensities between 1.62 and 1.97 °C and durations between 5 and 22 days. These MHWs were primarily driven by increased shortwave radiation due to strong western Pacific Subtropical High (WPSH), combined with reduced mixing between the surface and deep upwelling waters due to reduced wind speed. Comparing with histological oceanographic data showed that the 2022 MHWs were unprecedented, and there was a significant increase in the frequency, intensity, and total days of MHWs during 1982–2022. Furthermore, the heterogeneous distribution of summer MHW characteristics indicates that the coastal upwelling may modulate the spatial distribution of summer MHWs in nSCS through its cooling effect. Overall, our study indicates that MHWs may have affected the structure of the subtropical coral communities in the nSCS, and impaired their potential as thermal refugia.","Zhao, Yu; Chen, Mingru; Chung, Tzu Hao; Chan, Leo Lai; Qiu, Jian Wen","9,10,12,14,16"
Seafloor warm water temperature anomalies impact benthic macrofauna communities of a high-Arctic cold-water fjord,Marine Environmental Research,2023-07-01,189,,,10.1016/j.marenvres.2023.106046,ar,Article,11,2-s2.0-85161617863,37295307,1,"Amid the alarming atmospheric and oceanic warming rates taking place in the Arctic, western fjords around the Svalbard archipelago are experiencing an increased frequency of warm water intrusions in recent decades, causing ecological shifts in their ecosystems. However, hardly anything is known about their potential impacts on the until recently considered stable and colder northern fjords. We analyzed macrobenthic fauna from four locations in Rijpfjorden (a high-Arctic fjord in the north of Svalbard) along its axis, sampled intermittently in the years 2003, 2007, 2010, 2013 and 2017. After a strong seafloor warm water temperature anomaly (SfWWTA) in 2006, the abundance of individuals and species richness dropped significantly across the entire fjord in 2007, together with diversity declines at the outer parts (reflected in Shannon index drops) and increases in beta diversity between inner and outer parts of the fjord. After a period of three years with stable water temperatures and higher sea-ice cover, communities recovered through recolonization processes by 2010, leading to homogenization in community composition across the fjord and less beta diversity. For the last two periods (2010-2013 and 2013-2017), beta diversity between the inner and outer parts gradually increased again, and both the inner and outer sites started to re-assemble in different directions. A few taxa began to dominate the fjord from 2010 onwards at the outer parts, translating into evenness and diversity drops. The inner basin, however, although experiencing strong shifts in abundances, was partially protected by a fjordic sill from impacts of these temperature anomalies and remained comparatively more stable regarding community diversity after the disturbance event. Our results indicate that although shifts in abundances were behind important spatio-temporal community fluctuations, beta diversity variations were also driven by the occurrence-based macrofauna data, suggesting an important role of rare taxa. This is the first multidecadal time series of soft-bottom macrobenthic communities for a high-Arctic fjord, indicating that potential periodic marine heatwaves might drive shifts in community structure, either through direct effects from thermal stress on the communities or through changes in environmental regimes led by temperature fluctuations (i.e. sea ice cover and glacial runoff, which could lead to shifts in primary production and food supply to the benthos). Although high-Arctic macrobenthic communities might be resilient to some extent, sustained warm water anomalies could lead to permanent changes in cold-water fjordic benthic systems.","Jordà-Molina, Èric; Renaud, Paul E.; Silberberger, Marc J.; Sen, Arunima; Bluhm, Bodil A.; Carroll, Michael L.; Ambrose, William G.; Cottier, Finlo; Reiss, Henning","1,12,14"
Echoes of the 2013–2015 Marine Heat Wave in the Eastern Bering Sea and Consequent Biological Responses,Journal of Marine Science and Engineering,2023-05-01,11,5,,10.3390/jmse11050958,re,Review,9,2-s2.0-85160844637,,1,"We reviewed various physical and biological manifestations of an unprecedented large-scale water temperature anomaly that emerged in the Northeast Pacific in late 2013. The anomaly dubbed “The Blob” persisted through 2014–2016, with some signs of its persistence through 2017–2018 and a possible reemergence in 2019. The tentative timeline of The Blob’s successive appearances around the Northeast Pacific is suggestive of its advection by currents around the Gulf of Alaska, along the Aleutians, into the Bering Sea, and eventually to the Bering Strait. During the initial phase of The Blob’s development in 2013–2014, advection along the Polar Front might have played a certain role. The extreme persistence and magnitude of The Blob resulted in numerous and sometimes dramatic ecosystem responses in the eastern Bering Sea. The multi-year duration of The Blob might have preconditioned the Bering Sea for the record low seasonal sea ice extent during the winter of 2017–2018 and the disappearance of the cold pool in 2016 and 2018 that profoundly affected zooplankton, invertebrates, fishes, seabirds, and marine mammals. A comparison of the time series of population responses across trophic levels suggests that The Blob lowered primary production during spring, increased production of small copepods and jellyfish, and reduced the efficiency of energy transfer to higher trophic levels. While the Bering Sea’s water temperature, seasonal sea ice, and cold pool seem to return to the long-term mean state in 2022, it remains to be seen if the Bering Sea ecosystem will completely recover. The two most likely alternative scenarios envision either irreversible changes or hysteresis recovery.","Belkin, Igor M.; Short, Jeffrey W.","1,5,9,10,11,12,14"
"Bleaching, mortality and lengthy recovery on the coral reefs of Lord Howe Island. The 2019 marine heatwave suggests an uncertain future for high-latitude ecosystems.",Plos Climate,2023-04-01,2,4,,10.1371/journal.pclm.0000080,ar,Article,13,2-s2.0-85214476632,,1,"Oceanic thermal anomalies are increasing in both frequency and strength, causing detrimental impacts to coral reef communities. Water temperatures beyond the corals optimum threshold causeing coral bleaching and mass mortality, impacting our global coral reef ecosystems, including marginal high-latitude reefs. Coral bleaching and mortality were observed at the southernmost coral reef, Lord Howe Island Marine Park, during the summer of 2019, coinciding with anomalously high sea surface temperatures across the reef system from January-April. Here we document the extent of coral impacts within the Lord Howe Island lagoonal reef and the recovery from bleaching eight-months later. Significant differences in bleaching prevalence were observed across the lagoonal coral reef, ranging from 16 to 83% across offshore and inshore reef regions and with variable onset timing. Coral mortality of up to 40% was recorded in the reef’s most severely impacted near-shore area. The four most dominant species, Stylophora pistillata, Pocillopora damicornis, Porites spp. and Seriatopora hystrix, were the most susceptible to bleaching, with all coral colonies found either bleached or dead at the most affected inshore site during and following peak heat stress. Interestingly, during the eight-months following bleaching, there was no evidence of bleaching recovery (i.e., re-establishment of symbiosis) at the offshore lagoonal site. However, there was a significant increase in the abundance of healthy coral colonies at the inshore site, suggesting the recovery of the surviving bleached corals at this site. Importantly, we found no evidence for bleaching or mortality in the Acropora spp. and minimal bleaching and no mortality in Isopora cuneata during the study period, typically highly susceptible species. Given the isolation of high-latitude reefs such as Lord Howe Island, our results highlight the importance of understanding the impacts of bleaching, mortality and bleaching recovery on coral population structure and resilience of high-latitude coral reefs.","Moriarty, Tess; Leggat, William; Heron, Scott F.; Steinberg, Rosemary; Ainsworth, Tracy D.","12,14"
Characterizing the Variability of Boundary Currents and Ocean Heat Content Around New Zealand Using a Multi-Decadal High-Resolution Regional Ocean Model,Journal of Geophysical Research Oceans,2023-04-01,128,4,,10.1029/2022JC018624,ar,Article,6,2-s2.0-85153730572,,1,"New Zealand is located in the southwest Pacific Ocean and is surrounded by a complex system of boundary currents that vary on a variety of time scales, with important impacts on weather, primary productivity, and fisheries. While various observational and modeling studies have shed light on many of the characteristics of New Zealand's ocean circulation, this study provides a comprehensive, quantitative, seamless, 3-dimensional characterization of the region's boundary current circulation and ocean heat content. We use a 28 yr long hydrodynamic model simulation that accurately represents the mean and variability of the ocean circulation to characterize and quantify the temporal and spatial variability across the region. We show that low-frequency variability in boundary current transport and upper ocean heat content are correlated over the entire New Zealand oceanic region. Oceanic eddies dominate heat content variability at intra-annual scales in the northeast of the region, while on the west and southeast coasts heat content varies predominantly at interannual scales controlled by large-scale changes in the subtropical and sub-Antarctic fronts. The model shows a significant downstream strengthening and deepening of the boundary currents off northeast New Zealand which, if confirmed by observations, could suggest a significant new understanding of this Western Boundary Current system. This study presents a region-wide characterization of the temporal and spatial variability of ocean currents and heat content, and their interconnections, providing a vital basis for understanding climate change impacts and the increasing occurrence of marine heatwaves.","Kerry, Colette; Roughan, Moninya; De Souza, Joao","3,9,10,14,15"
Characterizing global marine heatwaves under a spatio-temporal framework,Progress in Oceanography,2023-02-01,211,,,10.1016/j.pocean.2022.102947,ar,Article,27,2-s2.0-85146702928,,0,"Extreme warm water events known as Marine Heatwaves (MHWs) exert adverse impacts on ecosystems and economies. Currently, definitions of MHW events are all based on temperature timeseries at a single location, which limits the characterization of their spatial structures. In this study, we extend the definition of MHW events from the time domain to the spatio-temporal framework. The proposed definition involves constructing snapshots of MHWs with a spatially compact structure and tracking their evolution with time. The tracking is semi-Lagrangian as it tracks the MHW events rather than the water mass. A set of MHW metrics are introduced to measure the spatio-temporal characteristics of MHW events. Applying the new definition to the observational sea surface temperature dataset during 1982–2020 yields 8642 MHW events after excluding those occupying an equivalent area smaller than 5°×5° or lasting for less than five days. Longer-lasting MHW events tend to be larger in spatial extent and vice versa, whereas the intensity of MHW events is nearly independent from the duration and spatial extent. MHW events typically exhibit a growing, mature and decaying phase in sequence during their life cycles. The spatial extent and intensity reach their primes around the center of the life cycle. Many of the MHW events exhibit evident displacement during their life cycles with the zonal movement stronger than the meridional movement. Eastward movement is dominant for MHW events in the mid- and high-latitude regions but the opposite is true in the tropical ocean. In response to the anthropogenic warming, MHW events have occurred more frequently and become longer, larger and stronger.","Sun, Di; Jing, Zhao; Li, Furong; Wu, Lixin","6,7,10,15,16"
Long-term pattern changes of sea surface temperature during summer and winter due to climate change in the Korea Waters,Fisheries and Aquatic Sciences,2023-01-01,26,11,639-648,10.47853/FAS.2023.e56,ar,Article,27,2-s2.0-85178888671,,1,"The sea surface temperature (SST) and ocean heat content in the Korea Waters are gradually increased. Especially the increasing trend of annual mean SST in the Korea Water is higher about 2.6 times than the global mean during past 55 years (1968–2022). Before 2010s, the increasing trend of SST was led by winter season in the Korea Waters. However, this pattern was clearly changed after 2010s. The increasing trend of SST during summer is higher about 3.9 times than during winter after 2010s. We examine the long-term variations of several ocean and climate factors to understand the reasons for the long-term pattern changes of SST between summer and winter in recent. Tsushima warm current was significantly strengthened in summer compare to winter during past 33 years (1986–2018). The long-term patterns of Siberian High and East Asian Winter Monsoon were definitely changed before and after early-or mid-2000s. The intensities of those two climate factors was changed to the increasing trend or weakened decreasing trend from the distinctive decreasing trend. In addition, the extreme weather condition like the heat-wave days and cold spell days in the Korea significantly increased since mid-or late-2000s. From these results, we can consider that the occurrences of frequent and intensified marine heatwaves during summer and marine cold spells during winter in the Korea Waters might be related with the long-term pattern change of SST, which should be caused by the long-term change of climate factors and advection heat, in a few decade.","Han, In Seong; Lee, Joon Soo; Jung, Hae Kun","9,10,14"
Wintertime sea surface temperature variability modulated by Arctic Oscillation in the northwestern part of the East/Japan Sea and its relationship with marine heatwaves,Frontiers in Marine Science,2023-01-01,10,,,10.3389/fmars.2023.1198418,ar,Article,17,2-s2.0-85164940891,,1,"The northwestern part of the East/Japan Sea (EJS) is a region with large sea surface temperature (SST) variability and is known as a hotspot of marine heatwaves (MHW) stress for marine environments that peaked in boreal winter (January-February-March). This could have profound impacts on the marine ecosystems over the EJS. Here, we used a set of high-resolution satellite and reanalysis products to systematically analyze the spatiotemporal SST variations and examine their linkage to a large-scale mode of climate variability, such as the Arctic Oscillation (AO). The results show that AO-related wind forcing modulates the SST variability over the EJS via the oceanic dynamic adjustment processes. In particular, the abnormally warm SSTs in the northwestern part of the EJS are driven by the anomalous anticyclonic eddy-like circulation and Ekman downwelling during a positive AO phase. This physical linkage between a positive AO and the abnormally warm SST could be conducive to MHW occurrences in the EJS as in the extremely positive AO event during the winter of 2020. These results have implications that the MHW occurrences in the EJS could be amplified by natural climate variability along with long-term SST warming.","Song, Se Yong; Kim, Yoo Jun; Lee, Eun Joo; Yeh, Sang Wook; Park, Jae Hun; Park, Young Gyu","9,10,14,16"
Hotspots and drivers of compound marine heatwaves and low net primary production extremes,Biogeosciences,2022-12-16,19,24,5807-5835,10.5194/bg-19-5807-2022,ar,Article,39,2-s2.0-85145565741,,1,"Extreme events can severely impact marine organisms and ecosystems. Of particular concern are multivariate compound events, namely when conditions are simultaneously extreme for multiple ocean ecosystem stressors. In 2013-2015 for example, an extensive marine heatwave (MHW), known as the Blob, co-occurred locally with extremely low net primary productivity (NPPX) and negatively impacted marine life in the northeast Pacific. Yet, little is known about the characteristics and drivers of such multivariate compound MHW-NPPX events. Using five different satellite-derived net primary productivity (NPP) estimates and large-ensemble-simulation output of two widely used and comprehensive Earth system models, the Geophysical Fluid Dynamics Laboratory (GFDL) ESM2M-LE and Community Earth System Model version 2 (CESM2-LE), we assess the present-day distribution of compound MHW-NPPX events and investigate their potential drivers on the global scale. The satellite-based estimates and both models reveal hotspots of frequent compound events in the center of the equatorial Pacific and in the subtropical Indian Ocean, where their occurrence is at least 3 times higher (more than 10 d yr-1) than if MHWs (temperature above the seasonally varying 90th-percentile threshold) and NPPX events (NPP below the seasonally varying 10th-percentile threshold) were to occur independently. However, the models show disparities in the northern high latitudes, where compound events are rare in the satellite-based estimates and GFDL ESM2M-LE (less than 3 d yr-1) but relatively frequent in CESM2-LE. In the Southern Ocean south of 60 S, low agreement between the observation-based estimates makes it difficult to determine which of the two models better simulates MHW-NPPX events. The frequency patterns can be explained by the drivers of compound events, which vary among the two models and phytoplankton types. In the low latitudes, MHWs are associated with enhanced nutrient limitation on phytoplankton growth, which results in frequent compound MHW-NPPX events in both models. In the high latitudes, NPPX events in GFDL ESM2M-LE are driven by enhanced light limitation, which rarely co-occurs with MHWs, resulting in rare compound events. In contrast, in CESM2-LE, NPPX events in the high latitudes are driven by reduced nutrient supply that often co-occurs with MHWs, moderates phytoplankton growth, and causes biomass to decrease. Compound MHW-NPPX events are associated with a relative shift towards larger phytoplankton in most regions, except in the eastern equatorial Pacific in both models, as well as in the northern high latitudes and between 35 and 50 S in CESM2-LE, where the models suggest a shift towards smaller phytoplankton, with potential repercussions on marine ecosystems. Overall, our analysis reveals that the likelihood of compound MHW-NPPX events is contingent on model representation of the factors limiting phytoplankton production. This identifies an important need for improved process understanding in Earth system models used for predicting and projecting compound MHW-NPPX events and their impacts.","Le Grix, Natacha; Zscheischler, Jakob; Rodgers, Keith B.; Yamaguchi, Ryohei; Frölicher, Thomas L.","11,12,15,16"
Compound marine heatwaves and ocean acidity extremes,Nature Communications,2022-12-01,13,1,,10.1038/s41467-022-32120-7,ar,Article,97,2-s2.0-85136042587,35973999,1,"Compound MHW-OAX events, during which marine heatwaves (MHWs) co-occur with ocean acidity extreme (OAX) events, can have larger impacts on marine ecosystems than the individual extremes. Using monthly open-ocean observations over the period 1982–2019, we show that globally 1.8 in 100 months (or about one out of five present-day MHW months) are compound MHW-OAX event months under a present-day baseline, almost twice as many as expected for 90th percentile extreme event exceedances if MHWs and OAX events were statistically independent. Compound MHW-OAX events are most likely in the subtropics (2.7 in 100 months; 10°−40° latitude) and less likely in the equatorial Pacific and the mid-to-high latitudes (0.7 in 100 months; >40° latitude). The likelihood pattern results from opposing effects of temperature and dissolved inorganic carbon on [H+]. The likelihood is higher where the positive effect on [H+] from increased temperatures during MHWs outweighs the negative effect on [H+] from co-occurring decreases in dissolved inorganic carbon. Daily model output from a large-ensemble simulation of an Earth system model is analyzed to assess changes in the MHW-OAX likelihood under climate change. The projected long-term mean warming and acidification trends have the largest effect on the number of MHW-OAX days per year, increasing it from 12 to 265 days per year at 2 °C global warming relative to a fixed pre-industrial baseline. Even when long-term trends are removed, an increase in [H+] variability leads to a 60% increase in the number of MHW-OAX days under 2 °C global warming. These projected increases may cause severe impacts on marine ecosystems.","Burger, Friedrich A.; Terhaar, Jens; Frölicher, Thomas L.","11,15,16"
Unravelling seasonal trends in coastal marine heatwave metrics across global biogeographical realms,Scientific Reports,2022-12-01,12,1,,10.1038/s41598-022-11908-z,ar,Article,41,2-s2.0-85129933625,35545696,1,"Marine heatwaves (MHWs) can cause dramatic changes to ecologically, culturally, and economically important coastal ecosystems. To date, MHW studies have focused on geographically isolated regions or broad-scale global oceanic analyses, without considering coastal biogeographical regions and seasons. However, to understand impacts from MHWs on diverse coastal communities, a combined biogeographical-seasonal approach is necessary, because (1) bioregions reflect community-wide temperature tolerances and (2) summer or winter heatwaves likely affect communities differently. We therefore carried out season-specific Theil–Sen robust linear regressions and Pettitt change point analyses from 1982 to 2021 on the number of events, number of MHW days, mean intensity, maximum intensity, and cumulative intensity of MHWs, for each of the world’s 12 major coastal biogeographical realms. We found that 70% of 240 trend analyses increased significantly, 5% decreased and 25% were unaffected. There were clear differences between trends in metrics within biogeographical regions, and among seasons. For the significant increases, most change points occurred between 1998 and 2006. Regression slopes were generally positive across MHW metrics, seasons, and biogeographical realms as well as being highest after change point detection. Trends were highest for the Arctic, Northern Pacific, and Northern Atlantic realms in summer, and lowest for the Southern Ocean and several equatorial realms in other seasons. Our analysis highlights that future case studies should incorporate break point changes and seasonality in MHW analysis, to increase our understanding of how future, more frequent, and stronger MHWs will affect coastal ecosystems.","Thoral, François; Montie, Shinae; Thomsen, Mads S.; Tait, Leigh W.; Pinkerton, Matthew H.; Schiel, David R.","10,14,16"
"The Baltic Sea Model Intercomparison Project (BMIP)-a platform for model development, evaluation, and uncertainty assessment",Geoscientific Model Development,2022-11-25,15,22,8613-8638,10.5194/gmd-15-8613-2022,ar,Article,15,2-s2.0-85144467385,,1,"While advanced computational capabilities have enabled the development of complex ocean general circulation models (OGCMs) for marginal seas, systematic comparisons of regional ocean models and their setups are still rare. The Baltic Sea Model Intercomparison Project (BMIP), introduced herein, was therefore established as a platform for the scientific analysis and systematic comparison of Baltic Sea models. The inclusion of a physically consistent regional reanalysis data set for the period 1961-2018 allows for standardized meteorological forcing and river runoff. Protocols to harmonize model outputs and analyses are provided as well. An analysis of six simulations performed with four regional OGCMs differing in their resolution, grid coordinates, and numerical methods was carried out to explore intermodel differences despite harmonized forcing. Uncertainties in the modeled surface temperatures were shown to be larger at extreme than at moderate temperatures. In addition, a roughly linear increase in the temperature spread with increasing water depth was determined and indicated larger uncertainties in the near-bottom layer. On the seasonal scale, the model spread was larger in summer than in winter, likely due to differences in the models' thermocline dynamics. In winter, stronger air-sea heat fluxes and vigorous convective and wind mixing reduced the intermodel spread. Uncertainties were likewise reduced near the coasts, where the impact of meteorological forcing was stronger. The uncertainties were highest in the Bothnian Sea and Bothnian Bay, attributable to the differences between the models in the seasonal cycles of sea ice triggered by the ice-Albedo feedback. However, despite the large spreads in the mean climatologies, high interannual correlations between the sea surface temperatures (SSTs) of all models and data derived from a satellite product were determined. The exceptions were the Bothnian Sea and Bothnian Bay, where the correlation dropped significantly, likely related to the effect of sea ice on air-sea heat exchange. The spread of water salinity across the models is generally larger compared to water temperature, which is most obvious in the long-Term time series of deepwater salinity. The inflow dynamics of saline water from the North Sea is covered well by most models, but the magnitude, as inferred from salinity, differs as much as the simulated mean salinity of deepwater. Marine heat waves (MHWs), coastal upwelling, and stratification were also assessed. In all models, MHWs were more frequent in shallow areas and in regions with seasonal ice cover. An increase in the frequency (regionally varying between 1/450% and 250%) and duration (50%-150%) of MHWs during the last 3 decades in all models was found as well. The uncertainties were highest in the Bothnian Bay, likely due to the different trends in sea ice presence. All but one of the analyzed models overestimated upwelling frequencies along the Swedish coast, the Gulf of Finland, and around Gotland, while they underestimated upwelling in the Gulf of Riga. The onset and seasonal cycle of thermal stratification likewise differed among the models. Compared to observation-based estimates, in all models the thermocline in early spring was too deep, whereas a good match was obtained in June when the thermocline intensifies.","Gröger, Matthias; Placke, Manja; Meier, H. E.Markus; Börgel, Florian; Brunnabend, Sandra Esther; Dutheil, Cyril; Gräwe, Ulf; Hieronymus, Magnus; Neumann, Thomas; Radtke, Hagen; Schimanke, Semjon; Su, Jian; Väli, Germo","5,6,9,10,14,15,16"
Shield wall: Kelps are the last stand against corals in tropicalized reefs,Functional Ecology,2022-10-01,36,10,2445-2455,10.1111/1365-2435.14141,ar,Article,8,2-s2.0-85134236305,,1,"Communities inhabiting biogeographic transition zones are shifting in composition as a result of progressive warming and heatwaves. In the marine environment, corals are expanding onto higher latitude reefs historically dominated by temperate kelp forests, initiating a shift towards warm affinity coral-dominated states. Although these coral expansions are a global phenomenon, the mechanisms that are underpinning the expansion process remain poorly understood, which limits the projections of the rate and extent of ecosystem reconfiguration. Here, we investigated the interaction between the kelp Ecklonia radiata and the high latitude scleractinian coral Plesiastrea versipora in several of Western Australia's temperate reefs, where coral colony abundance has increased by 50% in recent years. Combining field surveys with field and laboratory experiments, we test the importance of physical (abrasion and light reduction) and chemical (allelopathic) effects of kelp canopies on coral tissue cover, photosynthetic parameters and calcification rates. In the field, kelp cover had a negative effect on coral density that was overwhelming in comparison to other dominant macroalgal taxa. Abrasion by kelp whiplash was the predominant mechanism by which kelp exerted a negative effect on P. versipora fitness, scraping up to 80% of live coenosarc from experimental colonies. In contrast, canopies had no effects on P. versipora photochemical efficiency and laboratory incubations showed that there were no allelochemical effects from kelp on P. versipora. We conclude that E. radiata inhibits P. versipora establishment and development through abrasion, and the survey data confirmed that recent climate-driven kelp loss released corals from this effect, facilitating their expansion on high-latitude reefs in Western Australia. This shows how competitive interactions actively shield against species expansion in biogeographic transition zones and suggests a continued decline of kelp canopies will increase the permeability of temperate reefs to warm affinity species such as scleractinian corals. Read the free Plain Language Summary for this article on the Journal blog.","de Vargas Ribeiro, Felipe; Pessarrodona, Albert; Tucket, Chenae; Mulders, Yannick; Pereira, Renato Crespo; Wernberg, Thomas",12
Microscopic Stages of North Atlantic Laminaria digitata (Phaeophyceae) Exhibit Trait-Dependent Thermal Adaptation Along Latitudes,Frontiers in Marine Science,2022-06-17,9,,,10.3389/fmars.2022.870792,ar,Article,8,2-s2.0-85133610501,,1,"Kelp forests in the North Atlantic are at risk of decline at their warm temperature distribution margins due to anthropogenic temperature rise and more frequent marine heat waves. To investigate the thermal adaptation of the cold-temperate kelp Laminaria digitata, we sampled six populations, from the Arctic to Brittany (Spitsbergen, Tromsø, Bodø [all Norway], Helgoland [Germany], Roscoff and Quiberon [both France]), across the species’ entire distribution range, spanning 31.5° latitude and 12-13°C difference in mean summer sea surface temperature. We used pooled vegetative gametophytes derived from several sporophytes to approximate the genetic diversity of each location. Gametophytes were exposed to (sub-) lethal high (20-25°C) and (sub-) optimal low (0-15°C) temperature gradients in two full-factorial, common-garden experiments, subjecting subsets of populations from different origins to the same conditions. We assessed survival of gametophytes, their ability to develop microscopic sporophytes, and subsequent growth. We hypothesized that the thermal performance of gametophytes and microscopic sporophytes corresponds to their local long-term thermal history. Integrated gametophyte survival revealed a uniform upper survival temperature (UST) of 24°C among five tested populations (Tromsø to Quiberon). In contrast, following two weeks of thermal priming of gametophytes at 20-22°C, sporophyte formation at 15°C was significantly higher in southern populations (Quiberon and Roscoff) compared to the high-latitude population of Tromsø. Between 0-15°C, survival of the Arctic population (Spitsbergen) was negatively correlated with increasing temperatures, while the southern-most population (Quiberon) showed the opposite. Thus, responses of survival at low, and sporophyte formation at high temperatures, support the concept of local adaption. On the other hand, sporophyte formation between 0-15°C peaked at 6-9°C in the Quiberon and at 9-12°C in the Spitsbergen population. Sporophyte growth rates (GR) both in length and width were similar for Spitsbergen, Tromsø and Quiberon; all had maximum GRs at 12-15°C and low GRs at 0-6°C. Therefore, responses of sporophyte formation and growth at low temperatures do not reflect ecotypic adaptation. We conclude that L. digitata populations display trait-dependent adaptation, partly corresponding to their local temperature histories and partly manifesting uniform or unpredictable responses. This suggests differential selection pressures on the ontogenetic development of kelps such as L. digitata.","Schimpf, Nele M.; Liesner, Daniel; Franke, Kiara; Roleda, Michael Y.; Bartsch, Inka","10,12"
Marine heatwaves impair the thermal refugia potential of marginal reefs in the northern South China Sea,Science of the Total Environment,2022-06-15,825,,,10.1016/j.scitotenv.2022.154100,ar,Article,42,2-s2.0-85125448502,35218829,0,"Frequent marine heatwaves (MHWs), concurrent with climate warming, threaten global low-latitude, pristine coral reefs, leading to growing interest in identifying marginal coral reefs (relatively high-latitude and/or turbid reef environments) that can serve as thermal refugia from mass coral bleaching. However, the thermal refugia potential of marginal reefs remains controversial. We evaluated the thermal refugia potential of inshore reefs in the northern South China Sea (nSCS), a globally typical marginal reef system, by characterizing the long-term trend of MHW intensity and frequency and assessing thermal stress during a mass bleaching event in summer 2020. An unprecedented peak intensity of around 20 °C-weeks of cumulative heat stress, associated with a prolonged anomalous western Pacific subtropical high (WPSH) and weakened monsoon activity, induced record-breaking bleaching. The geographical variability of bleaching was strongly related to the extent of heat exposure and satellite-derived temperature anomalies. Under ongoing global warming, the frequency and intensity of MHWs over nSCS coral habitats show a markedly increasing trend, especially during the last decade. Intense MHWs and coral bleaching have already occurred throughout all El Niño-Southern Oscillation (ENSO) phases (e.g., 2010, 2015, and 2020). Climate change has pushed marginal coral reefs to or beyond the limits of their resilience, and frequent MHW events have amplified the increasing risk of thermal stress. There are no long-term thermal refugia for marginal reefs in the nSCS.","Mo, Shaohua; Chen, Tianran; Chen, Zesheng; Zhang, Wenjing; Li, Shu","10,12,14,16"
A Song of Wind and Ice: Increased Frequency of Marine Cold-Spells in Southwestern Patagonia and Their Possible Effects on Giant Kelp Forests,Journal of Geophysical Research Oceans,2022-06-01,127,6,,10.1029/2021JC017801,ar,Article,16,2-s2.0-85133367424,,1,"In contrast to other coastal regions of the world, the giant kelp (Macrocystis pyrifera) ecosystem in southwestern Patagonia has been persistent in area and associated biodiversity in the last decades. In this ecoregion, sea surface temperature (SST) records have consistently remained below the upper thermal threshold for kelp survival, however, no studies have analyzed the spatiotemporal variability of SSTs and their anomalies across the geographical diversity of the southwestern Patagonian coastline. We explored the geographical distribution of extreme warm and cold events in this region from latitudes 47°–56°S in a range of ∼1,000 km, identifying the dates and spatial distribution of marine heatwaves (MHWs) and marine cold-spells (MCSs) from 1982 to 2020. Results show that a peak in the number of MHWs occurred in the great El Niño year of 1998. Additionally, the 2014–2019 period has had more severe and extreme MCSs than the previous decades. We discuss the origin of these events with a focus on three main processes: (a) geographically constrained cold events caused by glacier melting, (b) regional cold events caused by extreme winds linked to the position of the polar front, and (c) extensive SST anomalies linked to planetary-scale events such as El Niño and La Niña. Overall, those processes were conductive to counteract global warming trends locally/regionally, highlighting southwestern Patagonia as a possible climatic refugium for the giant kelp ecosystem. Despite this, the effects of freshwater inputs and storm turbulence on the exposed coasts facing the Southern Ocean may cause new kinds of stress on this ecosystem.","Mora-Soto, A.; Aguirre, C.; Iriarte, J. L.; Palacios, M.; Macaya, E. C.; Macias-Fauria, M.","3,9,12,14,16"
Global chlorophyll responses to marine heatwaves in satellite ocean color,Environmental Research Letters,2022-06-01,17,6,,10.1088/1748-9326/ac70ec,ar,Article,68,2-s2.0-85132234304,,1,"Marine heatwaves (MHWs), prolonged ocean temperature extremes, have been enhanced by global warming in recent decades. More intense and longer MHWs have increasingly negative impacts on marine organisms that threaten their resilience of marine ecosystems. In this study, we investigated global marine phytoplankton biomass (chlorophyll) estimated by satellite ocean color and its response to MHWs on global and regional scales. We find that MHWs typically decreases chlorophyll concentrations in the tropics and mid-latitudes, with increases at high latitudes. The magnitude of chlorophyll responses to MHWs is increased in response to higher intensity and longer duration of MHWs. We find a change in the response from negative to positive chlorophyll responses to MHWs across the 40°-50° latitude bands in both hemispheres where the strongest meridional gradient in nitrate concentration exists. In these response-changing regions, the latitudinal contrast of the chlorophyll response is more distinctive in the warm season rather than in the cold season because of the shallower climatological mixed layer. The present study highlights the global phytoplankton responses to MHWs and their sensitivity to MHWs properties that imply the importance of upper-ocean interactions between phytoplankton and the mixed-layer.","Noh, Kyung Min; Lim, Hyung Gyu; Kug, Jong Seong","9,12,16"
Seagrass Thermal Limits and Vulnerability to Future Warming,Frontiers in Marine Science,2022-05-27,9,,,10.3389/fmars.2022.860826,ar,Article,43,2-s2.0-85132567679,,1,"Seagrasses have experienced major losses globally mostly attributed to human impacts. Recently they are also associated with marine heat waves. The paucity of information on seagrass mortality thermal thresholds prevents the assessment of the risk of seagrass loss under marine heat waves. We conducted a synthesis of reported empirically- or experimentally-determined seagrass upper thermal limits (Tlimit) and tested the hypothesis that they increase with increasing local annual temperature. We found that Tlimit increases 0.42± 0.07°C per°C increase in in situ annual temperature (R2 = 0.52). By combining modelled seagrass Tlimit across global coastal areas with current and projected thermal regimes derived from an ocean reanalysis and global climate models (GCMs), we assessed the proximity of extant seagrass meadows to their Tlimit and the time required for Tlimit to be met under high (RCP8.5) and moderate (RCP4.5) emission scenarios of greenhouse gases. Seagrass meadows worldwide showed a modal difference of 5°C between present Tmax and seagrass Tlimit. This difference was lower than 3°C at the southern Red Sea, the Arabian Gulf, the Gulf of Mexico, revealing these are the areas most in risk of warming-derived seagrass die-off, and up to 24°C at high latitude regions. Seagrasses could meet their Tlimit regularly in summer within 50-60 years or 100 years under, respectively, RCP8.5 or RCP4.5 scenarios for the areas most at risk, to more than 200 years for the Arctic under both scenarios. This study shows that implementation of the goals under the Paris Agreement would safeguard much of global seagrass from heat-derived mass mortality and identifies regions where actions to remove local anthropogenic stresses would be particularly relevant to meet the Target 10 of the Aichi Targets of the Convention of the Biological Diversity.","Marbà, Núria; Jordà, Gabriel; Bennett, Scott; Duarte, Carlos M.","10,12"
Local Drivers of Marine Heatwaves: A Global Analysis With an Earth System Model,Frontiers in Climate,2022-05-03,4,,,10.3389/fclim.2022.847995,ar,Article,55,2-s2.0-85130336694,,1,"Marine heatwaves (MHWs) are periods of extreme warm ocean temperatures that can have devastating impacts on marine organisms and socio-economic systems. Despite recent advances in understanding the underlying processes of individual events, a global view of the local oceanic and atmospheric drivers of MHWs is currently missing. Here, we use daily-mean output of temperature tendency terms from a comprehensive fully coupled coarse-resolution Earth system model to quantify the main local processes leading to the onset and decline of surface MHWs in different seasons. The onset of MHWs in the subtropics and mid-to-high latitudes is primarily driven by net ocean heat uptake associated with a reduction of latent heat loss in all seasons, increased shortwave heat absorption in summer and reduced sensible heat loss in winter, dampened by reduced vertical mixing from the non-local portion of the K-Profile Parameterization boundary layer scheme (KPP) especially in summer. In the tropics, ocean heat uptake is reduced and lowered vertical local mixing and diffusion cause the warming. In the subsequent decline phase, increased ocean heat loss to the atmosphere due to enhanced latent heat loss in all seasons together with enhanced vertical local mixing and diffusion in the high latitudes during summer dominate the temperature decrease globally. The processes leading to the onset and decline of MHWs are similar for short and long MHWs, but there are differences in the drivers between summer and winter. Different types of MHWs with distinct driver combinations are identified within the large variability among events. Our analysis contributes to a better understanding of MHW drivers and processes and may therefore help to improve the prediction of high-impact marine heatwaves.","Vogt, Linus; Burger, Friedrich A.; Griffies, Stephen M.; Frölicher, Thomas L.","9,15"
Range-Wide Comparison of Gray Whale Body Condition Reveals Contrasting Sub-Population Health Characteristics and Vulnerability to Environmental Change,Frontiers in Marine Science,2022-04-19,9,,,10.3389/fmars.2022.867258,ar,Article,41,2-s2.0-85129519975,,1,"Climate change is a global phenomenon, yet impacts on resource availability to predators may be spatially and temporally diverse and asynchronous. As capital breeders, whales are dependent on dense, predictable prey resources during foraging seasons. An Unusual Mortality Event (UME) of Eastern North Pacific (ENP) gray whales (Eschrichtius robustus) was declared in 2019 due to a dramatic rise in stranded animals, many emaciated. Climate change impacts may have affected prey availability on the primary foraging grounds of ENP gray whales (~20,000 individuals) in the Arctic and sub-Arctic region and in coastal habitats between northern California, USA and British Columbia, Canada where a small sub-group of ENP whales called the Pacific Coast Feeding Group (PCFG; ~230 individuals) forages. To investigate variability of gray whale body condition relative to changing ocean conditions, we compare two datasets of gray whale aerial photogrammetry images collected via Unoccupied Aircraft Systems (UAS) on the ENP wintering grounds in San Ignacio Lagoon, Mexico (SIL; n=111) and on the PCFG feeding grounds in Oregon, USA (n=72) over the same three-year period (2017–2019). We document concurrent body condition improvement of PCFG whales in Oregon while body condition of whales in SIL declined. This result indicates that the UME may have affected ENP whales due to reduced energetic gain on some Arctic/sub-Arctic foraging grounds, while PCFG whales are recovering from poor prey conditions during the NE Pacific marine heatwave event of 2014–2016. Surprisingly, we found that PCFG whales in Oregon had significantly worse body condition than whales in SIL, even when accounting for year and phenology. We derive support for this unexpected finding via photogrammetry analysis of opportunistic aerial images of gray whales on Arctic foraging grounds (n=18) compared to PCFG whales in Oregon (n=30): the body condition of PCFG whales was significantly lower (t=2.96, p=0.005), which may cause PCFG whales to have reduced reproductive capacity or resilience to environmental perturbations compared to ENP whales. Overall, our study elucidates divergent gray whale body condition across sub-groups and time, and we demonstrate the value of UAS to effectively monitor and identify the physiological response of whales to climate change.","Torres, Leigh G.; Bird, Clara N.; Rodríguez-González, Fabian; Christiansen, Fredrik; Bejder, Lars; Lemos, Leila; Urban R, Jorge; Swartz, Steven; Willoughby, Amy; Hewitt, Joshua; Bierlich, K. C.","10,12,13,14,16"
Marine Heatwaves Characteristics in the Barents Sea Based on High Resolution Satellite Data (1982–2020),Frontiers in Marine Science,2022-03-16,9,,,10.3389/fmars.2022.821646,ar,Article,49,2-s2.0-85127559153,,1,"Marine heatwaves (MHWs) can potentially alter ocean ecosystems with far-reaching ecological and socio-economic consequences. This study investigates the spatiotemporal evolution of the main MHW characteristics in the Barents Sea using high-resolution (0.25° × 0.25°) daily Sea Surface Temperature (SST) data from 1982 to 2020. The results reveal that the Barents Sea has experienced accelerated warming and several more MHWs in recent decades. Since 2004, an amplified increasing SST trend was observed across the entire Barents Sea, with a spatially averaged SST trend of 0.25 ± 0.18°C/decade and 0.58 ± 0.21°C/decade for the northern and southern Barents Sea, respectively. The annual mean MHW frequency, days, and duration over the entire Barents Sea increased by, respectively, 62, 73, and 31% from the pre- to the post-2004 period. More than half of all MHW days occurred in the last decade (2011–2020). The most intense MHW event occurred in summer 2016, which was also the warmest year during the study period. In general, the annual mean MHW frequency was relatively high in the northern Barents Sea, while the intensity and duration were higher in the southern Barents Sea. The highest annual MHW intensity and duration were observed in 2016, 2013, and 2020, respectively, while the highest annual MHW frequency was found in 2016. For the entire Barents Sea, the annual MHW frequency and duration increased significantly (p < 0.05) over the whole study period, with a trend of, respectively, 1.0 ± 0.4 events/decade, which is a doubling of the global average, and 2.4 ± 1.3 days/decade. In terms of the influence of climate variability on MHW characteristics, our findings revealed that the Eastern Atlantic Pattern (EAP) plays a significant role in controlling MHW characteristics, whereas the North Atlantic Oscillation (NAO) has no significant relationship. Sea ice concentrations were found to have a significant negative correlation with MHW characteristics. Strong positive correlations were observed between SST, surface air temperature, and MHW frequency, implying that as global warming continues, we can expect continued rising in MHW frequencies and days in the Barents Sea with huge implications for the ocean ecosystem.","Mohamed, Bayoumy; Nilsen, Frank; Skogseth, Ragnheid","1,5,7,9,10,14,16"
Physiological acclimatization in high-latitude zooplankton,Molecular Ecology,2022-03-01,31,6,1753-1765,10.1111/mec.16354,ar,Article,10,2-s2.0-85124515136,35048451,0,"How individual organisms adapt to nonoptimal conditions through physiological acclimatization is central to predicting the consequences of unusual abiotic and biotic conditions such as those produced by marine heat waves. The Northeast Pacific, including the Gulf of Alaska, experienced an extreme warming event (2014–2016, “The Blob”) that affected all trophic levels and led to large-scale changes in the community. The marine copepod Neocalanus flemingeri is a key member of the subarctic Pacific pelagic ecosystem. During the spring phytoplankton bloom this copepod builds substantial lipid stores as it prepares for its nonfeeding adult phase. A 3-year comparison of gene expression profiles of copepods collected in Prince William Sound in the Gulf of Alaska between 2015 and 2017 included two high-temperature years (2015 and 2016) and one year with very low phytoplankton abundances (2016). The largest differences in gene expression were between high and low chlorophyll years, and not between warm and cool years. The observed gene expression patterns were indicative of physiological acclimatization. The predominant signal in 2016 was the down-regulation of genes involved in glycolysis and its incoming pathways, consistent with the modulation of metabolic rates in response to prolonged low food conditions. Despite the down-regulation of genes involved in metabolism, there was no evidence of suppression of protein synthesis based on gene expression or behavioural activity. Genes involved in muscle function were up-regulated, and the copepods were actively swimming and responsive to stimuli at collection. However, genes involved in fatty acid metabolism were down-regulated in 2016, suggesting reduced lipid accumulation.","Roncalli, Vittoria; Niestroy, Jeanette; Cieslak, Matthew C.; Castelfranco, Ann M.; Hopcroft, Russell R.; Lenz, Petra H.","12,14"
Long term variation and projection of ocean circulation e,Climate Change Research,2022-01-30,18,1,19-30,10.12006/j.issn.1673-1719.2021.230,ar,Article,1,2-s2.0-85129544652,,0,"IPCC AR6 was formally approved at the 14th joint session of Working Group I of the IPCC and accepted by the 54st session of the IPCC on August 2021. Assessment content related to the ocean circulation of chapter 9 “Ocean, cryosphere and sea level change” is synthesized in this paper. Compared to the former IPCC reports, AR6 further confirmed the influence of human activities on ocean circulation, and provided the projected results based on the newest numerical simulations. AR6 pointed out that, surface salinity contrasts are increasing (virtually certain), and fresh ocean regions will continue to get fresher and salty ocean regions will continue to get saltier in the 21st century (medium confidence). The upper ocean has stably stratified since at least 1970 over the vast majority of the globe (virtually certain), and the upper ocean stratification is projected to increase (virtually certain) while the mixed layer depth is projected to mostly shoal under high emissions scenarios (low confidence). The frequency of marine heatwaves has doubled since the 1980s (high confidence) and the duration has become longer (medium confidence), furthermore the projection shows such trend will continue. Of the four eastern boundary upwelling systems (EBUS), only the California current system has experienced upwelling-favorable wind intensification since the 1980s (medium confidence), and the EBUS will change with a dipole spatial pattern of reduction at low latitude and enhancement at high latitude (high confidence). Under all SSP scenarios, the Atlantic Meridional Overturning Circulation (AMOC) will decline over the 21st century (very likely). The decline will not involve an abrupt collapse before 2100 (medium confidence). AR6 has added the high resolution numerical simulation experiments which could resolve mesoscale eddy, such experiments could effectively improve the simulation of Sea Surface Tem erature (SST) air-sea flux and d namic sea-level change.","Hua, Li Juan; Yu, Yong Qiang","9,10,15,16"
Oceanographic regional climate projections for the Baltic Sea until 2100,Earth System Dynamics,2022-01-25,13,1,159-199,10.5194/esd-13-159-2022,re,Review,69,2-s2.0-85123767374,,1,"The Baltic Sea, located in northern Europe, is a semi-enclosed, shallow and tideless sea with seasonal sea-ice cover in its northern sub-basins. Its long water residence time contributes to oxygen depletion in the bottom water of its southern sub-basins. In this study, recently performed scenario simulations for the Baltic Sea including marine biogeochemistry were analysed and compared with earlier published projections. Specifically, dynamical downscaling using a regionally coupled atmosphere-ocean climate model was used to regionalise four global Earth system models. However, as the regional climate model does not include components representing terrestrial and marine biogeochemistry, an additional catchment and a coupled physical-biogeochemical model for the Baltic Sea were included. The scenario simulations take the impact of various global sea level rise scenarios into account. According to the projections, compared to the present climate, higher water temperatures, a shallower mixed layer with a sharper thermocline during summer, less sea-ice cover and greater mixing in the northern Baltic Sea during winter can be expected. Both the frequency and the duration of marine heat waves will increase significantly, in particular in the coastal zone of the southern Baltic Sea (except in regions with frequent upwellings). Nonetheless, due to the uncertainties in the projections regarding regional winds, the water cycle and the global sea level rise, robust and statistically significant salinity changes could not be identified. The impact of a changing climate on biogeochemical cycling is predicted to be considerable but still smaller than that of plausible nutrient input changes. Implementing the proposed Baltic Sea Action Plan, a nutrient input abatement plan for the entire catchment area, would result in a significantly improved ecological status of the Baltic Sea, including reductions in the size of the hypoxic area also in a future climate, which in turn would increase the resilience of the Baltic Sea against anticipated climate change. While our findings regarding changes in heat-cycle variables mainly confirm earlier scenario simulations, they differ substantially from earlier projections of salinity and biogeochemical cycles, due to differences in experimental setups and in input scenarios for bioavailable nutrients. Copyright:","Meier, H. E.Markus; Dieterich, Christian; Gröger, Matthias; Dutheil, Cyril; Börgel, Florian; Safonova, Kseniia; Christensen, Ole B.; Kjellström, Erik","10,14,15,16"
"Climate change and marine ecosystems: impacts, adaptation, and vulnerability",Transactions of Atmospheric Sciences,2022-01-01,45,4,489-501,10.13878/j.cnki.dqkxxb.20220411001,ar,Article,20,2-s2.0-85142012944,,0,"In this report, the IPCC Working Group II 's contribution to the Sixth Assessment Report Chapter 3 presents an assessment of the impacts of climate change on the ocean and coastal ecosystems, along with their vulnerability and the potential adaptation solutions.This report clarifies the fact that the anthropogenic greenhouse gases have and will continue to cause fundamental changes to the physical and chemical properties of our centrally important oceans, including warming, sea level rise(SLR), acidification, deoxygenation, and change in nutrients.The occurrences of the marine heatwaves have doubled since the 1980s, and will become 4-8 times more frequent in 2081-2100 compared to 1995-2014.In addition, ocean warming since the 1950s has shifted marine species poleward, at an average of 59. 2±15. 5 km per decade.This has resulted in reduced biomass in tropical waters, a remarkable tropicalization of mid-latitude ocean, and an earlier phytoplankton growth period in polar and sub-polar areas.Marine heatwaves are exposing species, and ecosystems approach or even exceed their tolerance, causing mass coral bleaching and mortality, and loss of seagrasses and kelp forests.Warming, acidification and hypoxia have collectively resulted in changes in the community structure and increases in the occurrence of harmful algal blooms in estuaries, and have contributed to an overall decline in phytoplankton biomass and primary production. In the meantime, phytoplankton biomass in the polar ocean will increase. Accelerating SLR has led to the degradation of coastal wetland ecosystems(e.g., mangroves, saltmarshes and seagrass beds). Ocean conditions are projected to continue and increase risk of regional extirpations and global extinctions of marine species, especially near the E-quator and in the Arctic. Coral reefs are projected to decline by a further 70%-90% at 1.5 ""C warming with greater losses(>99%)at 2 t, as early as the 2040s under SSP5-8. 5.The current available adaptation options(e. g., marine protected areas and mangrove restoration)are unable to offset the growing climate-change risk, thus exemplifying the need for transformative climate adaptation and ambitious mitigation measures.","Tan, Hongjian; Cai, Rongshuo; Du, Jianguo; Hu, Wenjia","10,12,13"
Functional thermal limits are determined by rate of warming during simulated marine heatwaves,Marine Ecology Progress Series,2022-01-01,685,,183-196,10.3354/meps13980,ar,Article,11,2-s2.0-85127532808,,0,"Marine heatwaves (MHWs) are increasing in both intensity and frequency against a backdrop of gradual warming associated with climate change. In the context of MHWs, animals are likely to experience sub-lethal rather than lethal effects, defining long-term limits to survival and/or impacting individual and population fitness. We investigated how functional sub-lethal limits track critical thresholds and how this relationship changes with warming rate. To this end, we monitored basic functioning, specifically the ability to right, feed and assimilate energy, as well as oxygen consumption rate in the common Antarctic sea urchin Sterechinus neumayeri. Water temperature in experimental systems was increased at rates of 1, 0.5 and 0.3°C d−1, in line with the characteristics of MHW events previously experienced at the site where the study urchins were collected on the Antarctica Peninsula. Functioning was assessed during the simulation of MHWs, and sub-lethal limits were determined when the rate of functional degradation changed as temperature increased. Results suggest that thermal sensitivity varies between the key biological functions measured, with the ability to right having the highest thermal threshold. Functions deteriorated at lower temperatures when warming was more rapid (1°C d−1), contrary to lethal critical thresholds, which were reached at lower temperatures when warming was slower (0.3°C d−1). MHWs and their impacts extend far beyond Antarctica, and in this context, our analyses indicate that the onset rate of MHWs is critical in determining the ability of an organism to tolerate short-term elevated temperatures.","De Leij, Rebecca; Grange, Laura J.; Peck, Lloyd S.","2,12"
Prolonged Marine Heatwaves in the Arctic: 1982−2020,Geophysical Research Letters,2021-12-28,48,24,,10.1029/2021GL095590,ar,Article,60,2-s2.0-85121743258,,1,"Studies have indicated that marine heatwaves (MHWs) have had severe impacts on the marine ecosystem in the Pacific, Atlantic, and Indian Oceans, but there have been few studies focused on MHWs in the Arctic. On the other hand, amplified rapid warming in the Arctic region makes it a hotspot strategically and economically worldwide. In this study, we documented that the average intensity of MHWs in the Arctic was comparable with that in the other regions of the global oceans. The annual intensity, frequency, duration, and areal coverage of MHWs have increased significantly in recent decades. The increase of the annual duration is mainly owing to the postponed end time, thus the prolonged periods, of the MHW seasons. Our analysis indicates that the increasing trends of the annual intensity, frequency, duration, and areal coverage in the Arctic are closely associated with the increasing surface air temperature and decreasing sea-ice concentration under the global warming environment. These features are robust across three different sea surface temperature (SST) products and using different MHW criteria.","Huang, Boyin; Wang, Zhaomin; Yin, Xungang; Arguez, Anthony; Graham, Garrett; Liu, Chunying; Smith, Tom; Zhang, Huai Min","1,5,7,10,16"
Coral communities on marginal high-latitude reefs in west australian marine parks,Diversity,2021-11-01,13,11,,10.3390/d13110554,ar,Article,9,2-s2.0-85118940302,,1,"Many temperate reefs are experiencing a shift towards a greater abundance of tropical species in response to marine heatwaves and long-term ocean warming worldwide. Baseline data for coral communities growing in high-latitude reefs is required to better understand ecosystem changes over time. In this study, we explore spatial and temporal trends in the distribution of coral communities from 1999 to 2019 at 118 reef sites within the five marine parks located in the south-west of Western Australia (WA) between 30◦ to 35◦ S. Our estimates of coral cover were generally low (<5%), except for a few sites in Jurien Bay Marine Park and Rottnest Island Marine Reserve where coral cover was 10% to 30%. Interannual changes in genera assemblages were detected but were not consistent over time, whereas significant temporal increases in coral cover estimates were found at the lowest latitude site in Jurien Bay. Coral assemblages were primarily distinguished by Turbinaria spp. at Marmion Marine Park and Ngari Capes Marine Park, and Pocillopora spp. and Dipsastraea spp. at Rottnest Island and Jurien Bay. Our findings suggest that conditions in south-west WA are favorable to the ongoing survival of existing genera and there were minimal signs of expansion in coral cover at most study sites. Coral cover and composition on these reefs may, however, change with ongoing ocean warming and increased occurrence of marine heatwaves. This study provides a valuable benchmark for assessing future changes in coral assemblages and highlights the need for targeted hard-coral surveys to quantify subtle changes in high-latitude coral community assemblages.","Ross, Claire L.; French, Ben; Lester, Emily K.; Wilson, Shaun K.; Day, Paul B.; Taylor, Michael D.; Barrett, Neville",12
Marine heatwaves in Siberian arctic seas and adjacent region,Remote Sensing,2021-11-01,13,21,,10.3390/rs13214436,ar,Article,25,2-s2.0-85118737488,,1,"We used a satellite-derived global daily sea surface temperature (SST) dataset with resolution 0.25 × 0.25◦ to analyze interannual changes in the Arctic Shelf seas from 2000 to 2020 and to reveal extreme events in SST distribution. Results show that the second decade of the 21st century for the Siberian Arctic seas turned significantly warmer than the first decade, and the increase in SST in the Arctic seas could be considered in terms of marine heatwaves. Analyzing the spatial distribution of heatwaves and their characteristics, we showed that from 2018 to 2020, the surface warming extended to the northern deep-water region of the Laptev Sea 75◦ to 81◦N. To reveal the most important forcing for the northward extension of the marine heatwaves, we used three-dimensional numerical modeling of the Arctic Ocean based on a sea-ice and ocean model forced by the NCEP/NCAR Reanalysis. The simulation of the Arctic Ocean variability from 2000 to 2020 showed marine heatwaves and their increasing intensity in the northern region of the Kara and Laptev seas, closely connected to the disappearance of ice cover. A series of numerical experiments on the sensitivity of the model showed that the main factors affecting the Arctic sea-ice loss and the formation of anomalous temperature north of the Siberian Arctic seas are equally the thermal and dynamic effects of the atmosphere. Numerical modeling allows us to examine the impact of other physical mechanisms as well. Among them were the state of the ocean and winter sea ice, the formation of fast ice polynias and riverine heat influx.","Golubeva, Elena; Kraineva, Marina; Platov, Gennady; Iakshina, Dina; Tarkhanova, Marina","1,4,5,7,9,10,14,15,16"
Marine cold-spells,Progress in Oceanography,2021-11-01,198,,,10.1016/j.pocean.2021.102684,ar,Article,92,2-s2.0-85115008530,,2,"Characterising ocean temperature variability and extremes is fundamental for understanding the thermal bounds in which marine ecosystems have adapted. While there is growing evidence of how marine heatwaves threaten marine ecosystems, prolonged periods of extremely cold ocean temperatures, marine cold-spells, have received less global attention. We synthesize the literature on cold ocean temperature extremes and their ecological impacts and physical mechanisms. Ecological impacts of these events were observed across a range of species and biophysical processes, including mass mortalities, range shifts, marine habitat loss, and altered phenology. The development of marine cold-spells is often due to wind-induced ocean processes, but a range of physical mechanisms are documented in the literature. Given the need for consistent comparison of marine cold-spells, we develop a definition for detecting these events from temperature time series and for classifying them into four categories. This definition is used to consistently detect marine cold-spells globally over the satellite record and to compare the characteristics of notable cold events. Globally, marine cold-spells’ occurrence, duration, and intensity are decreasing, with some areas, such as the Southern Ocean, showing signs of increase over the past 15 years. All marine cold-spell categories are affected by these decreases, with the exception of “IV Extreme” events, which were so rare that there has been little decrease. While decreasing occurrences of marine cold-spells could be viewed as providing a beneficial reduction in cold stress for marine ecosystems, fewer cold spells will alter the temperature regime that marine ecosystems experience and could have important consequences on ecological structure and function.","Schlegel, Robert W.; Darmaraki, Sofia; Benthuysen, Jessica A.; Filbee-Dexter, Karen; Oliver, Eric C.J.","3,6,9,12,14,16"
"Impact of extreme environmental conditions: Foraging behaviour and trophic ecology responses of a diving seabird, the common diving petrel",Progress in Oceanography,2021-11-01,198,,,10.1016/j.pocean.2021.102676,ar,Article,25,2-s2.0-85114451685,,0,"The reproductive success of birds is strongly driven by environmental conditions at different time scales. Thus, during periods of low food availability, breeding success is constrained by the ability of adults to adapt their foraging effort and feeding behaviour to maintain regular incubation shifts and chick provisioning. However, while large seabirds can buffer disruptions in prey availability, the ecophysiological constraints of smaller species may limit their behavioural flexibility. By combining information on at-sea movements, foraging habitat, trophic niche, and breeding success, this study evaluated the effects of intense variability in oceanographic conditions on common diving petrels (Pelecanoides urinatrix) at the northern extent of their range in south-eastern Australia during four consecutive breeding seasons. Unusually low breeding success (6 and 0%) was observed during two years with intense heatwave events, which were associated with higher foraging effort (foraging trips twice longer) and a substantial shift in trophic niche (lower blood δ15N values). These findings suggest that common diving petrels in Bass Strait may have reached a critical threshold above which buffering the effects of environmental variability on their reproductive output is not possible. The clear cascading impacts that marine heatwaves have on zooplankton feeders illustrate the profound bottom-up effect induced by such extreme environmental variations, and suggest strong impact on higher-trophic levels. The wide, circumpolar breeding distribution of the common diving petrel, and its high sensitivity to variations in oceanographic conditions, suggest that this species may be a suitable model to study short-term and long-term behavioural responses to the effects of climate change throughout the Southern Ocean.","Fromant, Aymeric; Delord, Karine; Bost, Charles André; Eizenberg, Yonina H.; Botha, Jonathan A.; Cherel, Yves; Bustamante, Paco; Gardner, Brett R.; Brault-Favrou, Maud; Lec'hvien, Arnaud; Arnould, John P.Y.","12,14"
Impacts of Marine Heatwaves on Algal Structure and Carbon Sequestration in Conjunction With Ocean Warming and Acidification,Frontiers in Marine Science,2021-09-23,8,,,10.3389/fmars.2021.758651,re,Review,68,2-s2.0-85116586081,,1,"As the ocean warms, the frequency, duration, intensity, and range of marine heatwaves (MHWs) increase. MHWs are becoming a severe challenge for marine ecosystems. However, our understanding in regard to their impacts on algal structure and carbon sequestration is still deficient or fragmentary, particularly when combined with ocean warming and acidification. In this paper, we reviewed the impacts of MHWs individually and combined with ocean warming and acidification on regime shift in algal community and carbon sequestration of both macroalgae and microalgae. Solid evidence shows that MHWs cause the decline of large canopy macroalgae and increase of turf-forming macroalgae in abundance, leading to the regime shift from kelp forests to seaweed turfs. Furthermore, increased grazing pressure on kelps due to tropicalization facilitates the expansion of turfs that prevent the recovery of kelps through plundering light and space. Meanwhile, MHWs could trigger microalgal blooms and the intensity of algal blooms is regulated by the severity of MHWs and nutrient availability. MHWs could lead to the decrease of carbon burial and sequestration by canopy-forming macroalgae due to depressed growth and increased mortality. The effects of MHWs on the productivity of microalgae are latitude-dependent: negative effects at low and mid-latitudes whilst positive effects at high latitudes. Ocean warming and acidification may accelerate the shift from kelps to turfs and thus decrease the carbon sequestration by canopy-forming macroalgae further. We propose that MHWs combined with ocean warming and acidification would reduce the biodiversity and facilitate the thriving of morphologically simple, ephemeral and opportunistic turfs and diatoms in coastal oceans, and phytoplankton with smaller size in open oceans. This structure shift would not be in favor of long-term carbon sequestration. Future studies could be conducted to test this hypothesis and investigate the impacts of MHWs on carbon sequestration under future ocean conditions.","Gao, Guang; Zhao, Xin; Jiang, Meijia; Gao, Lin","11,12"
"Bering Sea marine heatwaves: Patterns, trends and connections with the Arctic",Journal of Hydrology,2021-09-01,600,,,10.1016/j.jhydrol.2021.126462,ar,Article,63,2-s2.0-85107881104,,2,"The conterminous marine system of the Bering Sea serves as an important connection between the Pacific and the Arctic. Surface water temperatures of the Northern Pacific have been rising over the past decades with associated changes in extremes: marine heatwaves (MHWs). This study aims to explore the spatiotemporal evolution characteristics and occurrence mechanisms of MHWs in the Bering Sea. Our findings reveal that MHW metrics are above average in most parts of the Bering Sea, with the number of days being more than 50 a year. Frequencies of MHWs are relatively high in the western sectors while durations and intensities are high in the eastern and southern sectors of the Bering Sea. Increasing trends in the MHW days are noticed almost everywhere while similar increases in MHW intensities are found in the northern Bering Sea. In addition, Chukchi Sea ice concentrations show a negative correlation with heatwave frequencies and days while the Arctic Oscillation has no significant connection. Positive correlations are observed between Chukchi sea temperatures and Alaskan air temperatures, implying influences on the MHW frequencies and days. While the annual trends in the MHW frequencies and days peak over several periods, the latest decade (2010–2019) has seen the highest of both. Our findings suggest that the spatiotemporal distribution of MHW metrics is connected with underlying physical processes in the Bering Sea and neighbouring climatic patterns such as the Pacific teleconnections, sea ice extent, air temperature, and its location within the Arctic.","Carvalho, K. S.; Smith, T. E.; Wang, S.","1,9,10,14"
State of the climate in 2020,Bulletin of the American Meteorological Society,2021-08-01,102,8,1-481,10.1175/2021BAMSStateoftheClimate.1,re,Review,102,2-s2.0-85115757564,,1,"In 2020, the dominant greenhouse gases stored in Earth’s atmosphere continued to increase. The annual global average carbon dioxide (CO2) concentration at Earth’s surface was 412.5 ± 0.1 ppm, an increase of 2.5 ± 0.1 ppm over 2019, and the highest in the modern instrumental record and in ice core records dating back 800,000 years. While anthropogenic CO2 emissions were estimated to decrease around 6%–7% globally during the year due to reduced human activities during the COVID-19 pandemic, the reduction did not materially affect atmospheric CO2 accumulation as it is a relatively small change, less even than interannual variability driven by the terrestrial biosphere. The net global uptake of ~3.0 petagrams of anthropogenic carbon by oceans in 2020 was the highest in the 39-year record and almost 30% higher than the 1999–2019 average. Weak El Niño-like conditions in the eastern equatorial Pacific Ocean in early 2020 cooled and transitioned to a moderate La Niña later in the year. Even so, the annual global surface temperature across land and oceans was among the three highest in records dating to the mid- to late 1800s. In Europe, 17 countries reported record high annual mean temperatures, contributing to the warmest year on record for the European continent. Elsewhere, Japan, Mexico, and Seychelles also experienced record high annual mean temperatures. In the Caribbean, Aruba, Martinique, and St. Lucia reported their all-time monthly maximum temperatures. In the United States, Furnace Creek in Death Valley, California, reached 54.4°C on 16 August—the hottest temperature measured on Earth since 1931, pending confirmation. North of 60°N, the annual mean temperature over Arctic land areas was 2.1°C above the 1981–2010 average, the highest in the 121-year record. On 20 June, a temperature of 38°C was observed at Verkhoyansk, Russia (67.6°N), provisionally the highest temperature ever measured within the Arctic Circle. Near the opposite pole, an atmospheric river—a long, narrow region in the atmosphere that transports heat and moisture from sub-tropical and midlatitudes—brought extreme warmth from sub-tropical and midlatitudes to parts of Antarctica during austral summer. On 6 February, Esperanza Station recorded a temperature of 18.3°C, the highest temperature recorded on the continent, surpassing the previous record set in 2015 by 1.1°C. The warmth also led to the largest late-summer surface melt event in the 43-year record, affecting more than 50% of the Antarctic Peninsula. In August, daily sea ice extent in the waters surrounding Antarctica shifted from below to above average, marking the end of persistent below-average sea ice extent since austral spring 2016. In the Arctic, when sea ice reached its annual maximum extent in March, thin, first-year ice comprised ~70% of the ice; the thickest ice, which is usually more than four years old, had declined by more than 86% since 1985 to make up just 2% of total ice in 2020. When the minimum sea ice extent was reached in September, it was the second smallest except for 2012 in the 42-year satellite record. The Northern Sea Route along the Siberian coast was open for about 2.5 months, from late July through mid-October, compared to less than a month typically. Glaciers across the global cryosphere lost mass for the 33rd consecutive year, and permafrost temperatures continued to reach record highs at many high latitude and mountain locations. In the Northern Hemisphere, lakes froze three days later and thawed 5.5 days earlier on average. In Finland, the average duration of lake ice was 42 days shorter. Record high spring temperatures in central Siberia drove rapid snow melt that contributed to the lowest June snow cover extent across Eurasia in the 54-year record. As is typical, some areas around the world were notably dry in 2020 and some were notably wet. The Middle East experienced an extreme drought during autumn, with most places reporting no precipitation in October. In South America, the Bolivian lowlands suffered one of its most severe droughts on record during autumn. Drought also spanned the Chaco and Pantanal in Bolivia, Paraguay, and southern Brazil. The Paraguay River shrank to its lowest levels in half a century. A decadal “mega drought” in south-central Chile continued through its 11th year, with extreme conditions in the most populated areas. Argentina reported its driest year since 1995. In North America, drought continued to prevail in the West. The lack of moisture in drought-stricken regions often provide ideal conditions for fire. Total fire emissions in the western United States in 2020 were almost three times higher than the 2003–10 mean. The Arctic experienced its highest fire year in terms of carbon emitted into the atmosphere, surpassing the record set in 2019 by 34%, with most of the fires occurring in Arctic Asia. In the tropics, the Amazon saw its highest fire activity since 2012, while fire activity in tropical Asia—including Indonesia—was one of the lowest on record, related to wet conditions as La Niña evolved during the fire season. The 2020 Southwest Asian Monsoon season (June–September) was the wettest since 1981, also coincident with the emergence of La Niña. The Meiyu rainy season, which usually occurs between July and August over the Yangtze and Huaihe River Valleys of China, was extended by two months in 2020. The May–October total rainfall averaged over the area was the most since the start of the record in 1961. Associated severe flooding affected about 45.5 million people. A widespread desert locust infestation during 2019–20 impacted equatorial and northern East Africa, as heavy rains and prevailing winds were favorable for breeding and movement of swarms across Kenya, Ethiopia, northeastern Somalia, Uganda, South Sudan, and northern Tanzania. The massive infestation destroyed thousands of square kilometers of cropland and pasture lands, resulting in one million people in need of food aid in Ethiopia alone. Extremely heavy rains in April also triggered widespread flooding and landslides in Ethiopia, Somalia, Rwanda, and Burundi. The Lake Victoria region was the wettest in its 40-year record. Across the global oceans, the average ocean heat content reached a record high in 2020 and the sea surface temperature was the third highest on record, surpassed only by 2016 and 2019. Approximately 84% of the ocean surface experienced at least one marine heatwave (MHW) in 2020. For the second time in the past decade, a major MHW developed in the northeast Pacific, covering an area roughly six times the size of Alaska in September. Global mean sea level was record high for the ninth consecutive year, reaching 91.3 mm above the 1993 average when satellite measurements began, an increase of 3.5 mm over 2019. Melting of the Greenland Ice Sheet accounted for about 0.8 mm of the sea level rise, with an overall loss of 293 ± 66 gigatons of ice. A total of 102 named tropical storms were observed during the Northern and Southern Hemisphere storm seasons, well above the 1981–2010 average of 85. In the North Atlantic, a record 30 tropical cyclones formed, surpassing the previous record of 28 in 2005. Major Hurricanes Eta and Iota made landfall along the eastern coast of Nicaragua in nearly the same location within a two-week period, impacting over seven million people across Central America. In the western North Pacific, Super Typhoon Goni was the strongest tropical cyclone to make landfall in the historical record and led to the evacuation of almost 1 million people in the Philippines. Very Severe Cyclonic Storm Gati was the strongest recorded cyclone to make landfall over Somalia. Bosaso, in northeast Somalia, received 128 mm of rainfall in a 24-hour period, exceeding the city’s average annual total of 100 mm. Above Earth’s surface, the annual lower troposphere temperature equaled 2016 as the highest on record, while stratospheric temperatures continued to decline. In 2020, the stratospheric winter polar vortices in both hemispheres were unusually strong and stable. Between December 2019 and March 2020, the Arctic polar vortex was the strongest since the beginning of the satellite era, contributing to record low stratospheric ozone levels in the region that lasted into spring. The anomalously strong and persistent Antarctic polar vortex was linked to the longest-lived, and 12th-largest, ozone hole over the region, which lasted to the end of December.","Blunden, Jessica; Boyer, T.; Dunn, Robert J.H.; Allen, Jessicca; Andersen, Andrea; Hammer, Gregory; Love-Brotak, S. Elizabeth; Misch, Deborah J.; Riddle, Deborah B.; Veasey, Sara W.; Ades, M.; Adler, Robert; Aldred, F.; Allan, Richard P.; Allan, Rob; Anderson, J.; Argüez, Anthony; Arosio, C.; Augustine, John A.; Azorin-Molina, C.; Barichivich, J.; Beck, H. E.; Becker, Andreas; Bellouin, Nicolas; Benedetti, Angela; Berry, David I.; Blenkinsop, Stephen; Bock, Olivier; Bodin, X.; Bosilovich, Michael G.; Boucher, Olivier; Buehler, S. A.; Calmettes, B.; Carrea, Laura; Castia, Laura; Christiansen, Hanne H.; Christy, John R.; Chung, E. S.; Coldewey-Egbers, Melanie; Cooper, Owen R.; Cornes, Richard C.; Covey, Curt; Cretaux, J. F.; Crotwell, M.; Davis, Sean M.; de Jeu, Richard A.M.; Degenstein, Doug; Delaloye, R.; Di Girolamo, Larry; Donat, Markus G.; Dorigo, Wouter A.; Durre, Imke; Dutton, Geoff S.; Duveiller, Gregory; Elkins, James W.; Fioletov, Vitali E.; Flemming, Johannes; Foster, Michael J.; Frith, Stacey M.; Froidevaux, Lucien; Garforth, J.; Gentry, Matthew; Gobron, Nadine; Gupta, S. K.; Hahn, S.; Haimberger, Leopold; Hall, Brad D.; Harris, Ian; Hemming, D. L.; Hirschi, M.; Ho, Shu Pen; Hrbacek, F.; Hubert, Daan; Hurst, Dale F.; Inness, Antj; Isaksen, K.; John, Viju O.; Jones, Philip D.; Junod, Robert; Kaiser, J. W.; Kaufmann, V.; Kellerer-Pirklbauer, A.; Kent, Elizabeth C.; Kidd, R.; Kim, Hyungjun; Kipling, Z.; Koppa, A.; Kraemer, B. M.; Kratz, D. P.; Lan, Xin; Lantz, Kathleen O.; Lavers, D.; Loeb, Norman G.; Loyola, Diego; Madelon, R.; Mayer, Michael; McCabe, M. F.; McVicar, Tim R.; Mears, Carl A.; Merchant, Christopher J.; Miller, John B.; Miralles, Diego G.; Moesinger, L.; Montzka, Stephen A.; Morice, Colin; Mösinger, L.; Mühle, Jens; Nicolas, Julien P.; Noetzli, Jeannette; Noll, Ben; O'Keefe, J.; Osborn, Tim J.; Park, T.; Pasik, A. J.; Pellet, C.; Pelto, Maury S.; Perkins-Kirkpatrick, S. E.; Petron, G.; Phillips, Coda; Po-Chedley, S.; Polvani, L.; Preimesberger, W.; Rains, D. G.; Randel, W. J.; Rayner, Nick A.; Remy, Samuel; Ricciardulli, L.; Richardson, A. D.; Robinson, David A.; Rodell, Matthew; Rodriguez-Fernandez, N. J.; Rosenlof, K. H.; Roth, C.; Rozanov, A.; Rutishauser, T.; Sánchez-Lugo, Ahira; Sawaengphokhai, P.; Scanlon, T.; Schenzinger, Verena; Schlegel, R. W.; Sharma, S.; Shi, Lei; Simmons, Adrian J.; Siso, Carolina; Smith, Sharon L.; Soden, B. J.; Sofieva, Viktoria; Sparks, T. H.; Stackhouse, Paul W.; Steinbrecht, Wolfgang; Stengel, Martin; Streletskiy, Dimitri A.; Sun-Mack, Sunny; Tans, P.; Thackeray, S. J.; Thibert, E.; Tokuda, D.; Tourpali, Kleareti; Tye, Mari R.; van der A, Ronald; van der Schalie, Robin; van der Schrier, Gerard; van der Vliet, M.; van der Werf, Guido R.; Vance, A.; Vernier, Jean Paul; Vimont, Isaac J.; Vömel, Holger; Vose, Russell S.; Wang, Ray; Weber, Markus; Wiese, David; Wilber, Anne C.; Wild, Jeanette D.; Willett, Kate M.; Wong, Takmeng; Woolway, R. Iestyn; Yin, Xungang; Zhao, Guangyu; Zhao, Lin; Zhou, Xinjia; Ziemke, Jerry R.; Ziese, Markus; Zotta, R. M.; Alin, Simone R.; Amaya, Dillon J.; Baringer, Molly O.; Brandt, Peter; Carter, Brendan R.; Cetinić, Ivona; Chambers, Don P.; Cheng, Lijing; Collins, Andrew U.; Cosca, Cathy; Domingues, Ricardo; Dong, Shenfu; Feely, Richard A.; Frajka-Williams, Eleanor; Franz, Bryan A.; Gilson, John; Goni, Gustavo; Hamlington, Benjamin D.; Herrford, Josefine; Hu, Zeng Zhen; Huang, Boyin; Ishii, Masayoshi; Jevrejeva, Svetlana; Johnson, Gregory C.; Kennedy, John; Kersalé, Marion; Killick, Rachel E.; Landschützer, Peter; Lankhorst, Matthias; Leuliette, Eric; Locarnini, Ricardo; Lumpkin, Rick; Lyman, John M.; Marra, John J.; Meinen, Christopher S.; Merrifield, Mark A.; Mitchum, Gary T.; Moat, Ben I.; Nerem, R. Steven; Perez, Renellys C.; Purkey, Sarah G.; Reagan, James; Sanchez-Franks, Alejandra; Scannell, Hillary A.; Schmid, Claudia; Scott, Joel P.; Siegel, David A.; Smeed, David A.; Sweet, William; Thompson, Philip R.; Triñanes, Joaquin A.; Volkov, Denis L.; Wanninkhof, Rik; Weller, Robert A.; Wen, Caihong; Westberry, Toby K.; Widlansky, Matthew J.; Yu, Lisan; Zhang, Huai Min; Becker, Emily J.; Bell, Gerald D.; Blake, Eric S.; Bond, Stephanie; Bringas, Francis G.; Camargo, Suzana J.; Chen, Lin; Coelho, Caio A.S.; Diamond, Howard J.; Goldenberg, Stanley B.; Fauchereau, Nicolas; Halpert, Michael S.; He, Qiong; Klotzbach, Philip J.; Knaff, John A.; L'Heureux, Michelle; Landsea, Chris W.; Lin, I. I.; Lorrey, Andrew M.; Luo, Jing Jia; MacRitchie, Kyle; Magee, Andrew D.; Pasch, Richard J.; Pezza, Alexandre B.; Rosencrans, Matthew; Schreck, Carl J.; Tippett, Michael K.; Trewin, Blair C.; Truchelut, Ryan E.; Wang, Bin; Wang, Hui; Wood, Kimberly M.; Woolley, John Mark; Young, Steven H.; Ballinger, Thomas J.; Berner, Logan T.; Bernhard, Germar H.; Bhatt, Uma S.; Bjerke, Jarle W.; Box, Jason E.; Brown, R.; Cappelen, John; Decharme, B.; Derksen, C.; Divine, Dmitry; Drozdov, D. S.; Druckenmiller, Matthew L.; Elias Chereque, A.; Epstein, Howard E.; Farquharson, L. M.; Farrell, Sinead L.; Fausto, Robert S.; Fettweis, Xavier; Forbes, Bruce C.; Frost, Gerald V.; Gargulinski, Emily; Gerland, Sebastian; Goetz, Scott J.; Grabinski, Z.; Grooß, Jens Uwe; Haas, Christian; Hanna, Edward; Hanssen-Bauer, Inger; Hendricks, Stefan; Holmes, Robert M.; Ialongo, Iolanda; Jain, Piyush; Johnsen, Bjørn; Kaleschke, L.; Kholodov, A. L.; Kim, Seong Joong; Korsgaard, Niels J.; Labe, Zachary; Lakkala, Kaisa; Lara, Mark J.; Loomis, Bryant; Luojus, K.; Macander, Matthew J.; Malkova, G. V.; Mankoff, Kenneth D.; Manney, Gloria L.; McClelland, James W.; Meier, Walter N.; Moon, Twila A.; Mote, Thomas L.; Mudryk, L.; Müller, Rolf; Nyland, K. E.; Overland, James E.; Pavlova, Olga; Perovich, Don; Petty, Alek; Phoenix, Gareth K.; Raynolds, Martha K.; Reijmer, C. H.; Richter-Menge, Jacqueline; Ricker, Robert; Romanovsky, Vladimir E.; Scott, Lindsay; Shapiro, Hazel; Shiklomanov, Alexander I.; Shiklomanov, Nikolai I.; Smeets, C. J.P.P.; Soja, Amber; Spencer, Robert G.M.; Starkweather, Sandy; Suslova, Anya; Svendby, Tove; Tank, Suzanne E.; Tedesco, Marco; Thoman, Richard L.; Tian-Kunze, X.; Timmermans, Mary Louise; Tømmervik, Hans; Tretiakov, Mikhail; Tschudi, Mark; Vakhutinsky, Sofia; van As, Dirk; van de Wal, R. S.W.; Veraverbeke, Sander; Walker, Donald A.; Walsh, John E.; Wang, Muyin; Webster, Melinda; Winton, Øyvind; Wood, K.; York, Alison; Ziel, Robert; Adusumilli, Susheel; Barreira, Sandra; Bozkurt, Deniz; Bushinsky, Seth M.; Clem, Kyle R.; Colwell, Steve; Coy, Lawrence; De Laat, Jos; du Plessis, Marcel D.; Fogt, Ryan L.; Foppert, Annie; Fricker, Helen Amanda; Gardner, Alex S.; Gille, Sarah T.; Gorte, Tessa; Johnson, Bryan; Keenan, Eric; Kennett, Daemon; Keller, Linda M.; Kramarova, Natalya A.; Lazzara, Matthew A.; Lenaerts, Jan T.M.; Lieser, Jan L.; Li, Zhi; Liu, Hongxing; Long, Craig S.; MacFerrin, Michael; Maclennan, Michelle L.; Massom, Robert A.; Mikolajczyk, David; Montgomery, Lynn; Mote, Thomas L.; Nash, Eric R.; Newman, Paul A.; Petropavlovskikh, Irina; Pitts, Michael; Reid, Phillip; Rintoul, Steven R.; Santee, Michelle L.; Scambos, Ted A.; Shadwick, Elizabeth H.; Silvano, Alessandro; Stammerjohn, Sharon; Stierle, Scott; Strahan, Susan; Sutton, Adrienne J.; Swart, Sebastiaan; Tamsitt, Veronica; Tilbrook, Bronte; Wang, Lei; Williams, Nancy L.; Yuan, Xiaojun; Alfaro, Eric J.; Alves, Lincoln M.; Amador, Jorge A.; Andrade, B.; Argenalso, Francisco; Asgarzadeh, P.; Baez, Julian; Barakiza, Reuben; Bardin, Mikhail; Bardin, Mikhail; Bissolli, Peter; Bochniček, Oliver; Bukunt, Brandon; Calderon, Blanca; Campbell, Jayaka D.; Chandler, Elise; Chang'a, Ladislaus; Cheng, Vincent Y.S.; Clarke, Leonardo A.; Correa, Kris; Cortes, Catalina; Costa, Felipe; Cunha, A. P.M.A.; Demircan, Mesut; Dhurmea, K. R.; Diawara, A.; Diouf, Sarah; Dulamsuren, Dashkhuu; ElKharrim, M.; Espinoza, Jhan Carlo; Fazl-Kazem, A.; Fenimore, Chris; Fuhrman, Steven; Ganter, Catherine; Gleason, Karin; Guard, Charles P.; Hagos, Samson; Hanafusa, Mizuki; Hasannezhad, H. R.; Heim, Richard R.; Hidalgo, Hugo G.; Ijampy, J. A.; Im, Gyo Soon; Joseph, Annie C.; Jumaux, G.; Kabidi, K. R.; Kamsu-Tamo, P. H.; Kennedy, John; Khan, Valentina; Khiem, Mai Van; King'uza, Philemon; Korshunova, Natalia N.; Kruger, A. C.; Lakatos, Mónika; Lam, Hoang Phuc; Lander, Mark A.; Lavado-Casimiro, Waldo; Lee, Tsz Cheung; Leung, Kinson H.Y.; Li, Tim; Macara, Gregor; Mamen, Jostein; Marengo, José A.; McBride, Charlotte; Mekonnen, Ademe; Misevicius, Noelia; Moise, Aurel; Molina-Carpio, Jorge; Mora, Natali; Mostafa, Awatif E.; Mtongori, Habiba; Mutai, Charles; Ndiaye, O.; Nieto, Juan José; Nyembo, Latifa; Nying'uro, Patricia; Pan, Xiao; Pascual Ramírez, Reynaldo; Phillips, David; Pugh, Brad; Rajeevan, Madhavan; Rakotonirina, M. L.; Ramos, Andrea M.; Robjhon, M.; Rodriguez Camino, Ernesto; Rodriguez Guisado, Esteban; Ronchail, Josyane; Rösner, Benjamin; Salinas, Roberto; Sánchez-Lugo, Ahira; Sato, Hirotaka; Sato, Hitoshi; Sayouri, Amal; Sebaziga, Joseph; Sensoy, Serhat; Spillane, Sandra; Trachte, Katja; Sima, F.; Smith, Adam; Spence, Jacqueline M.; Sreejith, O. P.; Srivastava, A. K.; Stella, José L.; Stephenson, Kimberly A.; Stephenson, Tannecia S.; Supari, S.; Tajbakhsh-Mosalman, Sahar; Tamar, Gerard; Taylor, Michael A.; Teshome, Asaminew; Thiaw, Wassila M.; Tobin, Skie; Trotman, Adrian R.; Van Meerbeeck, Cedric J.; Vazifeh, A.; Wakamatsu, Shunya; Wang, Wei; Xin, Fei; Zeng, F.; Zhang, Peiqun; Zhu, Zhiwei","1,2,10,11,14,16"
"Egg retention of high-latitude sockeye salmon (Oncorhynchus nerka) in the Pilgrim River, Alaska, during the Pacific marine heatwave of 2014–2016",Polar Biology,2021-08-01,44,8,1643-1654,10.1007/s00300-021-02902-8,ar,Article,11,2-s2.0-85108240636,,0,"Ocean and freshwater conditions can influence spawning success of Pacific salmon (Oncorhynchus spp.) by governing the energy content of fish at the start of and during the spawning migration. Ocean conditions determine the energy stores of fish at the freshwater entry, while freshwater conditions determine how quickly stored energy is depleted as individuals migrate to spawning grounds in natal rivers and lakes. We assessed the occurrence of sockeye salmon (Oncorhynchus nerka) egg retention (failure to deposit eggs) in a high-latitude (~ 65°N) watershed that has a large, inter-annual variation in the number of returning adults. We also explored relationships between ocean and freshwater conditions with egg retention of female sockeye salmon. The proportion of females with egg retention (> 50 eggs) varied by threefold (12 to 36%) across years (2013 to 2020) and was related to ocean conditions represented by the North Pacific Index (NPI). Egg retention was more common in years with low NPI values (a stronger Aleutian Low) in association with the Pacific marine heatwave of 2014–2016 that disrupted food webs. This initial study contains the first empirical data observing the influence of ocean conditions on egg retention for any Pacific salmon population. The lack of any relationship between egg retention and freshwater temperatures was consistent with water temperatures primarily occurring below thresholds associated with heat stress related mortality (< 18 °C). Understanding the amount of egg retention and how environmental drivers influence egg retention within Pacific salmon populations provides insights for managers assessing the number of successful spawners and helps refine escapement-based management efforts.","Carey, Michael P.; von Biela, Vanessa R.; Dunker, Ashley; Keith, Kevin D.; Schelske, Merlyn; Lean, Charlie; Zimmerman, Christian E.","11,12,13,14"
Robust regional differences in marine heatwaves between transient and stabilization responses at 1.5 °C global warming,Weather and Climate Extremes,2021-06-01,32,,,10.1016/j.wace.2021.100316,ar,Article,10,2-s2.0-85101148313,,1,"The increase in frequency and duration of marine heatwaves (MHWs) under global warming brings great pressure to society. The high vulnerability of ecosystems to MHWs may lead to severe ecological and socioeconomic impacts. Most studies assessed future climate responses at the Paris Agreement temperature goals based on transient, rather than stabilization, model simulations. Here, we investigate the differences between transient and stabilization responses at global warming of 1.5 °C in terms of MHWs. Concentrations of greenhouse gases and response time scales to the anthropogenic forcing differ in these two types of simulations because subsurface ocean temperatures take decades to centuries to adjust under external forcing. While global mean metrics of MHWs show little difference between the transient and stabilization responses, significant regional disparities are revealed worldwide, including many climate change hotspots. Regionally intensified MHWs at stabilized 1.5 °C are mostly due to air-sea interactions and subsurface ocean warming that contributes to the stronger SST warming in eastern boundary upwelling systems and the southern Indian Ocean, indicative of potentially greater impacts on marine ecosystems in these regions. In contrast, MHWs would be alleviated in the central equatorial Pacific and Arctic in stabilization responses. Substantial differences in regional MHWs between the transient and stabilization responses oblige us to reconsider previous assessments regarding 1.5 °C warming and future mitigation pathways.","Liu, Jiawei; Luo, Jing Jia; Xu, Haiming; Ma, Jing; Deng, Jiechun; Zhang, Leying; Bi, Daohua; Chen, Xi","1,9,10,15"
Global Climate Features and Significant Weather and Climate Events in 2020,Meteorological Monthly,2021-04-01,47,4,471-477,10.7519/j.issn.1000-0526.2021.04.008,ar,Article,9,2-s2.0-85138376747,,0,"In 2020, concentration of the major greenhouse gases on the earth continued to increase. The global mean temperature was 1. 2 + 0. 1℃ higher than before industrialization, ranking the second warmest in the same period in history. Sea level continued to rise at a faster rate. The highest ocean heat content was recorded and the Arctic minimum sea ice range became the second smallest on record, of which record low sea ice extents were observed in the months of July and October. The Antarctic sea ice range remained close to the long term average. Over 80 % of the ocean area experienced at least one marine heat wave event in 2020. Areas where “strong” ocean heat waves occur were more than the areas with “moderate” ocean heat waves. On the other hand, many countries and regions suffered from severe torrential rain and floods in 2020, including the Sahel Region of Africa, the Greater Horn of Africa, the India Subcontinent and neighbouring areas, China, Korea, Japan, and parts of southeastern Asia, etc. In addition, severe droughts occurred in many parts of interior South America, while Europe, Australia, Mexico and other places were seriously impacted by severe heat wave events. Moreover, severe cold wave and heavy snowfall were experienced in North America, South America and Australia. Also, there were 30 tropical cyclones generated in the North Atlantic, breaking the historic record.","Zhai, Jianqing; Dai, Tanlong; Wang, Guofu","10,11,14"
Heat and salinity transport between the permanent pycnocline and the mixed layer due to the obduction process evaluated from a gridded Argo dataset,Journal of Oceanography,2021-02-01,77,1,75-92,10.1007/s10872-020-00559-1,ar,Article,13,2-s2.0-85089145380,,1,"It is necessary for air–sea interaction and climate research to evaluate heat and salinity transport between the mixed layer (ML) and the permanent pycnocline and its contribution to the ML properties. The authors have calculated the obduction and subduction rates with the Eulerian definition using a 1°-grid Argo dataset and incorporated the obduction rate into the ML budget analysis in order to assess the impact of the entrained permanent pycnocline water on the ML temperature and salinity. They have successfully separated the effect of obduction on the ML from the entrainment of the seasonal pycnocline, and specified the regions where the obduction impact is noticeable. The ML heating rate due to obduction was smaller than ± 0.1 K/yr on average over most of the domain, but it was larger than − 0.5 K/yr in places around the Circumpolar Current, in the northeastern tropical Pacific, the southwestern tropical Indian Ocean, and the northeastern North Atlantic. The salinizing rate due to obduction exceeded ± 0.02 psu/yr in these areas, and in the subarctic North Pacific and the eastern South Pacific. The waters entrained from the permanent pycnocline warm and salinize the ML in the high latitudes due to the dichothermal structure. The method applied in this study also enabled us to assess the residence time and route of obducted and subducted water parcels below the ML. Furthermore, the authors examined the changes of obduction and subduction related with the marine heatwave that occurred in the northeastern North Pacific around 2014.","Kawai, Yoshimi; Hosoda, Shigeki; Uehara, Kazuyuki; Suga, Toshio","9,14,16"
Surviving Heatwaves: Thermal Experience Predicts Life and Death in a Southern Ocean Diatom,Frontiers in Marine Science,2021-01-27,8,,,10.3389/fmars.2021.600343,ar,Article,36,2-s2.0-85100745014,,1,"Extreme environmental fluctuations such as marine heatwaves (MHWs) can have devastating effects on ecosystem health and functioning through rapid population declines and destabilization of trophic interactions. However, recent studies have highlighted that population tolerance to MHWs is variable, with some populations even benefitting from MHWs. A number of factors can explain variation in responses between populations including their genetic variation, previous thermal experience and the cumulative heatwave intensity (°C d) of the heatwave itself. We disentangle the contributions of these factors on population mortality and post-heatwave growth rates by experimentally simulating heatwaves (7.5 or 9.2°C, for up to 9 days) for three genotypes of the Southern Ocean diatom Actinocyclus actinochilus. The effects of simulated heatwaves on mortality and population growth rates varied with genotype, thermal experience and the cumulative intensity of the heatwave itself. Firstly, hotter and longer heatwaves increased mortality and decreased post-heatwave growth rates relative to milder, shorter heatwaves. Secondly, growth above the thermal optimum before heatwaves exacerbated heatwave-associated negative effects, leading to increased mortality during heatwaves and slower growth after heatwaves. Thirdly, hotter and longer heatwaves resulted in more pronounced changes to thermal optima (Topt) immediately following heatwaves. Finally, there is substantial intraspecific variation in post-heatwave growth rates. Our findings shed light on the potential of Southern Ocean diatoms to tolerate MHWs, which will increase both in frequency and in intensity under future climate change.","Samuels, Toby; Rynearson, Tatiana A.; Collins, Sinéad","2,10,12"
Adaptive Behaviors to Marine Ecosystem Shifts: Examining Fishermen’s Strategies in Response to Abundant Juvenile Sablefish (Anoplopoma fimbria) in Alaska,Frontiers in Marine Science,2020-12-16,7,,,10.3389/fmars.2020.602281,ar,Article,11,2-s2.0-85098592548,,1,"Over recent years there have been rapid changes occurring across marine ecosystems worldwide, with high latitude systems seeing ecosystem shifts emerging at unprecedented rates. The Gulf of Alaska and Bering Sea marine ecosystems have experienced substantial fluctuation in fish stocks, with some species experiencing considerable decreases while others thrive. Following the marine heatwave of 2014, sablefish (Anoplopoma fimbria) had a historically unparalleled juvenile recruitment class that is now dominating the stock composition. While this recruitment class bodes well for future fisheries, it is currently undermining the value of the fishery with limited incentives to retain the smaller and less valuable fish, compounding adverse effects on earnings in the fishery due to whale depredation that has been occurring for years. This study examines the well-being implications of fishermen’s adaptive strategies to these ecosystem conditions within the Alaska sablefish fishery using a socio-ecological system framework, operationalized as a qualitative network model (QNMs) and quantitative indicators. We examine the extent to which adaptation strategies, derived from a literature review and stakeholder interviews, are being utilized in the fishery with quantitative indicators. These strategies are then examined with QNMs that explore their impacts across the spectrum of well-being. By coupling quantitative indicators and QNMs, we were able to demonstrate how adaptive strategies can be examined to capture the multi-faceted well-being effects of fisheries participants’ adaptations to changing conditions. This study directly addresses several of the key guiding principles of the U.S. EBFM Road Map, including advancing our understanding of ecosystem processes, exploring trade-offs within an ecosystem, and maintaining resilient ecosystems, inclusive of community well-being. Thus this paper demonstrates how coupled socio-ecological models can elevate the inclusion of human adaptive behaviors, providing a framework for the development of policymaking that can mitigate adverse effects on both the participants and the resource by facilitating the mixture of adaptive strategies that maximizes desired well-being outcomes.","Szymkowiak, Marysia; Rhodes-Reese, Melissa","10,12,13"
"Body condition of phocid seals during a period of rapid environmental change in the Bering Sea and Aleutian Islands, Alaska",Deep Sea Research Part II Topical Studies in Oceanography,2020-12-01,181-182,,,10.1016/j.dsr2.2020.104904,ar,Article,28,2-s2.0-85096977942,,1,"A warming climate has driven rapid physical changes in the Arctic environment, particularly in the Bering Sea. Biological changes are also increasingly evident in the Bering Sea and adjacent waters. The ecological results have been profound and relatively well documented for fishes and lower trophic levels. Upper trophic predators such as marine mammals, however, have been underrepresented in ecosystem surveys, models, and efforts to practice ecosystem-based fisheries management. We used multiple linear regression to model body condition (mass/length) as a function of species, age class, sex and year for ribbon and spotted seals in the Bering Sea, and harbor seals in the Aleutian Islands, from 2007 to 2018, for evidence of recent trends that might reflect trophic or bottom-up changes in the ecosystem. Model-averaged coefficients (in kg cm−1, relative to the overall mean) indicated that body condition was lower for subadults (−0.063; 95% CI: −0.074 – −0.051) and pups (−0.120; 95% CI: −0.129 – −0.112) than for adults (0.183, the negative sum of the subadults and pups coefficients). Body condition for males (0.010; 95% CI: 0.002–0.019) was higher than for females (−0.010). Overall, body condition declined annually (−0.014 per year; 95% CI: −0.025 – −0.004), and there was an additive annual decline in body condition of seal pups across all species and sexes (−0.020; 95% CI: −0.030 – −0.011). An additive annual increase in body condition of spotted seals across all sexes and age classes (0.013; 95% CI: 0.004–0.022) mitigated the annual declines for this species. Model-averaged fitted values therefore indicated annual declines in body condition for ribbon and harbor seals of all sex and age classes, and for spotted seal pups. We relate these declines to the trend in Bering Sea ice extent and to recent, rapid changes brought on by the significant Northeast Pacific marine heat wave of 2014–2016 and its lingering effects through 2018 and 2019. The results indicate that these typically resilient, long-lived, generalist predators can be impacted by bottom-up forcing.","Boveng, Peter L.; Ziel, Heather L.; McClintock, Brett T.; Cameron, Michael F.","1,10,11,12,13"
Extreme summer marine heatwaves increase chlorophyll a in the Southern Ocean,Antarctic Science,2020-12-01,32,6,508-509,10.1017/S0954102020000401,no,Note,44,2-s2.0-85094170395,,0,,"Montie, Shinae; Thomsen, Mads S.; Rack, Wolfgang; Broady, Paul A.","2,3,12"
Heat stress responses and population genetics of the kelp Laminaria digitata (Phaeophyceae) across latitudes reveal differentiation among North Atlantic populations,Ecology and Evolution,2020-09-01,10,17,9144-9177,10.1002/ece3.6569,ar,Article,52,2-s2.0-85089442177,,1,"To understand the thermal plasticity of a coastal foundation species across its latitudinal distribution, we assess physiological responses to high temperature stress in the kelp Laminaria digitata in combination with population genetic characteristics and relate heat resilience to genetic features and phylogeography. We hypothesize that populations from Arctic and cold-temperate locations are less heat resilient than populations from warm distributional edges. Using meristems of natural L. digitata populations from six locations ranging between Kongsfjorden, Spitsbergen (79°N), and Quiberon, France (47°N), we performed a common-garden heat stress experiment applying 15°C to 23°C over eight days. We assessed growth, photosynthetic quantum yield, carbon and nitrogen storage, and xanthophyll pigment contents as response traits. Population connectivity and genetic diversity were analyzed with microsatellite markers. Results from the heat stress experiment suggest that the upper temperature limit of L. digitata is nearly identical across its distribution range, but subtle differences in growth and stress responses were revealed for three populations from the species’ ecological range margins. Two populations at the species’ warm distribution limit showed higher temperature tolerance compared to other populations in growth at 19°C and recovery from 21°C (Quiberon, France), and photosynthetic quantum yield and xanthophyll pigment responses at 23°C (Helgoland, Germany). In L. digitata from the northernmost population (Spitsbergen, Norway), quantum yield indicated the highest heat sensitivity. Microsatellite genotyping revealed all sampled populations to be genetically distinct, with a strong hierarchical structure between southern and northern clades. Genetic diversity was lowest in the isolated population of the North Sea island of Helgoland and highest in Roscoff in the English Channel. All together, these results support the hypothesis of moderate local differentiation across L. digitata's European distribution, whereas effects are likely too weak to ameliorate the species’ capacity to withstand ocean warming and marine heatwaves at the southern range edge.","Liesner, Daniel; Fouqueau, Louise; Valero, Myriam; Roleda, Michael Y.; Pearson, Gareth A.; Bischof, Kai; Valentin, Klaus; Bartsch, Inka","10,12"
Marine Heatwaves in the Arctic Region: Variation in Different Ice Covers,Geophysical Research Letters,2020-08-28,47,16,,10.1029/2020GL089329,ar,Article,37,2-s2.0-85089941894,,0,"This study analyzes marine heatwaves (MHWs) in the Arctic for its variation in multiyear ice (MYI), first-year ice (FYI), and open-water areas. Results show that there is a significant annual growth in MHW frequency, duration, and intensity in the FYI region, especially for intensity. Since 2005, MHW in FYI increases remarkably in summer and the extent of the affected area continues to grow northward. Particularly, severe MHW events mainly occur in the area where sea ice concentration ranges between 0.1 and 0.5. Stratification in the FYI area impedes the deep mixing and downward transmission of energy from solar radiation, resulting in an anomalously high sea surface temperature in the FYI area. The implication is that MHW will keep growing as the extent of FYI in the Arctic increases.","Hu, Siyu; Zhang, Lujun; Qian, Shimeng","1,4,5,9,10,14"
Growth of young-of-year sablefish (Anoplopoma fimbria) in response to temperature and prey quality: Insights from a life stage specific bioenergetics model,Journal of Experimental Marine Biology and Ecology,2020-05-01,526,,,10.1016/j.jembe.2020.151340,ar,Article,14,2-s2.0-85079684145,,1,"The first year is typically a bottleneck for juvenile fishes and survival at this stage can be dictated by environmental conditions affecting growth, such as temperature and food availability. Shifts in environmental conditions—and the resulting effects on growth—are of particular concern for high latitude species, which are experiencing more pronounced impacts of climate change. We measured effects of temperature on growth, consumption, and respiration of young-of-year (YOY) Sablefish (218–289 mm TL; Anoplopoma fimbria) in laboratory trials. Physiological response functions were used to outfit a novel, life stage specific bioenergetics model. Average daily growth rates ranged from 0.82 to 3.42 g d−1 (46.7 to 122 J g−1 d−1), with optimum growth occurring at 12–16 °C and declining substantially outside of this range. We then validated the model by comparing model estimates of growth to known growth rates for a separate cohort of Sablefish reared under controlled conditions. Sensitivity analysis indicated that the consumption-related parameters had the greatest influence on model outputs. As such, consumption parameters should be determined with care. Finally, we used the model to characterize the conditions necessary for wild YOY Sablefish to successfully settle from neustonic to demersal stages by modeling temperature-prey scenarios that reflect the transition from neustonic offshore to demersal nearshore habitats observed over the period from August to October. Our findings suggest that Sablefish in the Gulf of Alaska could thrive under warming ocean conditions given sufficient food, which corroborates reports of high Sablefish recruitment events following a marine heat wave in 2014.","Krieger, Joseph R.; Beaudreau, Anne H.; Heintz, Ron A.; Callahan, Matthew W.","12,13,14"
Successive marine heatwaves cause disproportionate coral bleaching during a fast phase transition from El Niño to La Niña,Science of the Total Environment,2020-05-01,715,,,10.1016/j.scitotenv.2020.136951,ar,Article,61,2-s2.0-85078677530,32014776,0,"The frequency and intensity of marine heatwaves that result in coral bleaching events have increased over recent decades and led to catastrophic losses of reef-building corals in many regions. The high-latitude coral assemblages at Lord Howe Island, which is a UNESCO listed site is the world southernmost coral community, were exposed to successive thermal anomalies following a fast phase-transition of the record-breaking 2009 to 2010 warm pool El Niño in the Central Pacific to a strong La Niña event in late 2010. The coral community experienced severe and unprecedented consecutive bleaching in both 2010 and 2011. Coral health surveys completed between March 2010 and September 2012 quantified the response and recovery of approximately 43,700 coral colonies to these successive marine heatwaves. In March 2010, coral bleaching ranged from severe, with 99% of colonies bleached at some shallow lagoon sites, to mild at deeper reef slope sites, with only 17% of individuals affected. Significant immediate mortality from thermal stress was evident during the peak of the bleaching event. Overall, species in the genera Pocillopora, Stylophora, Seriatopora and Porites were the most affected, while minimal bleaching and mortality was recorded among members of other coral families (e.g. Acroporidae, Dendrophyllidae & Merulinidae). Surviving corals underwent a subsequent, but much less intense, thermal anomaly in 2011 that led to a disproportionate bleaching response among susceptible taxa. While this observation indicates that the capacity of thermally susceptible high-latitude corals to acclimatize to future ocean warming may be limited, particularly if bleaching events occur annually, our long-term survey data shows that coral cover at most sites recovered to pre-bleaching levels within three years in the absence of further thermal anomalies.","Dalton, Steven J.; Carroll, Andrew G.; Sampayo, Eugenia; Roff, George; Harrison, Peter L.; Entwistle, Kristina; Huang, Zhi; Salih, Anya; Diamond, Sandra L.","11,12,14"
Sensitivity of Marine Heatwave Metrics to Ocean Model Resolution,Geophysical Research Letters,2019-12-28,46,24,14604-14612,10.1029/2019GL084928,ar,Article,61,2-s2.0-85077190815,,1,"Sustained extreme temperature events in the ocean, referred to as marine heatwaves (MHWs), generate substantial ecological, social, and economic impacts. Ocean models provide insights to the drivers, persistence, and dissipation of MHWs. However, the sensitivity of MHW metrics to ocean model resolution is unknown. Here, we analyze global MHW metrics in three configurations of a global ocean-sea ice model at coarse (1°), eddy-permitting (0.25°), and eddy-rich (0.1°) resolutions. We show that all configurations qualitatively represent broad-scale global patterns of MHWs. These simulated MHWs are, however, weaker, longer-lasting, and less frequent than in observations. The 0.1° configuration, despite local biases, performs best both globally and regionally. Based on these results, model projections of future MHW metrics using coarse-resolution models are expected to be biased toward weaker and less frequent MHWs, when compared with results using an eddy-rich model.","Pilo, Gabriela S.; Holbrook, Neil J.; Kiss, Andrew E.; Hogg, Andrew Mc C.","15,16"
"The unprecedented coupled ocean-atmosphere summer heatwave in the New Zealand region 2017/18: Drivers, mechanisms and impacts",Environmental Research Letters,2019-04-12,14,4,,10.1088/1748-9326/ab012a,ar,Article,157,2-s2.0-85063865334,,1,"During austral summer (DJF) 2017/18, the New Zealand region experienced an unprecedented coupled ocean-atmosphere heatwave, covering an area of 4 million km2. Regional average air temperature anomalies over land were +2.2 °C, and sea surface temperature anomalies reached +3.7 °C in the eastern Tasman Sea. This paper discusses the event, including atmospheric and oceanic drivers, the role of anthropogenic warming, and terrestrial and marine impacts. The heatwave was associated with very low wind speeds, reducing upper ocean mixing and allowing heat fluxes from the atmosphere to the ocean to cause substantial warming of the stratified surface layers of the Tasman Sea. The event persisted for the entire austral summer resulting in a 3.8 ± 0.6 km3 loss of glacier ice in the Southern Alps (the largest annual loss in records back to 1962), very early Sauvignon Blanc wine-grape maturation in Marlborough, and major species disruption in marine ecosystems. The dominant driver was positive Southern Annular Mode (SAM) conditions, with a smaller contribution from La Niña. The long-term trend towards positive SAM conditions, a result of stratospheric ozone depletion and greenhouse gas increase, is thought to have contributed through association with more frequent anticyclonic 'blocking' conditions in the New Zealand region and a more poleward average latitude for the Southern Ocean storm track. The unprecedented heatwave provides a good analogue for possible mean conditions in the late 21st century. The best match suggests this extreme summer may be typical of average New Zealand summer climate for 2081-2100, under the RCP4.5 or RCP6.0 scenario.","Salinger, M. James; Renwick, James; Behrens, Erik; Mullan, A. Brett; Diamond, Howard J.; Sirguey, Pascal; Smith, Robert O.; Trought, Michael C.T.; Alexander, Lisa; Cullen, Nicolas J.; Fitzharris, B. Blair; Hepburn, Christopher D.; Parker, Amber K.; Sutton, Phil J.","9,10,11,12,14"
Meridional oceanic heat transport influences marine heatwaves in the Tasman Sea on interannual to decadal timescales,Frontiers in Marine Science,2019-01-01,6,APR,,10.3389/fmars.2019.00228,ar,Article,66,2-s2.0-85064716556,,1,"Marine heatwaves pose an increasing threat to the ocean's wellbeing as global warming progresses. Forecasting marine heatwaves is challenging due to the various factors that affect their occurrence, including large variability in the atmospheric state. In this study we demonstrate a causal link between ocean heat content and the area and intensity of marine heatwaves in the Tasman Sea on interannual to decadal time scales. Ocean heat content variations are more persistent than 'weather-related' atmospheric drivers (e.g. blocking high pressure systems) for marine heatwaves and thus provide better predictive skill on timescales longer than weeks. Using data from a forced global ocean sea-ice model, we show that ocean heat content fluctuations in the Tasman Sea are predominantly controlled by oceanic meridional heat transport from the subtropics, which in turn, is mainly characterized by the interplay of the East Australian Current and the Tasman Front. Variability in these currents is impacted by wind stress curl anomalies north of this region, following Sverdrup's and Godfrey's 'Island Rule' theories. Data from models and observations show that periods with positive upper (2000m) ocean heat content anomalies or rapid increases in ocean heat content are characterized by more frequent, larger, longer and more intense marine heatwaves on interannual to decadal timescales. Thus, the oceanic heat content in the Tasman Sea acts as a preconditioner and has a prolonged predictive skill compared to the atmospheric state (e.g. surface heat fluxes), making ocean heat content a useful indicator and measure of the likelihood of marine heatwaves.","Behrens, Erik; Fernandez, Denise; Sutton, Philip","9,14,15"
Marine heatwaves under global warming,Nature,2018-08-16,560,7718,360-364,10.1038/s41586-018-0383-9,ar,Article,1349,2-s2.0-85051643971,30111788,0,"Marine heatwaves (MHWs) are periods of extreme warm sea surface temperature that persist for days to months1 and can extend up to thousands of kilometres2. Some of the recently observed marine heatwaves revealed the high vulnerability of marine ecosystems3–11 and fisheries12–14 to such extreme climate events. Yet our knowledge about past occurrences15 and the future progression of MHWs is very limited. Here we use satellite observations and a suite of Earth system model simulations to show that MHWs have already become longer-lasting and more frequent, extensive and intense in the past few decades, and that this trend will accelerate under further global warming. Between 1982 and 2016, we detect a doubling in the number of MHW days, and this number is projected to further increase on average by a factor of 16 for global warming of 1.5 degrees Celsius relative to preindustrial levels and by a factor of 23 for global warming of 2.0 degrees Celsius. However, current national policies for the reduction of global carbon emissions are predicted to result in global warming of about 3.5 degrees Celsius by the end of the twenty-first century16, for which models project an average increase in the probability of MHWs by a factor of 41. At this level of warming, MHWs have an average spatial extent that is 21 times bigger than in preindustrial times, last on average 112 days and reach maximum sea surface temperature anomaly intensities of 2.5 degrees Celsius. The largest changes are projected to occur in the western tropical Pacific and Arctic oceans. Today, 87 per cent of MHWs are attributable to human-induced warming, with this ratio increasing to nearly 100 per cent under any global warming scenario exceeding 2 degrees Celsius. Our results suggest that MHWs will become very frequent and extreme under global warming, probably pushing marine organisms and ecosystems to the limits of their resilience and even beyond, which could cause irreversible changes.","Frölicher, Thomas L.; Fischer, Erich M.; Gruber, Nicolas","1,7,10,12,15"
8. The high latitude marine heat wave of 2016 and its impacts on Alaska,Bulletin of the American Meteorological Society,2018-01-01,99,1,S39-S43,10.1175/BAMS-D-17-0105.1,ar,Article,141,2-s2.0-85050127633,,0,,"Walsh, John E.; Thoman, Richard L.; Bhatt, Uma S.; Bieniek, Peter A.; Brettschneider, Brian; Brubaker, Michael; Danielson, Seth; Lader, Rick; Fetterer, Florence; Holderied, Kris; Iken, Katrin; Mahoney, Andy; McCammon, Molly; Partain, James","1,10,12,14"
Expansion of corals on temperate reefs: direct and indirect effects of marine heatwaves,Coral Reefs,2017-09-01,36,3,947-956,10.1007/s00338-017-1586-5,ar,Article,60,2-s2.0-85018941425,,2,"Globally, many temperate marine communities have experienced significant temperature increases over recent decades in the form of gradual warming and heatwaves. As a result, these communities are shifting towards increasingly subtropical and tropical species compositions. Expanding coral populations have been reported from several temperate reef ecosystems along warming coastlines; these changes have been attributed to direct effects of gradual warming over decades. In contrast, increases in coral populations following shorter-term extreme warming events have rarely been documented. In this study, we compared coral populations on 17 temperate reefs in Western Australia before (2005/06) and after (2013) multiple marine heatwaves (2010–2012) affected the entire coastline. We hypothesised that coral communities would expand and change as a consequence of increasing local populations and recruitment of warm-affinity species. We found differences in coral community structure over time, driven primarily by a fourfold increase of one local species, Plesiastrea versipora, rather than recruitment of warm-affinity species. Coral populations became strongly dominated by small size classes, indicative of recent increased recruitment or recruit survival. These changes were likely facilitated by competitive release of corals from dominant temperate seaweeds, which perished during the heatwaves, rather than driven by direct temperature effects. Overall, as corals are inherently warm-water taxa not commonly associated with seaweed-dominated temperate reefs, these findings are consistent with a net tropicalisation. Our study draws attention to processes other than gradual warming that also influence the trajectory of temperate reefs in a changing ocean.","Tuckett, C. A.; de Bettignies, T.; Fromont, J.; Wernberg, T.","12,14"
The impact of future sea-level rise on the global tides,Continental Shelf Research,2017-06-15,142,,50-68,10.1016/j.csr.2017.02.004,ar,Article,207,2-s2.0-85017093271,,1,"Tides are a key component in coastal extreme water levels. Possible changes in the tides caused by mean sea-level rise (SLR) are therefore of importance in the analysis of coastal flooding, as well as many other applications. We investigate the effect of future SLR on the tides globally using a fully global forward tidal model: OTISmpi. Statistical comparisons of the modelled and observed tidal solutions demonstrate the skill of the refined model setup with no reliance on data assimilation. We simulate the response of the four primary tidal constituents to various SLR scenarios. Particular attention is paid to future changes at the largest 136 coastal cities, where changes in water level would have the greatest impact. Spatially uniform SLR scenarios ranging from 0.5 to 10 m with fixed coastlines show that the tidal amplitudes in shelf seas globally respond strongly to SLR with spatially coherent areas of increase and decrease. Changes in the M2 and S2 constituents occur globally in most shelf seas, whereas changes in K1 and O1 are confined to Asian shelves. With higher SLR tidal changes are often not proportional to the SLR imposed and larger portions of mean high water (MHW) changes are above proportional. Changes in MHW exceed ±10% of the SLR at ~10% of coastal cities. SLR scenarios allowing for coastal recession tend increasingly to result in a reduction in tidal range. The fact that the fixed and recession shoreline scenarios result mainly in changes of opposing sign is explained by the effect of the perturbations on the natural period of oscillation of the basin. Our results suggest that coastal management strategies could influence the sign of the tidal amplitude change. The effect of a spatially varying SLR, in this case fingerprints of the initial elastic response to ice mass loss, modestly alters the tidal response with the largest differences at high latitudes.","Pickering, M. D.; Horsburgh, K. J.; Blundell, J. R.; Hirschi, J. J.M.; Nicholls, R. J.; Verlaan, M.; Wells, N. C.",16
Reduced calcification in Western Australian corals during anomalously high summer water temperatures,Journal of Experimental Marine Biology and Ecology,2014-01-01,461,,133-143,10.1016/j.jembe.2014.07.014,ar,Article,35,2-s2.0-84906513736,,0,"Here we report the seasonal response of calcification rates over two years, for three coral species (Acropora pulchra, Pocillopora damicornis and Goniastrea aspera), to anomalously warm summer water temperatures (2012 and 2013), following the most severe marine heat wave on record (2010-2011). The study sites at Coral Bay (Ningaloo Reef), the Houtman Abrolhos Islands and Marmion Reef (Perth) spanned over 10° of latitude and ranged from tropical to temperate habitats. Calcification rates were determined using repeated measurements of buoyant weight normalized to surface area and rates were monitored over two winters and two summers from 2011 to 2013. Average growth rates followed predicted latitudinal trends, with the fastest growth in the tropics (Coral Bay) and slowest growth rates in the temperate zone (Marmion). However, calcification rates did not show the expected seasonality (higher in summer, lower in winter), even at high latitude locations. Instead, there was either little difference between summer and winter growth or growth was slower in the summer (on average, a reduction of ~. 40% across locations and species). Additionally, differences in species growth rates did not follow expected trends, with usually fast growing branching corals not calcifying much faster than the normally slower growing massive corals (A. pulchra, grew ~. 40% faster than G. aspera, which grew ~. 6% faster than P. damicornis across all latitudes and seasons). Survival rates were also reduced in the summer months, while among species, P. damicornis had the lowest survival and G. aspera the highest. We conclude that high temperature stress through the summers of 2011 to 2013 was the most likely cause for the lack of seasonality in calcification rates, the similarity in calcification rates among species and the increased mortality of susceptible species in the summer months. The effect of prolonged elevated temperature anomalies (1.5 to 3. °C) on the growth and survival of colonies over consecutive years was often greater than the fundamental influences of season and species, highlighting the extent to which climate change could now be re-structuring the life histories of corals on Western Australian reefs. © 2014 Elsevier B.V.","Foster, T.; Short, J. A.; Falter, J. L.; Ross, C.; McCulloch, M. T.","10,12,14"
Phytosociology of beach and salt marsh vegetation in northern West Greenland,Polarforschung,2006-12-01,76,3,95-108,,ar,Article,15,2-s2.0-40749143181,,0,"Beach and salt marsh vegetation of the Uummannaq District, northern West Greenland (c. 70° 15' N - 72° N, 49° W - 54° W) was studied 1998 according to the Braun-Blanquet phytosociological approach. Habitat analyses included soil chemistry. Such vegetation locally occurs and is not developed over extensive areas. On gravely stony beaches a Mertensia maritima ssp. maritima community occurs, while a Honckenya peploides var. diffusa community is confined to sandy beaches. The association Honckenyo diffusae-Elymetum mollis Thannh. 1975 is confined to sandy shore walls and low dunes. All vegetation types are assigned to the alliance Honckenyo-Elymion arenariae Tx. 1966, which again is a unit of the order HonckenyoElymetalia arenariae Tx. 1966, which is sub ordered to the class Honckenyo-Elymetea arenariae Tx. 1966. On fine sediments along sheltered coasts salt marsh vegetation is locally developed mainly on fiord deltas and outwash plains of small rivers and streams. A distinct zonation pattern in vegetation can be observed from the lower to upper salt marsh: Puccinellietum phryganodis Hadač 1946 association, Caricetum subspathaceae Hadač 1946 association, Caricetum ursinae Hadač 1946 association (all assigned to the alliance Puccinellion phryganodis Hadač 1946) and Festuco-Caricetum glareosae Nordh. 1954 association (assigned to the alliance Armerion maritimae Br.-Bl. et de Leeuw 1936). Both alliances are units of the order Glauco-Puccinellietalia Beeftink et Westhoff in Beeftink 1965, which is assigned to the class Asteretea tripolii Westhoffet Beeftink in Beeftink 1962. TWINSPAN and CCA support the vegetation classification and the CCA with soil chemistry parameters shows that salinity (related to position above MHW) and Ncontent are strongly correlated with the floristical differentiation of the vegetation of the Honckenyo-Elymetea class. In the Asteretea tripolii class, position above MHW (negatively correlated with pH, conductivity and Clcontent) and fresh water supply are likely the main factors, which affect vegetation differentiation. A synoptic survey of vegetation types from Greenland based on published phytosociological tables is presented and distribution of the vegetation types is addressed, just as their position in a circumpolar context. Moreover a Cochlearia groenlandica-Melandrium triflorum community is described as a new vegetation type, occurring on shallow soil on cliffs influenced by salt spray.","Lepping, Ortrun; Daniels, Fred J.A.","1,16"
